Workbook

Sheet (ΒΑΘΜΟΛΟΓΙΕΣ 2026Α)
A1: ΠΑΠΑΔΟΠΟΥΛΟΣ ΑΝΤΩΝΙΟΣ | B1: ΕΡΓΑΣΙΑ 20% | C1: ΤΕΛΙΚΗ ΕΞΕΤΑΣΗ 80% | D1: ΤΕΛΙΚΟΣ ΒΑΘΜΟΣ | G1: ΕΣΩΤΕΡΙΚΗ ΑΡΧΙΚΤΕΚΤΟΝΙΚΗ ΔΙΑΚΟΣΜΗΣΗ ΚΑΙ ΣΧΕΔΙΑΣΜΟΣ ΑΝΤΙΚΕΙΜΕΝΩΝ ΕΤΟΣ
A2: ΑΝΑΓΕΝΝΗΣΗ ΚΑΙ ΝΕΟΤΕΡΗ ΤΕΧΝΗ | B2: 10 | C2: 9 | D2: 9
A3: ΔΙΣΔΙΑΣΤΑΤΗ ΨΗΦΙΑΚΗ ΣΧΕΔΙΑΣΗ | B3: 9 | C3: 10 | D3: 10
A4: ΔΟΜΙΚΑ ΣΤΟΙΧΕΙΑ ΕΣΩΤΕΡΙΚΩΝ ΧΩΡΩΝ | B4: 10 | C4: 8 | D4: 8
A5: ΜΕΘΟΔΟΛΟΓΙΑ ΜΕΛΕΤΗΣ ΔΙΑΚΟΣΜΗΣΗΣ | B5: 10 | C5: 8 | D5: 8
A6: ΠΑΡΑΓΩΓΑ ΥΛΙΚΑ | B6: 10 | C6: 10 | D6: 10
A7: ΠΡΑΚΤΙΚΗ ΕΦΑΡΜΟΓΗ ΣΕ ΧΩΡΟΥΣ ΚΑΤΟΙΚΙΑΣ | B7: 10 | C7: 9 | D7: 9
A8: ΤΡΙΣΔΙΑΣΤΑΤΗ ΔΙΑΚΟΣΜΗΤΙΚΗ | B8: 7 | C8: 9 | D8: 9
A10: ΑΝΑΣΤΑΣΙΑΔΗ ΝΙΚΟΛΕΤΑ | B10: ΕΡΓΑΣΙΑ 20% | C10: ΤΕΛΙΚΗ ΕΞΕΤΑΣΗ 80% | D10: ΤΕΛΙΚΟΣ ΒΑΘΜΟΣ
A11: ΑΝΑΓΕΝΝΗΣΗ ΚΑΙ ΝΕΟΤΕΡΗ ΤΕΧΝΗ | B11: 8 | C11: 8 | D11: 8
A12: ΔΙΣΔΙΑΣΤΑΤΗ ΨΗΦΙΑΚΗ ΣΧΕΔΙΑΣΗ | B12: 6 | C12: 10 | D12: 9
A13: ΔΟΜΙΚΑ ΣΤΟΙΧΕΙΑ ΕΣΩΤΕΡΙΚΩΝ ΧΩΡΩΝ | B13: 9 | C13: 10 | D13: 10
A14: ΜΕΘΟΔΟΛΟΓΙΑ ΜΕΛΕΤΗΣ ΔΙΑΚΟΣΜΗΣΗΣ | B14: 10 | C14: 10 | D14: 10
A15: ΠΑΡΑΓΩΓΑ ΥΛΙΚΑ | B15: 10 | C15: 9 | D15: 9
A16: ΠΡΑΚΤΙΚΗ ΕΦΑΡΜΟΓΗ ΣΕ ΧΩΡΟΥΣ ΚΑΤΟΙΚΙΑΣ | B16: 10 | C16: 9 | D16: 9
A17: ΤΡΙΣΔΙΑΣΤΑΤΗ ΔΙΑΚΟΣΜΗΤΙΚΗ | B17: 7 | C17: 8 | D17: 8
A19: ΚΟΥΤΣΟΓΙΑΝΝΑΚΗΣ ΙΩΑΝΝΗΣ | B19: ΕΡΓΑΣΙΑ 20% | C19: ΤΕΛΙΚΗ ΕΞΕΤΑΣΗ 80% | D19: ΤΕΛΙΚΟΣ ΒΑΘΜΟΣ
A20: ΑΝΑΓΕΝΝΗΣΗ ΚΑΙ ΝΕΟΤΕΡΗ ΤΕΧΝΗ | B20: 8 | C20: 6 | D20: 6
A21: ΔΙΣΔΙΑΣΤΑΤΗ ΨΗΦΙΑΚΗ ΣΧΕΔΙΑΣΗ | B21: 6 | C21: 8 | D21: 8
A22: ΔΟΜΙΚΑ ΣΤΟΙΧΕΙΑ ΕΣΩΤΕΡΙΚΩΝ ΧΩΡΩΝ | B22: 8 | C22: 9 | D22: 9
A23: ΜΕΘΟΔΟΛΟΓΙΑ ΜΕΛΕΤΗΣ ΔΙΑΚΟΣΜΗΣΗΣ | B23: 10 | C23: 9 | D23: 9
A24: ΠΑΡΑΓΩΓΑ ΥΛΙΚΑ | B24: 10 | C24: 7 | D24: 8
A25: ΠΡΑΚΤΙΚΗ ΕΦΑΡΜΟΓΗ ΣΕ ΧΩΡΟΥΣ ΚΑΤΟΙΚΙΑΣ | B25: 8 | C25: 7 | D25: 7
A26: ΤΡΙΣΔΙΑΣΤΑΤΗ ΔΙΑΚΟΣΜΗΤΙΚΗ | B26: 10 | C26: 7 | D26: 8
A28: ΠΕΡΗΦΑΝΟΥ ΕΙΡΗΝΗ | B28: ΕΡΓΑΣΙΑ 20% | C28: ΤΕΛΙΚΗ ΕΞΕΤΑΣΗ 80% | D28: ΤΕΛΙΚΟΣ ΒΑΘΜΟΣ
A29: ΑΝΑΓΕΝΝΗΣΗ ΚΑΙ ΝΕΟΤΕΡΗ ΤΕΧΝΗ | B29: 10 | C29: 9 | D29: 9
A30: ΔΙΣΔΙΑΣΤΑΤΗ ΨΗΦΙΑΚΗ ΣΧΕΔΙΑΣΗ | B30: 8 | C30: 10 | D30: 10
A31: ΔΟΜΙΚΑ ΣΤΟΙΧΕΙΑ ΕΣΩΤΕΡΙΚΩΝ ΧΩΡΩΝ | B31: 10 | C31: 10 | D31: 10
A32: ΜΕΘΟΔΟΛΟΓΙΑ ΜΕΛΕΤΗΣ ΔΙΑΚΟΣΜΗΣΗΣ | B32: 10 | C32: 10 | D32: 10
A33: ΠΑΡΑΓΩΓΑ ΥΛΙΚΑ | B33: 10 | C33: 10 | D33: 10
A34: ΠΡΑΚΤΙΚΗ ΕΦΑΡΜΟΓΗ ΣΕ ΧΩΡΟΥΣ ΚΑΤΟΙΚΙΑΣ | B34: 10 | C34: 10 | D34: 10
A35: ΤΡΙΣΔΙΑΣΤΑΤΗ ΔΙΑΚΟΣΜΗΤΙΚΗ | B35: 10 | C35: 10 | D35: 10
A38: ΧΑΪΝΑΚΗ ΕΥΑ | B38: ΕΡΓΑΣΙΑ 20% | C38: ΤΕΛΙΚΗ ΕΞΕΤΑΣΗ 80% | D38: ΤΕΛΙΚΟΣ ΒΑΘΜΟΣ
A39: ΑΝΑΓΕΝΝΗΣΗ ΚΑΙ ΝΕΟΤΕΡΗ ΤΕΧΝΗ | B39: 10 | C39: 10 | D39: 10
A40: ΔΙΣΔΙΑΣΤΑΤΗ ΨΗΦΙΑΚΗ ΣΧΕΔΙΑΣΗ | B40: 9 | C40: 10 | D40: 10
A41: ΔΟΜΙΚΑ ΣΤΟΙΧΕΙΑ ΕΣΩΤΕΡΙΚΩΝ ΧΩΡΩΝ | B41: 10 | C41: 10 | D41: 10
A42: ΜΕΘΟΔΟΛΟΓΙΑ ΜΕΛΕΤΗΣ ΔΙΑΚΟΣΜΗΣΗΣ | B42: 10 | C42: 10 | D42: 10
A43: ΠΑΡΑΓΩΓΑ ΥΛΙΚΑ | B43: 10 | C43: 10 | D43: 10
A44: ΠΡΑΚΤΙΚΗ ΕΦΑΡΜΟΓΗ ΣΕ ΧΩΡΟΥΣ ΚΑΤΟΙΚΙΑΣ | B44: 10 | C44: 9 | D44: 9
A45: ΤΡΙΣΔΙΑΣΤΑΤΗ ΔΙΑΚΟΣΜΗΤΙΚΗ | B45: 10 | C45: 8 | D45: 8
A47: ΑΝΤΩΝΑΚΑΚΗ ΕΛΕΝΗ | B47: ΕΡΓΑΣΙΑ 20% | C47: ΤΕΛΙΚΗ ΕΞΕΤΑΣΗ 80% | D47: ΤΕΛΙΚΟΣ ΒΑΘΜΟΣ | G47: ΕΣΩΤΕΡΙΚΗ ΑΡΧΙΚΤΕΚΤΟΝΙΚΗ ΔΙΑΚΟΣΜΗΣΗ ΚΑΙ ΣΧΕΔΙΑΣΜΟΣ ΑΝΤΙΚΕΙΜΕΝΩΝ 2 ΕΤΟΣ
A48: ΔΙΑΚΟΣΜΗΤΙΚΕΣ ΜΕΤΑΒΛΗΤΕΣ ΕΦΑΡΜΟΓΕΣ | B48: 5 | C48: 9 | D48: 8
A49: ΔΙΑΚΟΣΜΗΤΙΚΟ ΣΧΕΔΙΟ - ΦΩΤΙΣΜΟΣ | B49: 7 | C49: 10 | D49: 9
A50: ΟΡΓΑΝΩΣΗ ΕΡΓΑΣΙΩΝ ΕΡΓΟΥ | B50: 10 | C50: 10 | D50: 10
A51: ΠΡΑΚΤΙΚΗ ΕΦΑΡΜΟΓΗ ΣΕ ΧΩΡΟΥΣ ΦΙΛΟΞΕΝΙΑΣ | B51: 8 | C51: 8 | D51: 8
A52: ΨΗΦΙΑΚΟΣ ΦΩΤΟΡΕΑΛΙΣΜΟΣ | B52: 8 | C52: 7 | D52: 7
A54: ΑΠΟΣΤΟΛΑΚΗ ΑΝΑΣΤΑΣΙΑ | B54: ΕΡΓΑΣΙΑ 20% | C54: ΤΕΛΙΚΗ ΕΞΕΤΑΣΗ 80% | D54: ΤΕΛΙΚΟΣ ΒΑΘΜΟΣ
A55: ΔΙΑΚΟΣΜΗΤΙΚΕΣ ΜΕΤΑΒΛΗΤΕΣ ΕΦΑΡΜΟΓΕΣ | B55: 9 | C55: 9 | D55: 9
A56: ΔΙΑΚΟΣΜΗΤΙΚΟ ΣΧΕΔΙΟ - ΦΩΤΙΣΜΟΣ | B56: 1 | C56: 9 | D56: 7
A57: ΟΡΓΑΝΩΣΗ ΕΡΓΑΣΙΩΝ ΕΡΓΟΥ | B57: 7 | C57: 9 | D57: 9
A58: ΠΡΑΚΤΙΚΗ ΕΦΑΡΜΟΓΗ ΣΕ ΧΩΡΟΥΣ ΦΙΛΟΞΕΝΙΑΣ | B58: 8 | C58: 10 | D58: 10
A59: ΨΗΦΙΑΚΟΣ ΦΩΤΟΡΕΑΛΙΣΜΟΣ | B59: 1 | C59: 7 | D59: 6
A61: ΑΡΦΑΝΑΚΗ ΜΑΡΙΑ | B61: ΕΡΓΑΣΙΑ 20% | C61: ΤΕΛΙΚΗ ΕΞΕΤΑΣΗ 80% | D61: ΤΕΛΙΚΟΣ ΒΑΘΜΟΣ
A62: ΔΙΑΚΟΣΜΗΤΙΚΕΣ ΜΕΤΑΒΛΗΤΕΣ ΕΦΑΡΜΟΓΕΣ | B62: 9 | C62: 9 | D62: 9
A63: ΔΙΑΚΟΣΜΗΤΙΚΟ ΣΧΕΔΙΟ - ΦΩΤΙΣΜΟΣ | B63: 9 | C63: 10 | D63: 10
A64: ΟΡΓΑΝΩΣΗ ΕΡΓΑΣΙΩΝ ΕΡΓΟΥ | B64: 10 | C64: 10 | D64: 10
A65: ΠΡΑΚΤΙΚΗ ΕΦΑΡΜΟΓΗ ΣΕ ΧΩΡΟΥΣ ΦΙΛΟΞΕΝΙΑΣ | B65: 10 | C65: 9 | D65: 9
A66: ΨΗΦΙΑΚΟΣ ΦΩΤΟΡΕΑΛΙΣΜΟΣ | B66: 10 | C66: 10 | D66: 10
A68: ΒΑΣΙΛΕΙΑΔΗ ΦΩΤΕΙΝΗ | B68: ΕΡΓΑΣΙΑ 20% | C68: ΤΕΛΙΚΗ ΕΞΕΤΑΣΗ 80% | D68: ΤΕΛΙΚΟΣ ΒΑΘΜΟΣ
A69: ΔΙΑΚΟΣΜΗΤΙΚΕΣ ΜΕΤΑΒΛΗΤΕΣ ΕΦΑΡΜΟΓΕΣ | B69: 10 | C69: 9 | D69: 9
A70: ΔΙΑΚΟΣΜΗΤΙΚΟ ΣΧΕΔΙΟ - ΦΩΤΙΣΜΟΣ | B70: 8 | C70: 10 | D70: 10
A71: ΟΡΓΑΝΩΣΗ ΕΡΓΑΣΙΩΝ ΕΡΓΟΥ | B71: 10 | C71: 10 | D71: 10
A72: ΠΡΑΚΤΙΚΗ ΕΦΑΡΜΟΓΗ ΣΕ ΧΩΡΟΥΣ ΦΙΛΟΞΕΝΙΑΣ | B72: 9 | C72: 9 | D72: 9
A73: ΨΗΦΙΑΚΟΣ ΦΩΤΟΡΕΑΛΙΣΜΟΣ | B73: 10 | C73: 10 | D73: 10
A75: ΓΕΩΡΓΙΟΥΔΑΚΗ ΕΛΕΝΗ | B75: ΕΡΓΑΣΙΑ 20% | C75: ΤΕΛΙΚΗ ΕΞΕΤΑΣΗ 80% | D75: ΤΕΛΙΚΟΣ ΒΑΘΜΟΣ
A76: ΔΙΑΚΟΣΜΗΤΙΚΕΣ ΜΕΤΑΒΛΗΤΕΣ ΕΦΑΡΜΟΓΕΣ | B76: - | C76: - | D76: -
A77: ΔΙΑΚΟΣΜΗΤΙΚΟ ΣΧΕΔΙΟ - ΦΩΤΙΣΜΟΣ | B77: - | C77: - | D77: -
A78: ΟΡΓΑΝΩΣΗ ΕΡΓΑΣΙΩΝ ΕΡΓΟΥ | B78: - | C78: - | D78: -
A79: ΠΡΑΚΤΙΚΗ ΕΦΑΡΜΟΓΗ ΣΕ ΧΩΡΟΥΣ ΦΙΛΟΞΕΝΙΑΣ | B79: - | C79: - | D79: -
A80: ΨΗΦΙΑΚΟΣ ΦΩΤΟΡΕΑΛΙΣΜΟΣ | B80: - | C80: - | D80: -
A82: ΔΑΣΚΑΛΑΚΗ-ΙΕΡΑΠΕΤΡΙΤΑΚΗ ΡΑΦΑΕΛΑ | B82: ΕΡΓΑΣΙΑ 20% | C82: ΤΕΛΙΚΗ ΕΞΕΤΑΣΗ 80% | D82: ΤΕΛΙΚΟΣ ΒΑΘΜΟΣ
A83: ΔΙΑΚΟΣΜΗΤΙΚΕΣ ΜΕΤΑΒΛΗΤΕΣ ΕΦΑΡΜΟΓΕΣ | B83: 10 | C83: 10 | D83: 10
A84: ΔΙΑΚΟΣΜΗΤΙΚΟ ΣΧΕΔΙΟ - ΦΩΤΙΣΜΟΣ | B84: 9 | C84: 10 | D84: 10
A85: ΟΡΓΑΝΩΣΗ ΕΡΓΑΣΙΩΝ ΕΡΓΟΥ | B85: 10 | C85: 9 | D85: 9
A86: ΠΡΑΚΤΙΚΗ ΕΦΑΡΜΟΓΗ ΣΕ ΧΩΡΟΥΣ ΦΙΛΟΞΕΝΙΑΣ | B86: 10 | C86: 10 | D86: 10
A87: ΨΗΦΙΑΚΟΣ ΦΩΤΟΡΕΑΛΙΣΜΟΣ | B87: 10 | C87: 10 | D87: 10
A89: ΖΑΧΑΡΑΚΗΣ ΝΙΚΟΛΑΟΣ | B89: ΕΡΓΑΣΙΑ 20% | C89: ΤΕΛΙΚΗ ΕΞΕΤΑΣΗ 80% | D89: ΤΕΛΙΚΟΣ ΒΑΘΜΟΣ
A90: ΔΙΑΚΟΣΜΗΤΙΚΕΣ ΜΕΤΑΒΛΗΤΕΣ ΕΦΑΡΜΟΓΕΣ | B90: 10 | C90: 9 | D90: 9
A91: ΔΙΑΚΟΣΜΗΤΙΚΟ ΣΧΕΔΙΟ - ΦΩΤΙΣΜΟΣ | B91: 10 | C91: 10 | D91: 10
A92: ΟΡΓΑΝΩΣΗ ΕΡΓΑΣΙΩΝ ΕΡΓΟΥ | B92: 10 | C92: 10 | D92: 10
A93: ΠΡΑΚΤΙΚΗ ΕΦΑΡΜΟΓΗ ΣΕ ΧΩΡΟΥΣ ΦΙΛΟΞΕΝΙΑΣ | B93: 10 | C93: 10 | D93: 10
A94: ΨΗΦΙΑΚΟΣ ΦΩΤΟΡΕΑΛΙΣΜΟΣ | B94: 9 | C94: 9 | D94: 9
A96: ΦΑΡΣΑΡΗ ΒΑΣΙΛΙΚΗ | B96: ΕΡΓΑΣΙΑ 20% | C96: ΤΕΛΙΚΗ ΕΞΕΤΑΣΗ 80% | D96: ΤΕΛΙΚΟΣ ΒΑΘΜΟΣ
A97: ΔΙΑΚΟΣΜΗΤΙΚΕΣ ΜΕΤΑΒΛΗΤΕΣ ΕΦΑΡΜΟΓΕΣ | B97: 9 | C97: 8 | D97: 8
A98: ΔΙΑΚΟΣΜΗΤΙΚΟ ΣΧΕΔΙΟ - ΦΩΤΙΣΜΟΣ | B98: 7 | C98: 9 | D98: 9
A99: ΟΡΓΑΝΩΣΗ ΕΡΓΑΣΙΩΝ ΕΡΓΟΥ | B99: 10 | C99: 9 | D99: 9
A100: ΠΡΑΚΤΙΚΗ ΕΦΑΡΜΟΓΗ ΣΕ ΧΩΡΟΥΣ ΦΙΛΟΞΕΝΙΑΣ | B100: 9 | C100: 10 | D100: 10
A101: ΨΗΦΙΑΚΟΣ ΦΩΤΟΡΕΑΛΙΣΜΟΣ | B101: 10 | C101: 10 | D101: 10
A103: ΦΡΑΓΚΙΑΔΑΚΗ ΣΤΥΛΙΑΝΗ | B103: ΕΡΓΑΣΙΑ 20% | C103: ΤΕΛΙΚΗ ΕΞΕΤΑΣΗ 80% | D103: ΤΕΛΙΚΟΣ ΒΑΘΜΟΣ
A104: ΔΙΑΚΟΣΜΗΤΙΚΕΣ ΜΕΤΑΒΛΗΤΕΣ ΕΦΑΡΜΟΓΕΣ | B104: 10 | C104: 9 | D104: 9
A105: ΔΙΑΚΟΣΜΗΤΙΚΟ ΣΧΕΔΙΟ - ΦΩΤΙΣΜΟΣ | B105: 8 | C105: 10 | D105: 10
A106: ΟΡΓΑΝΩΣΗ ΕΡΓΑΣΙΩΝ ΕΡΓΟΥ | B106: 10 | C106: 10 | D106: 10
A107: ΠΡΑΚΤΙΚΗ ΕΦΑΡΜΟΓΗ ΣΕ ΧΩΡΟΥΣ ΦΙΛΟΞΕΝΙΑΣ | B107: 10 | C107: 10 | D107: 10
A108: ΨΗΦΙΑΚΟΣ ΦΩΤΟΡΕΑΛΙΣΜΟΣ | B108: 9 | C108: 10 | D108: 10
A110: ΚΕΝΔΡΙΣΤΑΚΗ ΚΛΕΙΩ | B110: ΕΡΓΑΣΙΑ 20% | C110: ΤΕΛΙΚΗ ΕΞΕΤΑΣΗ 80% | D110: ΤΕΛΙΚΟΣ ΒΑΘΜΟΣ | G110: ΣΤΕΛΕΧΟΣ ΔΙΟΙΚΗΣΗΣ ΚΑΙ ΟΙΚΟΝΟΜΙΑΣ
A111: ΕΙΔΙΚΑ ΘΕΜΑΤΑ ΓΕΝΙΚΗΣ ΛΟΓΙΣΤΙΚΗΣ | B111: 1 | C111: 10 | D111: 8
A112: ΕΙΔΙΚΑ ΘΕΜΑΤΑ ΔΙΟΙΚΗΣΗΣ ΕΠΙΧΕΙΡΗΣΕΩΝ | B112: 1 | C112: 8 | D112: 7
A113: ΕΙΔΙΚΑ ΘΕΜΑΤΑ ΟΙΚΟΝΟΜΙΚΩΝ ΜΑΘΗΜΑΤΙΚΩΝ | B113: 7 | C113: 7 | D113: 7
A114: ΕΙΔΙΚΑ ΘΕΜΑΤΑ ΣΤΑΤΙΣΤΙΚΗΣ | B114: 7 | C114: 9 | D114: 9
A115: ΕΜΠΟΡΙΚΟ ΔΙΚΑΙΟ | B115: 5 | C115: 5 | D115: 5
...

Sheet ΠΕΡΙΕΧΟΜΕΝΑ - ΕΞΗΓΗΣΗ EXCEL 
A1: ΑΡΙΘΜΟΣ ΦΥΛΛΟΥ | B1: ΟΝΟΜΑΣΙΑ | C1: ΠΕΡΙΓΡΑΦΗ
A2: - | B2: (ΟΝΟΜΑ ΦΥΛΛΟΥ) | C2: Οπουδήποτε (αρχή, μέση, τέλος) βρίσκεται ή βρίσκονται φύλλο ή φύλλα που δεν έχει ή έχουν χρώμμα και είναι μέσα σε εισαγωγικά, είναι πρόχειρο και δουλέυεται εκείνη την περιόδο για αυτό υπάρχει, για παράδειγμα (ΒΑΘΜΟΛΟΓΙΕΣ 2026Α). Μετά την ολοκλρήρωση της δουλείας του θα διαγραφεί εντελώς ή θα μετακινηθεί το περιεχόμενο του σε άλλο ήδη υπάρχον φύλλο.
A3: 1 | B3: ΠΕΡΙΕΧΟΜΕΝΑ - ΕΞΗΓΗΣΗ EXCEL | C3: Στο φύλλο περιέχονται πληροφορίες που είναι χρήσιμες για την κατανόηση του συγκεκριμένου excel αρχείου
A4: 2 | B4: ΟΔΗΓΙΕΣ ΕΡΓΑΣΙΑΣ | C4: Στο φύλλο ΟΔΗΓΙΕΣ ΕΡΓΑΣΙΑΣ υπάρχουν οδηγίες για ΛΑΖΑΡΟ(Αποθηκευτικός Χώρος), ΠΗΓΑΣΟ (Πληροφοριακό Σύστημα Υπουργείου) και ECLASS (Εκπαιδευτική Πλατφόρμα)
A5: 3 | B5: ΘΕΜΑΤΑ ΠΡΟΣ ΕΠΙΛΥΣΗ | C5: Στο φύλλο περιέχονται παρατηρήσεις που είτε δεν αφορούν το άτομο που τις λαμβάνει, είτε δεν είναι για άμεση διευθέτηση για να μην ξεχαστούν.
A6: 4 | B6: ΕΝΗΜΕΡΩΣΗ ΚΑΤΑΣΤΑΣΗΣ Κ.ΚΑΘΑΡΑΚΗ | C6: Στο φύλλο περιέχονταιι πληροφορίες για τις νέες εγγραφές και για τους υπάρχοντες σπουδαστές και χρησιμέυει για όταν μας ρωτάει ο κ.Καθαράκης να έχουμε σύντομα μια εικόνα και να τον ενημερώνουμε
A7: 5 | B7: ΕΚΔΗΛΩΣΕΙΣ ΕΝΔΙΑΦΕΡΟΝΤΟΣ | C7: Στο φύλλο περιέχονται πληροφορίες για τις εκδηλώσεις ενδιαφέροντος. Εχει και πινακάκι με τα στατιστικά και λεεί από που μάθανε για την ΙΣΑΕΚ κλπ. Περιέχει όλες τις εκδηλώσεις ενδιαφέροντος από 26/06/2025.
A8: 6 | B8: ΚΑΤΑΣΤΑΣΗ ΣΠΟΥΔΑ ΚΑΙ ΕΚΠΑΙΔ | C8: Στο φύλλο κατάσταση σπουδα και εκπαιδ, περιέχονται πληροφορίες όπως ποιοι είναι οι σπουδαστές ανά τμήμα και οι εκπαιδευτές γενικα στοιχεία τους και απουσιές. Επίσης περιλαμβάνονται στοιχεία και για τους απόφοιτους που έχουν τελειώσει, για να υπάρχουν συγκεντρωμένα όλα σε ένα φύλλο.
A9: 7 | B9: ECLASS | C9: Στο φύλλο eclass, περιέχονται πληροφορίες όπως οδηγίες για eclass, λογαριασμοί εκπαιδευτών και εκπαιδευομένων, οδηγίες για πρώτη σύνδεση, πεδίο για αντιγραφή κλπ
A10: 8 | B10: ΠΡΟΤΥΠΟ ΕΓΓΡΑΦΗΣ USER ECLASS | C10: Στο φύλλο ΠΡΟΤΥΠΟ ΕΓΓΡΑΦΗΣ USER ECLASS, υπάρχει περιεχόμενο που βοηθάει σε νέα εγγραφή χρήστη στο eclass
A11: 9 | B11: AMADEUS | C11: Στο φύλλο AMADEUS περιέχονται πληροφορίες για ότι αφορά το πρόγραμμα. πχ για λογαρισμούς κλπ
A12: 10 | B12: ΧΡΗΣΙΜΑ ΤΗΛΕΦΩΝΑ | C12: Στο φύλλο αυτό περιέχονται πληροφορίες για τα τηλέφωνα ΔΣ, μαστόρων, καθαριότητας κλπ
A13: 11 | B13: ΜΑΘΗΜΑΤΑ ΕΞΑΜΗΝΩΝ | C13: Στο φύλλο περιέονται πληροφορίες για τους καθηγητές και τα προσοντα που χρειάζεται να έχουν για το χειμερινό και εαρινό εξάμηνο για να προγραμματίσουμε ποιους θα έχουμε
A14: 12 | B14: ΑΠΟΥΣΙΕΣ ΕΞΑΜΗΝΩΝ | C14: Στο φύλλο περιέονται πληροφορίες για το όριο απουσιών που έχει το κάθε ένα μάθημα ανά εξάμηνο χειμερινό και εαρινό και αναρτάτε στα έγγραφα και στο eclass
... A22: 20 | B22: ΒΑΘΜΟΛΟΓΙΕΣ ΠΡΟΧΕΙΡΟ | C22: Το φύλλο ΒΑΘΜΟΛΟΓΙΕΣ ΠΡΟΧΕΙΡΟ χρησιμοποιείτε κάθε τέλος του εξαμήνου (χειμερινό και εαρινό). Καθώς το eclass, δεν έχει δυνατότητα να ανεβάσουμε βαθμολογίες. Έτσι περνάμε εκεί τις βαθμολογίες, βάζοντας φίλτρο και πατόντας το αντίστιχο μάθημα, θα βάλουμε τις βαθμολογίες και μετά θα το κάνουμε αντιγραφή και επικόληση ως εικόνα και θα τους το στείλουμε στο email

Sheet ΟΔΗΓΙΕΣ ΕΡΓΑΣΙΑΣ
A1: ΛΑΖΑΡΟΣ - (Αποθηκευτικός Χώρος)
A2: ΦΑΚΕΛΟΣ | B2: ΕΞΗΓΗΣΗ ΠΕΡΙΕΧΟΜΈΝΟΥ ΦΑΚΕΛΟΥ ΚΑΙ ΧΡΗΣΙΜΟΤΗΤΑ
A3: iek (\\192.168.2.79) | B3: Στον φάκελο, μπαίνεις στο δίπλα ονομα (iek (\\192.168.2.79))
A4: A_ΙΙΕΚ ΓΡΑΜΜΑΤΕΙΑ | B4: Για τα δικά μας θέματα ΙΕΚ, μπαίνουμε στο φάκελο με όνομα: A_ΙΙΕΚ ΓΡΑΜΜΑΤΕΙΑ
A5: ΕΓΓΡΑΦΑ ΓΙΑ ΕΝΗΜΕΡΩΣΕΙΣ | B5: Στο φάκελο "ΕΓΓΡΑΦΑ ΓΙΑ ΕΝΗΜΕΡΩΣΕΙΣ", υπάρχουν μέσα όλα τα αρχεία προς εκτύπωση για τα ραντεβού (ενημέρωση για ΙΣΑΕΚ και πραγματοποίηση εγγραφών). Επίσης υπάρχουν τα δίδακτρα και οι ΟΔΗΓΟΙ ΣΠΟΥΔΩΝ (προσοχοί υπάρχουν οι νεοι, τα άλλα είναι για αρχείο κλπ
A6: ΕΓΓΡΑΦΕΣ | B6: Στο φάκελο "ΕΓΓΡΑΦΕΣ", υπάρχουν μέσα υποφάκελοι με εγγραφές ανά έτος, στο 2026 όταν μπεις έχει ανα τμήμα τις εγγραφές και τα στοιχεία που μας έχουν φέρει και τα έχουμε σκανάρει
A7: ΕΚΠΑΙΔΕΥΤΕΣ | B7: Στο φάκελο "ΕΚΠΑΙΔΕΥΤΕΣ", υπάρχουν μέσα κάποια γενικά στοιχεία για τους εκπαιδευτές, τα υπόλοιπα συμβάσεις κλπ, υπάρχον στις συμβάσεις εκπαιδευτών ανα έτος.
A8: ΕΚΠΑΙΔΕΥΤΙΚΟ ΥΛΙΚΟ | B8: Στο φάκελο "ΕΚΠΑΙΔΕΥΤΙΚΟ ΥΛΙΚΟ", υπάρχουν μέσα οι σημειώσεις που έχουμε κάνει για τις ειδικότητες που έχουμε το ακαδημαικο έτος 2025Β-2026Α. Έχουμε και εκπαιδευτικό υλικό για κύριο Καθαράκη, διότι τα ήθελε αλλιώς αποθηκευμένα (είναι όμως οι ίδιες οι σημειώσεις)
A9: ΕΞΑΜΗΝΟ 2026Α | B9: Υπάρχουν διάφοροι φάκελοι που είναι με όνοματα εξαμήνων πχ ΕΞΑΜΗΝΟ 2026Α εκεί μέσα υπάρχουν όλα τα αρχεία που αφορούν το εξάμηνο πχ προγράμματα (εξαμήνου, εξετάσεων), θέματα εξετάσεων, αξιολογήσεις, συμβάσεις εκπαιδευτικών κλπ)
A10: ΣΤΟΙΧΕΙΑ ΣΠΟΥΔΑΣΤΩΝ | B10: Τα γενικά στοιχεία ΣΠΟΥΔΑΣΤΩΝ θα τα βρείς στις εγγραφές, ανάλογα με το έτος εγγραφής τους.
A11: ΣΤΟΙΧΕΙΑ ΕΚΠΑΙΔΕΥΤΕΣ | B11: Τα γενικά στοιχεία ΕΚΠΑΙΔΕΥΤΩΝ θα τα βρείς στο φάκελο εκπαιδευτές και οι συμβάσεις τους θα είναι στα επιμέρους εξάμηνα
A14: Πληροφοριακό Σύστημα του Υπουργείου - ΠΗΓΑΣΟΣ (https://pegasus.it.minedu.gov.gr/site/welcome)
A15: ΚΟΡΔΕΛΑ - ΕΠΙΛΟΓΗ | B15: ΕΞΗΓΗΣΗ - ΤΙ ΠΕΡΙΕΧΕΙ
A16: ΒΕΒΕΙΑΩΣΕΙΣ | B16: Αν κάποιος ζητήσει βεβαίωση (φοίτησης -σπουδών, στρατολογίας, ατομικό δελτίο - γράφει αναλυτικά και τα μαθήματα και τις βαθμολογίες τους αν θέλουν κλπ). Πάμε στο πληροφοριακό σύστημα του υπουργείου - ΠΗΓΑΣΟΣ (https://pegasus.it.minedu.gov.gr/site/welcome), πατάμε πάνω στην κορδέλα που γράφει βεβαιώσεις. Επιλέγουμε ποια βεβαιώση μας ζήτησαν, πχ βεβαίωση φοίτησης σπουδών (τα ζητάνε οι λογιστές τους συνήθως) και πατάμε αναζήτηση με όνομα ή επίθετο σπουδαστή. Έπειτα πατάμε το μπλέ έγγραφο στα δεξιά και βάζουμε αριθμό προτοκώλου από το πράσινο βιβλίο και επιλέγουμε ποιος θα υπογράψει πχ Μιχελάκη. Και πατάμε Δημιουργία, το εκτυπώνουμε, βάζουμε σφραγίδα και υπογραφή και το σκανάρουμε να το στείλουμε ή το στέλνουμε επι τόπου.
A20: ΠΡΑΚΤΙΚΗ - ΑΠΑΛΛΑΓΗ ΚΑΙ ΒΕΚ | B20: ΔΗΛΩΣΗ ΠΡΑΚΤΙΚΗΣ: Για να δηλωθεί πρακτική σε κάποιον, πάμε στον ΠΗΓΑΣΟ πατάμε εκεί που γράφει ΠΡΑΚΤΙΚΗ - ΜΑΘΗΤΕΙΑ, πατάμε έναρξη-απαλλαγή και μετά επιλέγουμε το έκαστοτε άτομο πχ μέσω αναζήτησης και μετά επιλέγεις το βαλιτσάκι = πρακτική ή το Α=απαλλαγή, έπειτα για πρακτική επιλέγεις εργοδότη (αναζητάς μέσω ΑΦΜ να δείς αν υπάρχει, αν δεν υπάρχει πατάς το βαλιτσάκι και βρίσκεις αποθηκεύεις ότι στοιχεία σου ζητάει) μετά πατάς επιλογή εργοδότη με το μπλε ξαπλωτό τρίγωνο και βάζεις ότι άλλα στοιχεία χρειάζονται και κάνεις επόμενο και έναρξη στιγμιοτύπου) μετά κάνεις έναρξη, βάζεις αριθμό πρωτοκόλου και τον κύριο Καθαράκη και πατάς έναρξη και βάζεις σφραγγίδα και του το πάς να υπογράψει. Για την απαλαγή πατάμε Α και έπειτα γράφουμε σχόλια πως έχει απασχοληθεί στην (....) επιχείρηση ή επιχειρήσεις και έχει συμπληρώσει 960 ώρες. Έπειτα στέλνουμε email, στην Κοτανίδι (ekotanidi@minedu.gov.gr), με ΘΕΜΑ: ΑΠΑΛΛΑΓΗ ΠΡΑΚΤΙΚΗΣ + ΟΝΟΜΑΤΕΠΩΝΥΜΟ ΣΠΟΥΔΑΣΤΗ και με KEIMENO: Καλημέρα κ. Κοτανίδη. Σας επισυνάπτω τα δικαιολογητικά για την απόφοιτη .......... με ΑΜ ..... από την ειδικότητα .................., προκειμένου να εγκρίνετε την ολική απαλλαγή λόγω προϋπηρεσίας. Έχει ανοιχτεί στιγμιότυπο απαλλαγής 960 ωρών. Σας ευχαριστώ πολύ εκ των προτέρων.. Στο emailεπισυνάπτεις: 1. Βεβαίωση Προυπηρεσίας, 2. Ένσημα και 3. Υπέυθυνη Δήλωση μέσω gov που γράφει: " έχω συμπληρώσει τα 120 ένσημα 8ωρης απασχόλησης στην επιχείρηση.............. ή στις επιχειρήσεις ............. με την ειδικότητα βοηθός μάγειρα ή γ΄ μάγειρα ή ζαχαροπλάστη και αιτούμαι την ολική απαλλαγή από την πρακτική άσκηση της ειδικότητάς μου.......................". (συμπληρώνετε τα κενά ανάλογα την ειδικότητα που έχει ο καθένας σας και τους εργοδότες που εργάστηκε), (τα έγγραφα αυτά τα 3 τα ζητάμε και μας τα έχει στείλει ο σπουδαστής). Μετά όταν έχει δει τα έγγραφα και τα έχει τσεκάρει η Κοτανίδη θα κάνει έγκριση και εσύ θα το δείς από τον ΠΗΓΑΣΟ εκεί που λεεί Διαχείρηση Πρακτικής - Μαθητείας εκεί θα γράφει πως θα το δείχνει πράσινο και μετά θα πατάς το τικ και αν έχει τελειώσει πατάς ΒΕΚ ---> Έκδοση ΒΕΚ ---> επιλέγεις τον σπουδαστή και γράφεις από το καφέ - γαλάζιο Βιβλίο Πρακτικών αριθμό πράξης τον τελευταίο αριθμό στα αριστερά, ημερομηνία και αριθμό ΒΕΚ που θα είναι ο επόμενος από αυτόν που βλέπεις πχ είναι 17 θα βάλεις 18 και μετά θα πατήσεις έκδοση. Η ΒΕΚ εκτυπώνεται σε κάτι κίτρινα διαφορετικά από το κανονικό χαρτί, τα οποία είναι κάτω στα ντουλάπάκια δίπλα στον εκτυπωτή και το βάζεις και ανοίγεις τα άλλα ράφια, για να εκτυπωθεί σε αυτό και βάζεις και σφραγγίδα και υπογραφή από Καθαράκη και όταν έρθει κάνει βάζεις την φωτογραφία (τύπου ταυτότητας) πάνω και το εκτυπώνεις να το βάλεις στο φάκελο με τις ΒΕΚ και το σκανάρεις και το βάζεις και στο ΛΑΖΑΡΟ --> ΙΕΚ ΓΡΑΜΜΑΤΕΙΑ-->ΒΕΚ
A31: ΛΕΙΤΟΥΡΓΙΕΣ | B31: Οτιδήποτε πρόβλημα ή απορία έχεις με τον ΠΗΓΑΣΟ, πχ καθηστερεί η ΒΕΚ να εγκριθεί είτε μιλάς με την ΕΠΟΠΤΡΙΑ αν αυτό είναι στο δικό της χέρι όπως η έγκριση, είτε στέλνεις στην υπηρεσία μηνυμάτων, πας Λετουργίες ---> Υπηρεσίες Μηνυμάτων --> Πατάς το πράσινο κυκλάκι με τον φάκελο και μετά γράφεις το αίτημα σου είτε στην ΤΕΧΝΙΚΗ ΥΠΟΣΤΗΡΙΞΗ αν το θέμα είναι κάτι με το σύστημα (πχ δεν μπορώ να βγάλω βεβαίωση σπουδών σε ένα μαθητή, δεν μου εμφανίζει την δυνατότητα), είτε το θέμα είναι διαχειριστικό Ιπχ δεν ξέρω ποιος υπογράφει για να εκτυπωθεί η ΒΕΚ που δεν έχει επικυρωθεί ακόμα) και εκείνοι σου απαντάνε και σε καθοδηγούνε.
A35: ΙΣΑΕΚ ΕΠΙΜΕΛΗΤΗ | B35: Εκεί που γράφει ΙΣΑΕΚ ΕΠΙΜΕΛΗΤΗ κάνουμε προγράμματα, ωρολόγια κλπ
A39: ΚΑΤΑΡΤΙΣΗ | B39: Στο ΚΑΤΑΡΤΙΣΗ θα βρείς ότι είναι σχετικό με τους σπουδαστές. Στο ΜΗΤΡΩΟ ΚΑΤΑΡΤΙΖΟΜΕΝΩΝ που εκεί είναι όλοι μας οι σπουδαστές και τα στοιχεία τους. Εκεί επίσης περγάνε τις νέες εγγραφές, μετεγραφές κλπ στα αντίστοιχα πεδία. Βάζουμε τις απουσίες, βαθμολογίες κλπ.
A43: ΑΝΑΦΟΡΕΣ | B43: Τις αναφορές τις χρησιμοποιούμε στο τέλος του εξαμήνου που κλείνουμε το εκάστοτε εξάμηνο
A47: Πλατφόρμα Εκπαίδευσης ECLASS (https://eclass-isaek.katartisi.gr/)
A48: ΕΠΙΛΟΓΕΣ | B48: ΕΞΗΓΗΣΗ
A49: #VALUE! | B49: Στο γενικό περιβάλλον θα βλέπεις μαθήματα κλπ. Θα βάλεις την γραμματεία στα αγαπημένα - αστέρι την ΓΡΑΜΜΑΤΕΙΑ που είναι όλη η ενημέρωση που κάνουμε εμείς ως γραμματεία.
A53: ΔΗΜΙΟΥΡΓΙΑ ΜΑΘΗΜΑΤΩΝ | B53: Αν το τμήμα δεν είναι καινούργιο και δεν έχουν δημιουργηθεί μαθήματα κάνεις τα παρακάτω βήματα. 1. Πατάς πάνω στην εικόνα σου (πάνω δεξιά), 2. Πατάς την 2η επιλογή που γράφει Δημιουργία Μαθήματος. 3. Συμπληρώνεις Τίτλο Μαθήματος πχ Παράγωγα Υλικά, κωδικό δεν βάζεις, στην κατηγορία επιλέγεις ΙΣΑΕΚ Επιμελητηρίου Ηρακλείου μετά επιλέγεις τομέα και τμήμα, στο πεδίο εκπαιδευτές βάζεις αν ξέρεις αλλιώς αφήνεις το δικό σου όνομα και το αλλάζεις όταν μάθεις εκπαιδευτή, εικόνα δεν βάζεις (βάζει ο εκπαιδευτής) εκτός αν έχουμε διαφορετική οδηγία, στην μορφή το αφήνεις το προεπιλεγμένο που είναι ΜΟΡΦΗ ΜΕ ΕΝΟΤΗΤΕΣ, στην άδεια χρήσης βάζουμε την τελευταία επιλογή που λέει "Άδεια χρήσης Creative Commons (CC)", στο πεδίο Διαθέσιμοι τύποι πρόσβασης βάζουμε ανοιχτό και μετά Δημιουργία μαθήματος και έχει δημιουργηθεί. Για να το δεις ξανά επιλέγεις πάνω πάνω αριστερά που έχει το σήμα της ΙΣΑΕΚ και πάς στην αρχική, πατάς την επιλογή Διαχείρηση Πλατφόρμας που είναι δεξιά κάτω από την αναζήτηση, έπειτα επιλέγουμε στο κέντρο που γράφει μαθήματα, μετά αναζήτηση μαθημάτων, πατάς τον μεγενθυτικό φακό δεξιά που γράφει όλα τα μαθήματα, αναζητάς με τίτλο, και το βρίσκεις και πατάς πάνω στο όνομα και το βλέπεις και για να αλλάξεις πράγματα πχ το όνομα του εκπαιδευτή, εκεί που είσαι μέσα στο μάθημα πατάς πάνω δεξιά Διαχείρηση Μαθήματος, ρυθμίσεις και αλλάζεις τα στοιχεία. και πατάς υποβολή.
A64: ΔΗΜΙΟΥΡΓΙΑ ΧΡΗΣΤΗ/ΣΤΩΝ | B64: Για να δημιουργήσεις χρήστες στο eclass μαζικά ή μεμονομένα (1. ΠΗΓΑΙΝΟΥΜΕ ΣΤΟ ΦΥΛΛΟ ΔΕΞΙΑ ΠΡΟΤΥΠΟ ΕΓΓΡΑΦΗ USER ECLASS , ΓΡΑΦΟΥΜΕ ΌΛΑ ΤΑ ΣΤΟΙΧΕΙΑ ΠΟΥ ΘΕΛΟΥΜΕ(ΚΑΛΟ ΘΑ ΗΤΑΝ ΝΑ ΠΕΡΝΟΥΝΤΑΙ ΜΑΘΗΤΕΣ Ή ΚΑΘΗΓΗΤΕΣ ΑΝΑ ΤΜΗΜΑ) ΝΑ ΒΑΛΟΥΜΕ, 2. ΜΕΤΑ ΠΗΓΑΙΝΟΥΜΕ ECLASS ΔΙΑΧΕΙΡΗΣΗ ΠΛΑΤΦΟΡΜΑΣ ΠΑΝΩ ΔΕΞΙΑ, 3. ΜΑΖΙΚΗ ΔΗΜΙΟΥΡΓΙΑ ΛΟΓΑΡΙΑΣΜΩΝ ΧΡΗΣΤΩΝ (ΑΝΕΞΑΡΤΗΤΑ ΑΝ Ο ΜΑΘΗΤΗΣ Ή ΚΑΘΗΓΗΤΗΣ ΕΙΝΑΙ ΕΝΑΣ), 4. ΚΑΝΟΥΜΕ ΔΕΞΙ ΚΛΙΚ ΠΑΝΩ ΣΤΟ ΦΥΛΛΟ ΠΡΟΤΥΠΟ ΓΙΑ ΕΓΓΡΑΦΗ (ΔΙΠΛΑ ΣΤΟ ΦΥΛΛΟ ECLASS) ΚΑΙ ΕΠΙΛΕΓΟΥΜΕ ΜΕΤΑΚΙΝΗΣΗ Ή ΑΝΤΙΓΡΑΦΗ, ΜΕΤΑ ΚΑΝΟΥΜΕ ΚΛΙΚ ΣΤΟ ΠΕΔΙΟ ΑΝΤΙΓΡΑΦΗ ΚΑΙ ΚΑΝΟΥΜΕ ΣΕ ΆΛΛΟ ΒΙΒΛΙΟ ΚΑΙ ΤΟ ΚΑΙΝΟΥΡΓΙΟ ΒΙΒΛΙΟ ΟΠΩΣ ΕΙΝΑΙ ΤΟ ΑΠΟΘΗΚΕΥΟΥΜΕ ΣΤΙΣ ΛΗΨΕΙΣ ΜΕ ΟΝΟΜΑ ΟΠΩΣ ΘΕΛΟΥΜΕ ΕΙΤΕ ΒΙΒΛΙΟ ΕΊΤΕ ΟΤΙ ΘΕΛΟΥΜΕ ΠΧ ΟΝΟΜΑ ΜΑΘΗΤΗ, 5. ΕΠΕΙΤΑ ΑΝΕΒΑΖΟΥΜΕ ΤΟ ΑΡΧΕΙΟ ΚΑΙ ΕΠΙΛΕΓΟΥΜΕ ΕΙΔΟΣ ΛΟΓΑΡΙΣΜΟΥ ΠΧ ΕΚΠΑΙΔΕΥΟΜΕΝΟΣ, ΚΛΙΚΑΡΟΥΜΕ ΣΤΗΝ ΑΛΛΑΓΗ ΣΥΝΘΗΜΑΤΙΚΟΥ ΚΑΤΑ ΤΗΝ ΕΙΣΟΔΟ, ΣΤΗΝ ΚΑΤΗΓΟΡΙΑ ΕΠΙΛΕΓΟΥΜΕ ΤΟ ΤΜΗΜΑ ΤΟΥ, ΤΑ ΑΛΛΑ ΔΕΝ ΤΑ ΠΕΙΡΑΖΟΥΜΕ ΚΑΙ ΜΕΤΑ ΚΛΙΚΑΡΟΥΜΕ ΚΑΙ ΤΟ ΑΠΟΣΤΟΛΗ ΤΩΝ ΣΤΟΙΧΕΙΩΝ ΤΟΥ ΜΕΣΩ EMAIL 6. ΤΕΛΟΣ ΤΟ ΚΑΝΟΥΜΕ ΥΠΟΒΟΛΗ)
A68: ΕΓΓΡΑΦΗ ΧΡΗΣΤΩΝ ΣΕ ΜΑΘΗΜΑΤΑ | B68: Για να εγγράψεις χρήστες ακολουθείς τα παρακάτω βήματα 1. Πάμε στο αρχείο eclass (στο οποίο έχουμε καταγράψει όλους τους μαθητές τα ονόματα τους και όλους τους καθηγητές και όλα τα μαθήματα - καλό θα είναι να ανανεώνεται κάθε φορά που έχουμε κάτι καινούργιο), 2. Στο eclass πάμε κάτω από την αναζήτηση τέρμα δεξιά και πατάμε Διαχείρηση Πλατφόρμας, μετά κάτω αριστερά εκεί που γράφει Χρήστες, επιλέγουμε το Μαζική εγραφή χρηστών σε μαθήματα (που είναι 3η επιλογή από το τέλος), 3. Γράφουμε τα username μαθητών ή καθηγητών και τους κωδικούς μαθημάτων που τους βρήσκουμε από το αρχείο ECLASS, (αν κάποιος κωδικός μαθήματος δεν υπάρχει μπορούμε εύκολα να τον βρούμε από την αρχική σελίδα δίπλα στο όνομα του μαθήματος) επιλέγουμε ρόλο, δηλασή αν αυτός/αυτοί που γράφουμε είναι εκπαιδευτές/μαθητές κλπ και το βάζουμε. (Υ.Γ. Στους εκπαιδεύτες καλό θα ήταν να βάζουμε ρόλο Διαχειριστής - Εκπαιδευτής, έτσι ώστε να έχουν περισσότερες δυνατότητες στα μαθήματα τους) και πατάμε εγγραφή. Αν θέλουμε να δούμε τους χρήστες του κάθε μαθήματος, πάμε ξανά στην αρχική πατώντας το logo της ΙΣΑΕΚ πάνω αριστερά και μετά επιλέγουμε το εκάστοτε μάθημα με αριστερο κλικ πάνω στο τίτλο μαθήματος, αν θέλω να δώ χρήστες πατάω τα 3 ανθρωπάκια που είναι δίπλα στο γρανάζι και κάτω από τον τίτλο, βλέπουμε τους εγγεγραμμένους. Αν έχουμε κάνει κάποιο λάθος πχ ένα εκπαιδεύομενο τον βάλαμε εκπαιδευτή, πατάμε το γρανάζι δίπλα στο όνομα του και αλλάζουμε την ιδιότητα αν θέλουμε να αφαιρέσουμε κάποιον πατάμε το κόκκινο με το Χ.

Sheet ΘΕΜΑΤΑ ΠΡΟΣ ΕΠΙΛΥΣΗ
A1: ΗΜΕΡΟΜΗΝΙΑ | B1: ΠΑΡΑΤΗΡΗΣΕΙΣ- ΣΧΟΛΙΑ | C1: ΤΙ ΑΦΟΡΆ | D1: ΠΟΙΟΝ ΑΦΟΡΟΥΝ | F1: ΕΞΗΓΗΣΗ ΧΡΩΜΑΤΩΝ
A2: 45757 | B2: Οι σπουδαστές ανάφεραν να έχει ο αυτόματος πολιτής καφέ και σόδα με λεμόνι και άλλα τσάγια για τώρα που ζεστένει ο καιρός | C2: ΤΡΟΦΟΔΟΣΙΑ | D2: Μαίρη | F2: ΔΕΝ ΕΧΕΙ ΛΥΘΕΙ ΑΚΟΜΑ
A3: 45758 | B3: Να βγάζουν οι επιμελητές μια φωτογραφία κάθε εργαστηριακό μάθημα και να ανεβαίνει μια φωτοφραφία στα social media από το τι κάνει το ΙΣΑΕΚ | C3: Social Media | D3: Μαρία + Σοφία Επιμελήτριες | F3: OK έχει γίνει
A4: 45758 | B4: Οι σπουδαστές κ. Μαρκάκη Τρυπάκη Πελαγία έχουν παράπονο πως τα θέματα είναι πολύ συμπτιγμένα και δεν μπορούν να τα δούνε καθαρά για να απαντήσουν | C4: ΕΞΕΤΑΣΕΙΣ | D4: κ.Καθαράκης & Μέλπω (να τα κάνουμε πιο αραιά ) | F4: ΠΡΟΤΑΣΕΙΣ ΓΙΑ ΒΕΛΤΙΩΣΗ
A5: 45761 | B5: Η κυρία Μπίτζου θέλει οι αναρτήσεις στα social media να γίνονται όπως ακριβώς τις στέλνει και να μην είναι παιδιάστικες διότι υπονομέυουν το αντικείμενο | C5: ΠΡΟΩΘΗΣΗ | D5: κ.Καθαράκης | F5: ΕΊΝΑΙ ΖΗΤΗΜΑΤΑ ΤΑ ΟΠΟΙΑ ΕΊΝΑΙ ΔΙΑΔΙΚΑΣΤΙΚΑ ΚΑΙ ΓΡΑΦΕΙ ΟΔΗΓΙΕΣ ΠΩΣ ΛΥΝΟΝΤΑΙ
A6: 45761 | B6: Η κυρία Μπίτζου θέλει να μάθει τι έγινε με την κ. Ζαχαριαδάκη για να έχει χρόνο τώρα το Πάσχα εκείνη και η άλλη καθηγήτρια κ. Σκόρδου να προετοιμάσουν υλικό, ανάλογα με το τι συμφωνήθηκε | C6: ΕΚΠΑΙΔΕΥΤΕΣ | D6: κ.Καθαράκης
A7: 45761 | B7: Η κυρία Μπίτζου θέλει να δούμε μαζί με την Μέλπω το πρόγραμμα για να κανονιστει | C7: ΠΡΟΓΡΑΜΜΑ | D7: Μέλπω
A8: 45761 | B8: Ενημερώνουμε την κ. Ζαχαριαδάκη πως θα προσπαθήσουμε να διατηρίσουμε το πρόγραμμα για τα μαθήματα που παραμένουν σε εκείνη ως έχει και αν υπάρξει επείγουσα ανάγκη να αλλάξει κάτι, θα την ενημερώσουμε τις επόμενες μέρες | C8: ΠΡΟΓΡΑΜΜΑ | D8: Κατερίνα
A9: 45761 | B9: Κάλεσε η κυρία Αντωνακάκη Ελένη για να μάθει για Ζαχαριαδάκη επειδή έλειπε την προυγούμενη εβδομάδα | C9: ΣΠΟΥΔΑΣΤΕΣ | D9: Μέλπω
A10: 45761 | B10: Ο κύριος Καθαράκης ανέφερε να κοιτάξουμε ξανά για το mentoring για Linkedln και να προγραμματιστούν συναντίσεις με τον κ. Καθαράκη ή εμάς για την σταδιοδρομία και την δημιουργία βιογραφικού | C10: ΣΠΟΥΔΑΣΤΕΣ | D10: Μέλπω
A11: 45761 | B11: Ο κύριος Καθαράκης ανέφερε να δούμε για δράσεις που θα συμμετέχουν οι σπουδαστές και θα ενισχύσει το βιογραφικό τους | C11: ΔΡΑΣΕΙΣ | D11: Μέλπω
A12: 45761 | B12: Ο κύριος Καθαράκης ανέφερε να ελεγξώ social media τα δικά μας για απόδοση | C12: Social Media | D12: Κατερίνα
A13: 45761 | B13: Μας κάλεσε κ. Ζωιτού που έχει λογιστικό γραφείο καθώς ενδιαφέρετε για πρακτικάριους. Το γραφείο της είναι Εθνικής Αντιστάσεως και το τηλέφωνο 2810330472 | C13: ΠΡΑΚΤΙΚΗ | D13: κ.Καθαράκης & Μέλπω
A14: 45762 | B14: Με κάλέσε η κυρία Καλογεράκη Σύλβια 6937318064 από το αεροδρόμιο για την πρακτικη της Σμυρνάκης Κωνσταντίνας και θέλει τα δικαιολογητικά, για να δεί πως θα πληρώνεται η κυρία, να ξεκινήσει κλπ. Της έχει στείλει λεει και η Μέλπω email με κάποια στοιχεία (ωράριο και διαθεσιμότητες) | C14: ΠΡΑΚΤΙΚΗ | D14: Μέλπω
A15: 45762 | B15: Γιώργο Βλαχάκη τον πειράζει να γινεί το μάθημα αντί Δεύτερα να γίνει Παρασκευή | C15: ΣΠΟΥΔΑΣΤΕΣ | D15: Κατερίνα
A16: 45762 | B16: Βιογραφικό Αρχιτεκτόνων που ενδιαφέρονται για Εκπαιδευτές να σταλούν στην κ.Μπιτζού | C16: ΕΚΠΑΙΔΕΥΤΕΣ | D16: Μέλπω
A17: 45762 | B17: Πρόοδους Ζαχαριαδάκη για τα μαθήματα που δεν θα κάνει πλέων. Ποιος θα τα κάνει | C17: ΕΚΠΑΙΔΕΥΤΕΣ | D17: Μέλπω
... A65: 45798 | B65: Να συζητήσουμε άυριο με την Μέλπω για τα θέματα ΠΗΓΑΣΟΣ που δεν αποτυπώνει σωστά τις ώρες που γίνονται πχ ΠΕΤΡΟΥΛΑΚΗ που δεν έκανε εχτές. Και θέμα με κυρία Αμπαρτζάκη που τις δηλώνουμε τις ώρες μια φορά μόνο και όχι κάθε φορά που δεν κάνει μάθημα κάποιος και κάνει αλλού αναπλήρωση και ώρες πχ ΑΔΑΜΗ που δεν κάνει κάποιες και τις δηλώνουμε στον ΠΗΓΑΣΟ. Επίσης να δούμε το θέμα με τον ΤΙΤΛΟ ΚΤΗΣΗΣ που δεν πρέπει να κόβουμε από εκεί τα χρήματα. Να συζητήσουμε για τις απουσίες των παιδιών που νομίζουν πως δεν θα μήνουν | C65: ΔΙΑΔΙΚΑΣΙΕΣ | D65: κύριος Καθαράκης, Μέλπω
A66: 09:30 Γκριτζάς δικηγορος | B66: ΠΛΥΜΜΗΡΑ | C66: Τηλέφωνο | D66: Μέλπω
A67: 45799 | B67: Να ζητήσουμε από τους εκπαιδευτές, ΠΡΑΚΤΙΚΗ ΑΣΚΗΣΗ-διακοσμιση Β ΕΤΟΣ, ΑΕΡΟΠΟΡΙΚΟΙ ΝΑΥΛΟΙ - ΑΕΡΟΜΕΤΑΦΟΡΑ ΕΠΑΝΑΚΗ | C67: ΠΡΟΟΔΟΣ | D67: Κατερίνα, Μέλπω
A68: 45799 | B68: ΕΡΩΤΗΜΑΤΑ ΑΠΌ ΑΡΧΙΤΕΚΤΟΝΕΣ Β ΣΑΚΟΥΛΑΚΗ ΓΙΑ ΠΡΑΚΤΙΚΗ ΑΝ ΕΧΕΙ ΠΡΟΚΥΡΙΞΗ ΓΙΑ ΝΑ ΠΑΡΕΙ ΕΠΙΔΟΤΗΣΗ ΤΩΡΑ ΚΑΙ ΚΟΥΚΟΥΛΑΚΗ ΓΙΑ ΤΟ ΤΑΞΙΔΙ ΑΝ ΘΑ ΜΠΟΡΕΣΕΙ ΝΑ ΠΑΕΙ ΕΠΕΙΔΗ ΔΕΝ ΦΑΙΝΕΤΑΙ ΚΑΤΑΓΕΓΡΑΜΕΝΗ ΣΤΟ ΣΥΣΤΗΜΑ ΚΑΙ ΠΑΡΑΚΟΛΟΥΘΕΙ ΩΣ ΣΕΜΙΝΑΡΙΟ | C68: ΠΡΑΚΤΙΚΗ | D68: Κατερίνα, Μέλπω
A69: 45799 | B69: Να πώ στους αρχιτέκτονες, να στείλουν email στην Ηλέκτρα για να δούνε τα θέματα | C69: ΕΚΔΡΟΜΗ | D69: Κατερίνα
A70: 45803 | B70: Να δώσω στον Κυρλάκη να υπογράψει την σύμβαση του | C70: ΕΚΠΑΙΔΕΥΤΕΣ | D70: Κατερίνα
A71: 45804 | B71: Να ρωτήσω την Μέλπω αν θέλει να εκτυπώσουμε τις εργασίες που μας έστειλε η Πέλα από τα παιδία ή αρκεί να είναι στον φάκελο διαδικτυακά | C71: ΕΚΠΑΙΔΕΥΤΕΣ | D71: Μέλπω
A72: 45806 | B72: 6955581674 ΣΗΦΑΚΗ ΑΡΧΙΤΕΚΤΟΝΙΚΟ ΓΡΑΦΕΙΟ, ΣΤΕΡΓΟΓΙΑΝΝΗ 60 | C72: ΠΡΑΚΤΙΚΗ | D72: Μέλπω
A73: 45806 | B73: Οι αρχιτέκτονες β έτος θέλουν να κάνουν και εκείνοι τα σεμινάρια από οκτώμβριο δωρεάν. Όπως είχαμε πει στην Μαρίνα | C73: ΣΕΜΙΝΑΡΙΟ | D73: Κ.Καθαράκης, Μέλπω
A74: 45806 | B74: Η Ζαχαριαδάκη, πάλι απειλούσε πως θα μας κάνει μήνυμση, έχει φωτογραφίες με τις απουσίες των φοιτητών και θα κάνει λεει καταγγελία πως δεν έχουν μεινει. Είπε πως δεν ξέρω πως τα σκέυτεσεται μερικοί (κ.Καθαράκης) και κάνετε ότι σας πουνε οι σπουδαστές και ότι αυτή πάει πάντα by the book και δεν θέλει να κάνει λήξει εξεαμήνου αυτή την εβδομάδα (ανέφερε και για τα χρήματα και της είπα πως δεν θα κοπούν τα χρήματα και πως θα είναι μέσα και οι εξετάσεις και δεν ήθελε, της είπα αν θέλει να τους κάνει μάθημα και μετά την εξεταστική ως κάτι έξτρα και πάλι δεν ήθελε οπότε θα γράψουν σε εκείνη μετά της 10/06 | C74: ΕΚΠΑΙΔΕΥΤΕΣ | D74: Κ.Καθαράκης, Μέλπω
A75: 45807 | B75: Να ρωτήσω για κάρτες για να βγάλουμε για εμάς τους καινούργιους και ότι και όσα λείβονται τους άλλους | C75: ΚΑΡΤΕΣ | D75: Κ.Καθαράκης, Μέλπω
A76: 45807 | B76: Οι Μαρία Αστρινάκη και Γεωργία Σακουλάκη, Σμαραγδάκης Χριστόφορος, θέλουν πρακτική στην Σηφάκη | C76: ΠΡΑΚΤΙΚΗ | D76: Μέλπω
A77: 45807 | B77: Να δούμε για την Πέλα, ποια μαθήματα μπορεί να κάνει για του χρόνου μέχρι Παρασκευή 06/05/2025 για να κανονίσει το πρόγραμμα της | C77: ΕΚΠΑΙΔΕΥΤΕΣ | D77: Μέλπω | E77: ΠΡΑΚΤΙΚΗ ΕΦΑΡΜΟΓΗ ΣΤΗΝ ΕΙΔΙΚΟΤΗΤΑ 3 ΩΡΕΣ, ΔΙΟΙΚΗΣΗ ΑΕΡΟΔΡΟΜΙΩΝ ΚΑΙ ΑΕΡΟΠΟΡΙΚΩΝ ΕΤΑΙΡΕΙΩΝ 2 ΩΡΕΣ, ΛΕΙΤΟΥΡΓΙΕΣ ΕΤΑΙΡΕΙΩΝ ΕΠΙΓΕΙΑΣ ΕΞΥΠΗΡΕΤΗΣΗ 2 ΩΡΕΣ, ΔΙΑΧΕΙΡΗΣΗ ΚΡΙΣΕΩΝ ΚΑΙ ΑΠΩΛΕΙΑΣ ΑΠΟΣΚΕΥΩΝ 2 ΩΡΕΣ
A78: 45807 | B78: Να δούμε το βιβλίο ύλης να το συμπληρώσουν όλοι μέχρι το τέλος γιατί μου είπε η Πέλα ότι τα κοιτάνε | C78: ΕΚΠΑΙΔΕΥΤΕΣ | D78: Μέλπω
A79: 45807 | B79: Σαλουθροστ Ελευθερία μας την συστησε ο Βλαχάκης και θα ερθει Δευτέρα 02/06/2025 στις 18:00. Τηλέφωνο: 6945932104 | C79: ΣΥΝΑΝΤΗΣΗ | D79: Μέλπω, Κατερίνα
A80: 45810 | B80: Να ρωτήσω την κυρία Σκόρδου για τα θέματα | C80: ΕΚΠΑΙΔΕΥΤΕΣ | D80: Κατερίνα
A81: 45810 | B81: Να ετοιμάσουμε τα στοιχεία και να τα στείλουμε στο Κώστα για τα βιογραφικά | C81: ΣΠΟΥΔΑΣΤΕΣ | D81: Κατερίνα
A82: 45811 | B82: Να δούμε αν η Μαρίνα Σιτορέγκο μπορεί να πάρει απαλαγή επειδή διδασκέ μόδα | C82: ΠΡΑΚΤΙΚΗ | D82: Μέλπω | E82: Να μας φέρει επίσημο έγγραφο από το GOV για μη μισθωτούς
A83: 45811 | B83: Να κοιτάξω τις διαφορές που υπάρχουν στις ώρες που έστειλε η λογίστρια και τις δικές μας και από που προκύπτουν | C83: ΕΚΠΑΙΔΕΥΤΕΣ | D83: Κατερίνα
A84: 45812 | B84: Να δώσουμε στην τελετη αποφοίτησης σε 50 ΑΤΟΜΑ να είναι σε Α3 φυλλάδιο και να το δίνουμε στο folder της σχολής (πιο χοντρο εξώφυλλο, αφαίρεση πλαισίου) (οικολογικο ή απλό χαρτί λίγο πιο χοντρό από το χαρτί του εκτυπωτή) | C84: ΕΚΠΑΙΔΕΥΤΕΣ | D84: Μέλπω, Κατερίνα
A85: 45812 | B85: Να ρωτήαω για ώρες τον κύριο Τσικαλάκη την Παρασκευή για τις ώρες του κύριου Κουμάκη | C85: ΕΚΠΑΙΔΕΥΤΕΣ | D85: Κατερίνα
A86: 45813 | B86: Να συζητήσουμε για την Αργυρώ Σταμπουλή που θέλει να φύγει από του χρόνου. Αλλά δεν είναι γιατι δεν υπάρχει οργάνωση, έχει λεει δικά της θέματα. Μας κοροιδευει όλο το τμήμα ότι ενημερώνουμε τελευταία στιγμή και οτί δεν είναι οργανωμένα… | C86: ΣΠΟΥΔΑΣΤΕΣ | D86: κύριος Καθαράκης, Μέλπω
A87: 45814 | B87: Να δώσω τις πολλές πληρωμές στην Νατάσα, της Παρασκευής | C87: ΣΠΟΥΔΑΣΤΕΣ | D87: Κατερίνα
A88: 45818 | B88: Μιλήσαμε με τον Φυσαράκη και να δούμε κάπως να τον κλείσουμε και επίσης να δούμε και να κάνουμε πλάνο ανά ημέρα και να το προγραμματίσουμε με βάση βιβλίο ύλης | C88: ΣΠΟΥΔΑΣΤΕΣ | D88: Κύριος Καθαράκης, Μέλπω, Κατερίνα
A89: 45819 | B89: Θα μας κανονίσει η Τριγώνη Χριστίνα και θα έρθει την επόμενη εβδομάδα για να κανονίσει ραντεύου | C89: ΣΠΟΥΔΑΣΤΕΣ | D89: Κατερίνα
A90: 45819 | B90: Να καλέσουμε αύριο για τα ΤΟΝΕΡ | C90: ΕΚΤΥΠΩΣΗ | D90: Κατερίνα
A91: 45819 | B91: ΧΡΙΣΤΟΦΟΡΟΣ ΣΜΑΡΑΓΔΑΚΗΣ, ΚΑΣΣΙΑΝΗ ΑΡΕΤΑΚΗ ΘΕΛΕΙ ΝΑ ΚΑΝΕΙ ΠΡΑΚΤΙΚΗ ΣΤΟΝ ΚΑΥΚΑ https://www.kafkas.gr/ | C91: ΠΡΑΚΤΙΚΗ | D91: Κατερίνα
A92: 45819 | B92: Να περάσω βαθμούς Πέλα και Απλαδά σε classter και ΠΗΓΑΣΟ | C92: ΕΚΠΑΙΔΕΥΤΕΣ | D92: Κατερίνα
A93: 45820 | B93: Να καλέσω τον Κυβο (2117702316) για να ρωτήσω τι κάνανε με τις προσφορές για τα βιβλίά | C93: ΦΩΤΟΤΥΠΙΕΣ | D93: Κατερίνα | E93: ΓΙΑ ΈΝΑ ΤΕΜΑΧΙΟ 7€ ΚΑΙ ΠΑΡΑΔΟΣΗ ΣΕ ΜΙΑ ΜΕΡΑ ΚΑΙ ΓΙΑ 50 ΤΕΜΑΧΙΑ 200€ ΚΑΙ ΠΑΡΑΔΟΣΗ ΣΕ 3 ΗΜΕΡΕΣ
A94: 45821 | B94: Να έχουμε μια γώνια και να έχουμε τις εργασίες για να μπορούνε όσοι έρχονται να βλέπουν τις εργασίες των παιδιών. Θα μπορούσε αυτό να είναι και μια ευκαιρία όπως δείχνουμε τα κάδρα να δείχνουμε και τις εργασίες σε βιβλιαράκια που έχουν γράψει | C94: ΠΡΟΩΘΗΣΗ | D94: Κ.Καθαράκης, Μέλπω, Κατερίνα
A95: 45821 | B95: Να δούμε Δευτέρα με τον Κυρλάκη, βαθμούς και πρόοδο ΤΕΜΑΧΙΣΜΟΣ ΚΡΕΑΤΩΝ | C95: ΕΚΠΑΙΔΕΥΤΕΣ | D95: Κατερίνα
A96: 45824 | B96: ΧΑΡΑΛΑΜΠΑΚΗ ΕΥΑΓΓΕΛΙΑ μου κατέθεσε σε μετρητά 805€ και πρέπει να τα πάμε στη τράπεζα και να τα καταθέσουμε στο όνομα της | C96: ΣΠΟΥΔΑΣΤΕΣ | D96: Κατερίνα, Μέλπω
A97: 45824 | B97: Να μιλήσω αύριο με την Μαίρη για τους ΝΙΚΟ ΑΓΚΟΛΗ ΚΑΙ ΑΓΓΕΛΑ ΓΙΑΝΟΥΛΑΚΗ να πάρω στοιχεία για να κάνουμε ανάρτηση και έπειτα να επικοινωνήσω με την Μαρία αν έχουμε υλικό για να ανεβάσουμε ΚΕΚ και ΙΣΑΕΚ | C97: ΣΠΟΥΔΑΣΤΕΣ | D97: Κατερίνα, Μαίρη, Μέλπω
A98: 45825 | B98: Να κάνουμε άιτηση για σεμινάριο go learn | C98: ΣΕΜΙΝΑΡΙΟ | D98: Κ.Καθαράκης, Μέλπω, Κατερίνα
A99: 45825 | B99: Να δώ ώρες εκπαιδευτών με τιμολόγιο και να στείλω ενημέρωση | C99: ΕΚΠΑΙΔΕΥΤΕΣ | D99: Κατερίνα
A100: 45825 | B100: 1. ΣΑΒΒΑ ΜΙΚΑΕΛΑ ΓΑΛΛΙΚΑ, 2. ΡΕΠΑΝΑΚΗ ΔΕΣΠΟΙΝΑ ΑΕΡΟΠΟΡΙΚΟΙ ΝΑΥΛΟΙ 3. ΚΥΡΛΑΚΗΣ ΔΙΑΚΟΣΜΗΤΙΚΗ ΠΑΡΑΣΚΕΥΑΣΜΑΤΩΝ ΤΕΜΑΧΙΣΜΟΣ ΚΡΕΑΣΤΩΝ, 4. ΒΑΣΙΚΕΣ ΑΡΧΕΣ ΔΙΑΤΡΟΦΗΣ ΝΕΟΝΑΚΗ | C100: ΕΞΕΤΑΣΕΙΣ | D100: Κατερίνα, Μέλπω
A101: 45825 | B101: Να εκτυπώσω 50 φορές το φυλλάδιο που θα μας στείλει η κυρία Μπίτζου και να τα βάλω σε φακέλους και να το βάλο | C101: ΕΚΔΗΛΩΣΗ | D101: Κατερίνα
A102: 45825 | B102: Να ρωτήσουμε τον κύριο Καθαράκη, τι θέλει να γράψουμε για να ανεβάσουμε το πρώτο βίντεο της σειράς στο tik tok | C102: ΠΡΟΩΘΗΣΗ | D102: Κύριος Καθαράκης
A103: 45825 | B103: Να τον ρωτήσουμε πως βρήσκει την ιδέα να δώσουμε φυλλάδια σε φροντηστήρια και αν θεωρεί πως έχει νόημα τώρα ή με την αρχή του νέου ακαδημαικού εξαμήνου | C103: ΠΡΟΩΘΗΣΗ | D103: Κύριος Καθαράκης | E103: Να ετοιμάσουμε πρόταση για ΔΣ
A104: 45826 | B104: Να κοιτάξουμε στην 8, να δούμε φωτισμό να δούμε πως μπορεί η μικρή αίθουσα να είναι λίγο πιο ευρήχορη, να δούμε τον προτζέκτορα ο οποίος δεν έχει και τόσο καλή ανάλυση, να κοιτάξουμε γραφεία που να είναι ευνοικά για σχεδιασμό,βάσεις για πίνακιδες. Επίσης να δούμε κάποιο εξαερισμό στην 8 και να δούμε και το κλιματιστικό αν δουλέυει καλά | C104: ΒΕΛΤΙΩΣΗ | D104: Μέλπω | E104: ΟΡΟΦΗΣ ΕΊΝΑΙ ΚΑΛΥΤΕΡΑ
A105: 45826 | B105: 1. Να υπάρχουν υχογραφίσεις για κάποιον που για σοβαρό λόγω δεν μπορεί να είναι στην αίθιουσα, 2.Αν γίνει πρωινό τμήμα ίσως βολέψει να το κάνουν και οι υπόλοιποι που είχαν παρακολουθήσει το σεμινάριο, 3. Το ότι δεν είναι 5/5 είναι καλό για να προωθηθεί επειδή δεν βολέυει τους μεγαλύτερης ηλικίας | C105: ΠΡΟΤΑΣΕΙΣ ΓΙΑ ΒΕΛΤΙΩΣΗ ΠΡΟΓΡΑΜΜΑΤΩΝ ΑΠΌ ΑΡΧΙΤΕΚΤΟΝΙΚΗ | D105: Κύριος Καθαράκης, Μέλπω, Κατερίνα
A106: 45826 | B106: Να δούμε της κυρίας Μπίτζου αυτά που μας έστειλε ως υλικό και να τα σχολιάσουμε | C106: ΠΡΟΩΘΗΣΗ | D106: Μέλπω
A107: 45826 | B107: 1. Να έχουν περισσότερες επισκέψεις σε χώρους εργασίας διότι θεωρούν πως είναι λίγες, 2. Ο Κυρλάκης θεωρούν πως δεν τους έμαθε όλα όσα είχε πει και δεν τους έμαθε πράγματα που να τους πάνε πιο πέρα από το 1ο έτος που ήδη γνώριζαν, 3. Η Τόνια τους αρέσει γιατίν τους βάζει να κάνουν περισσότερα πράγματα και θεωρούν πως μαθαίνουν περισσότερα από ότι γενικά και προετοιμάζονται για κανονικές συνθήκες εργασίας. | C107: ΠΡΟΤΑΣΕΙΣ ΓΙΑ ΒΕΛΤΙΩΣΗ ΠΡΟΓΡΑΜΜΑΤΩΝ ΑΠΌ ΑΡΧΙΤΕΚΤΟΝΙΚΗ | D107: Κύριος Καθαράκης, Μέλπω, Κατερίνα
A108: 45828 | B108: ΙΚΕΑ, RAVENA, PRACTICER να κάνονισουμε επαφή για να έχουμε συνεργασία και να πηγαίνουν πρακτικάριοι | C108: ΠΡΑΚΤΙΚΗ | D108: Μέλπω, Κατερίνα
A109: 45831 | B109: 6955298183 ΤΡΙΓΩΝΗ ΧΡΙΣΤΙΝΑ 15:30 ΞΕΝΑΓΗΣΗ ΓΙΑ ΛΟΓΙΣΤΙΚΑ | C109: ΞΕΝΑΓΗΣΗ | D109: Μέλπω, Κατερίνα
A110: 45831 | B110: Να ρωτήσω την Δευτέρα, αν δεν έχω email για τον Καυκά την Κουρμουλή 2163003000 | C110: ΠΡΑΚΤΙΚΗ | D110: Κατερίνα
A111: 45831 | B111: Να ρωτήσω τον Κυριάκο για τα σεμινάριο έκπτωση για να μπούμε στα φροντηστήρια | C111: ΠΡΟΩΘΗΣΗ | D111: Κατερίνα
A112: 45831 | B112: Τσικανδιλάκης Λευτέρης και Λεωνταράκης Μανούσος από Ζαχαράκη Νίκο | C112: ΠΡΑΚΤΙΚΗ | D112: Κατερίνα
A113: 45833 | B113: Να δώ την Παρασκευή το θέμα με την Candia και να ρωτήσω αν είναι εντάξει στον κύριο Καθαράκη, για να προχωρίσουμε | C113: ΚΑΘΑΡΙΟΤΗΤΑ | D113: κύριος Καθαράκης και Κατερίνα
A114: 45834 | B114: ΣΜΥΡΝΑΚΗ οκ, ΠΕΡΑΚΗΣ οκ, στιγμιοτυπο πηγασο ΣΜΑΡΑΓΔΑΚΗΣ, ΑΣΤΡΙΝΑΚΗ να δουμε για που θα κανουν πρακτικη, ΑΡΕΤΑΚΗ ειπε δεν θα κανει ακομα | C114: ΠΡΑΚΤΙΚΗ | D114: Κατερίνα
A115: 45834 | B115: ΤΗΛΕΦΩΝΟ ΦΟΥΝΑΡΙΟΤΑΚΗ ΓΙΑ ΝΑ ΠΩ ΑΝ ΘΑ ΞΕΚΙΝΗΣΕΙ 01/07 | C115: ΠΡΑΚΤΙΚΗ | D115: Κατερίνα
A116: 45834 | B116: ΝΑ ΕΝΗΜΕΡΩΣΩ ΣΙΤΟΡΕΓΚΟ, ΚΥΠΡΑΙΟ Πως ΞΕΚΙΝΑΕΙ 01/07 | C116: ΠΡΑΚΤΙΚΗ | D116: Κατερίνα
A117: 45835 | B117: Να στείλω Σιτορέγκο και Ναζε, αρχείο για να συμπληρώσουν τα στοιχεία για τα προσωπικα δεδομένα | C117: ΣΥΜΒΟΥΛΕΥΤΙΚΗ | D117: Κατερίνα
A118: 45835 | B118: Να καλέσω ΔΕΥΤΕΡΑ 9:00 στο 2841069012 τον κύριο Γιώτη από το Καλήμέρα Κρήτη για να συνενοηθώ για την πρακτική του ΓΕΩΡΓΙΟΥ ΠΕΡΑΚΗ | C118: ΠΡΑΚΤΙΚΗ | D118: Κατερίνα | E118: Διευθυντής: κύριο Γιώτης κινητό: 6941554666 , email: hr@kalimerakriti.gr | F118: ΚΑΛΩ ΣΥΝΕΧΕΙΑ ΚΑΙ ΔΕΝ ΤΟ ΣΗΚΩΝΕΙ ΟΥΤΕ ΕΚΕΙΝΟΣ ΟΥΤΕ Η ΓΥΝΑΙΚΑ ΤΟΥ ΠΟΥ ΜΟΥ ΕΙΠΕ ΝΑ ΚΑΛΩ ΕΚΕΙΝΗ ΓΙΑΤΙ ΕΚΕΙΝΟ ΔΕΝ ΘΑ ΤΟΝ ΒΡΙΣΚΩ
A119: 45835 | B119: ΕΝΔΙΑΦΕΡΩΝ ΑΠΌ KNOSSOS ROYAL ΓΙΑ ΚΟΥΖΙΝΑ ΚΑΙ ΖΑΧΑΡΟΠΛΑΣΤΕΙΟ ΓΙΑ ΠΡΑΚΤΙΚΗ ΑΣΚΗΣΗ, ΤΗΛΕΦΩΝΟ ΑΠΌ ΚΟΥΡΤΙΚΑΚΗ ΕΙΡΗΝΗ 6972700974 | C119: ΠΡΑΚΤΙΚΗ | D119: Κατερίνα, Μέλπω
A120: 45835 | B120: Να περάσω τον Φιολιτάκη, που θέλει για σεμινάριο συγκεκριμένα να μάθει προγράμματα με τρισδιάστατες εικόνες και φωτορεαλισμό (πχ autocad) θέλει να μάθει ποια προγγράμματα έχουμε και δεν πειράζει και ας είναι από την ειδικότητα απλα δεν τον ενδιαφέρει να βγάλει την σχολή, τον ενδιαφέρουν συγκεκριμένα πράγματα. Εμεις έχουμε τηλέφωνο της γυναίκας του που την λένε ΨΙΛΑΚΗ ΜΑΡΙΝΑ - 6945550675, και το δικό του νούμερο είναι 6946069653 και θέλει να μάθει και ώρες οπότε να του πω για σεμινάρια να δεί το σαιτ και αν θέλει από σχολή δεν μπορούμε να ξέρουμε ώρες και μέρες εβδομάδας από τώρα. Για σεμινάρια 1ος μήνα από το katartisi.gr | C120: ΕΝΔΙΑΦΕΡΩΝ ΓΙΑ ΠΡΟΓΡΑΜΜΑΤΑ ΑΡΧΙΤΕΚΤΟΝΙΚΑ | D120: Κατερίνα | E120: Εμείς κάνουμε το Autocad και στο εαρινό εξάμηνο θα κάνουμε το 3dmax. Είναι τα πιο απαιτητικά προγράμματα και μετά η μετάβαση σε άλλα είναι πολύ εύκολη. Έχουμε επίσης χρησιμοποιήσει το homestyler που ειναι για εσωτερικούς χώρους και από το Sketchup έχουμε δείξει τα βασικά. Μπορεί να κάνει τώρα το 3d AutoCAD που είναι μια πολυ καλη βάση κατανόησης πώς λειτουργούν όλα τα 3d.
A121: 45835 | B121: Μας κάλεσε ο Δρακουλάκης Γιώργος με τηλέφωνο 6947671654 και email: drakoulaki@yahoo.com ενδιαφέρετε για να έχει πρακτικάριους από εσωτερική αρχιτεκτονική και διακόσμηση. Είναι πολιτικός μηχανικός κασχολείτε με κατασκευή και μελέτες επιθυμεί να έχει άτομο για εντος του γραφείου αλλά και για εκτός σε εργοτάξιο | C121: ΠΡΑΚΤΙΚΗ | D121: Κατερίνα
A122: 45835 | B122: Μας κάλεσε ο Παπαδάκης Σωκράτης με τηλέφωνο 6974816527 και email: soc.papadaki@gmail.com. Είναι πολιτικός μηχανικός και έχει τεχνηκό γραφείο. | C122: ΠΡΑΚΤΙΚΗ | D122: Κατερίνα
A123: 45838 | B123: Αν δεν με καλέσει ο κύριος Μασαούτης Βασίλειος 6976605327 ο ηλεκτρολόγος, να καλέσω πάλι 01/07/2025 διότι πεύτει μια ασφάλεια στην κουζίνα και έχουν καεί και 2 λάμπες. Είπε πως θα έρθει είτε σήμερα 30/06/2025 μετά τις 14:00 είτε άυριο κάποια στιγμή, αλλά θα επικοινωνούσε 30/06 για να μου πεί... | C123: ΕΠΙΣΚΕΥΕΣ | D123: Κατερίνα | E123: Η ΣΗΜΕΡΑ ΜΕΤΑ ΤΟ ΕΚΤΑΚΤΟ ΔΡΟΜΟΛΟΓΙΟ ΠΟΥ ΤΟΥ ΕΤΥΧΕ Η ΑΥΡΙΟ 8 ΚΑΙ 30 ΤΟ ΠΡΩΙ
A124: 45838 | B124: Να δώ μαζί με την Νατάσα τη Τετάρτη 02/07/2025 αν η Ράνια Σταματάκη έχει βάλει 330€ | C124: ΣΠΟΥΔΑΣΤΕΣ | D124: Κατερίνα
A125: 45838 | B125: Ραντεβού αύριο 11:00-11:15 τμήμα δημοσίων σχέσων και επικοινωνίας να ετοιμάσω φυλλάδιο. 6986437384, Τσικανδυλάκης Κωνσταντίνος | C125: ΡΑΝΤΕΒΟΥ | D125: Κατερίνα
A126: 45838 | B126: 2810282464 να ζητήσω ΑΝΝΑ για κωδικο ειδικοτητας 08:00-4:00 να καλέσω | C126: ΠΡΑΚΤΙΚΗ | D126: Κατερίνα
A127: 45838 | B127: Να ρωτήσω Mitsis και Royal να δω αν θέλουν άτομο έξτρα για πρακτική, για να στείλω τον Σελήθωμα Γεώργιο | C127: ΠΡΑΚΤΙΚΗ | D127: Κατερίνα
A128: 45839 | B128: Να καθοδηγήσω την ΚΑΘΑΡΙΣΤΡΙΑ αυρίο το πρωι και να τις δώσω και το πρόγραμμα εργασίας | C128: ΚΑΘΑΡΙΟΤΗΤΑ | D128: Κατερίνα
A129: 45839 | B129: Να περιμένω 08:00 - 11:00 Παρασύρη Ειρήνη 6986783854 ΤΕΧΝΙΚΟΣ ΑΡΤΟΠΟΙΗΑΣ ΚΑΙ ΖΑΧΑΡΟΠΛΑΣΤΙΚΗΣ ΤΕΧΝΗΣ | C129: ΡΑΝΤΕΒΟΥ | D129: Κατερίνα
A130: 45839 | B130: Πέμπτη 03/07/2025 στις 16:30 6943802760, να περιμένω τον Γιωργάκη Νίκο για ξενάγηση και ίσως εγγραφή | C130: ΡΑΝΤΕΒΟΥ | D130: Κατερίνα
A131: 45839 | B131: Να καλέσω την Γράσσου 2810247036 την Παρασκευή, να δώ αν έχει εκδηλώσει ενδιαφέρων το άτομο και γενικά τι γίνεται | C131: ΡΑΝΤΕΒΟΥ | D131: Κατερίνα
A132: 45840 | B132: Να ρωτήσω την Μέλπω τι κάνουμε με τους βαθμούς Καλογεράκη και Μπίτζου που έχουν στείλει για τον ΠΗΓΑΣΟ που δεν μπορούμε πλέων να το τροποποιήσουμε | C132: ΣΠΟΥΔΑΣΤΕΣ | D132: Κατερίνα, Μέλπω | F132: μέσα Οκτώμβριου
A133: 45840 | B133: Να καλέσω τον κύριο Βέργα 6942471022 να τον ρωτήσω για το πρόγραμμα και να ρωτήσω και για εφαρμογή που εμφανήζει στον υπολογιστή. Ποιο τηλέφωνο μας κάλεσε, για να καλούμε πίσω | C133: ΒΕΡΓΑΣ | D133: Κατερίνα, Κώστας
A134: 45840 | B134: Να καλέσω την κυρία Κοκκινίδη Εύα 6944780447 - ΑΡΧΙΤΕΚΤΟΝΑΣ ΠΕΜΠΤΗ 03/07/2025 14:00-15:00 εκ μέρους της κυρίας Μπίτζου, να δούμε το θέμα της πρακτικής | C134: ΠΡΑΚΤΙΚΗ | D134: Κατερίνα | E134: Η Μπίτζου μου είπε πως παλλιά είχε δώσει άτομο για πρακτική και δεν έδινε χρήματα οπότε κατάφερα να επικοινωνίσω 4/07 και είπε θα με καλέσει στις 15:00 αν όχι θα την καλέσω εγώ, αλλίως το αφήνω. Αν είναι να μην είναι καλή, είχε προτείνει η Μπίτζου και για μάθημα αλλά είναι 67-68 οπότε της είπα καλύτερα να μην της πεί και δεν ξέρει και πόσο συνεπής θα είναι. | G134: μετα τις 10:30-16:00 | H134: την κάλεσα και μου το κλείνει οπότε δεν ξανά καλώ
A135: 45840 | B135: Με κάλεσαν από επιχείρηση με ανελκυστύρες που λέγετε ΚΛΕΜΑΝ η κυρία Δελκα Χρύσα 698417880, εκείνοι ζειτάνε άτομα για τεχνηκό -μηχανικό για ανελκυστήρες ή για λογιστήριο | C135: ΠΡΑΚΤΙΚΗ | D135: Κατερίνα
A136: 45840 | B136: Μας κάλεσε ο Νικόλαος K. Γρυλλάκης Διπλ. Πολιτικός Μηχανικός Τηλ. 2810327474, Κιν. 6980169968 nickgryl@outlook.com.gr διότι έχει ενδιαφέρων για να πάρει αρχνιτέκτονες για πρακτική | C136: ΠΡΑΚΤΙΚΗ | D136: Κατερίνα
A137: 45841 | B137: Να περιμένω να με καλέσει ο Βέργας αν δεν καλέσει μέχρι 12:00, να τον ξανά καλέσω | C137: ΒΕΡΓΑΣ | D137: Κατερίνα
A138: 45841 | B138: Με κάλεσε ο Βακιντής και μου είπε πως αν είναι οι φούστες του κύριου Καλαθάκη και έχουν συννενοηθεί να τις παραλάβει από τον Σιγανό. Έστειλα και μήνυμα και να τον καλέσω πιο μεσημέρι. | C138: ΕΚΔΗΛΩΣΗ | D138: Κατερίνα
A139: 45842 | B139: Για να δείς τις χαμένες κλήσεις από το τηλέφωνο, πατάς από τα μάυρα τα κουμπιά τα πάνω πατάς το 4 από κάτω, μετά εμφανίζει 1. MISSED CALL, 2. ALL CALL και πατάς το νούμερο που θέλεις για να δείς πχ 1. για να δούμε κλήσεις που δεν έχουμε καλέσει, για να πάμε πριν και μετά σε ημερομηνία και ώρα πάμε στο κουμπί τέρμα κάτω δεξιά που είναι κάτω από το μεγάφωνο και πάμε -/+ στα μεγαφωνάκια. Μετά για να καλέσουμε πίσω αν θλελουμε, πατάμε το Hold/Save που είναι πάνω από το κουμπί μεγάφωνου και καλεί πίσω. | C139: ΤΗΛΕΦΩΝΟ | D139: Κατερίνα
A140: 45845 | B140: Να δώ αν απαντήσει ο Βέργας αλλιώς να τον καλέσω την Πέμπτη 10/07/2025 ξανά | C140: ΒΕΡΓΑΣ | D140: Κατερίνα
A141: 45845 | B141: Αν η κυρία Μπίτζου δεν έρθει αυτή την εβδομάδα 8:30 που είπε πως θα περάσει για να δούμε την αίθουσα 8 και τα θέματα που έχουν αναφέρει οι σπουδαστές, να την ξανά καλέσουμε 14/07/2025 | C141: ΑΙΘΟΥΣΕΣ | D141: Κατερίνα
A142: 45845 | B142: Να κλείσουμε στο πλάνο τον αιθουσών για 20 οκτωμβρίου τις αίθουσες που ξέρουμε | C142: ΑΙΘΟΥΣΕΣ | D142: Κατερίνα, Μέλπω
A143: 45847 | B143: Να καλέσω Τετάρτη 16:00 τον Γεωργάκη Νίκο, αν θα κάνουμε τελικά την ξενάγηση | C143: ΞΕΝΑΓΗΣΗ | D143: Κατερίνα, Μέλπω
A144: 45847 | B144: Να παραγγείλουμε βιβλία ύλης για να είναι έτοιμα για την νέα χρονία | C144: ΑΙΘΟΥΣΕΣ | D144: Κατερίνα, Μέλπω
A145: 45847 | B145: Να πω πως η Μαρίνα Σιτορέγκο και Φωτεινή Κουκουλάκη θέλει για πρακτική άσκηση ΕΝΙΣΧΥΣΕΙΣ ΚΡΗΤΗΣ Α.Ε. Νίκος Καμπιτάκης Πολιτικός Μηχανικός ΤΕ, Μηχανολόγος Μηχανικός ΤΕΕ ΕΝΙΣΧΥΣΕΙΣ ΚΡΗΤΗΣ Α.Ε. Λ. Καλοκαιρινού 61 & Αρχοντοπούλου, Ηράκλειο Κρήτης Τηλ.: 2810343509 Email: info@enik-sa.gr | C145: ΠΡΑΚΤΙΚΗ | D145: Κατερίνα
A146: 45848 | B146: Να καλέσω στα γραφεία για το Νίκο Ζαχαράκη, Είμαστε σε επιοκοινωνία με το γραφείο του Τσικανδιλάκη και περιμένουμε απάντηση ή ενημέρωση από το Νίκο και αν έχουμε αρνητική απάντηση θα προσεγγίσω τα επόμενα, προς το παρών περιμένω | C146: ΠΡΑΚΤΙΚΗ | D146: Κατερίνα | E146: 1) Τσικανδιλάκης Λευτέρης 2810341617 (mailbox@tsikandilakis.gr) 2) Μανούσος Λεονταράκης 2810390102 3) BAUART 'Ελενα και Κατερίνα Δουλγεράκη 6947029625 4) Micron Design Verde Ορφανουδάκης 2810223167
A147: 45848 | B147: Να στείλω στην Αστρινάκη και Σακουλάκη, ένα email γιατι δεν έχουν στείλει στοιχεία\ | C147: ΣΥΜΒΟΥΛΕΥΤΙΚΗ | D147: Κατερίνα
...

Sheet ΕΝΗΜΕΡΩΣΗ ΚΑΤΑΣΤΑΣΗΣ Κ.ΚΑΘΑΡΑΚΗ
A1: ΤΜΗΜΑ | B1: ΑΡΙΘΜΟΣ ΕΓΓΡΑΦΩΝ | C1: ΕΓΓΡΑΦΕΣ ΓΙΑ 2ο ΈΤΟΣ
A2: ΕΣΩΤΕΡΙΚΗ ΑΡΧΙΤΕΚΤΟΝΙΚΗ ΔΙΑΚΟΣΜΙΣΗ ΚΑΙ ΣΧΕΔΙΑΣΜΟΣ ΑΝΤΙΚΕΙΜΕΝΩΝ | B2: =COUNT('ΚΑΤΑΣΤΑΣΗ ΣΠΟΥΔΑ ΚΑΙ ΕΚΠΑΙΔ'!G2:G12) -> 0 | C2: 0
A3: ΣΤΕΛΕΧΟΣ ΔΙΟΙΚΗΣΗΣ ΚΑΙ ΟΙΚΟΝΟΜΙΑΣ | B3: =COUNT('ΚΑΤΑΣΤΑΣΗ ΣΠΟΥΔΑ ΚΑΙ ΕΚΠΑΙΔ'!G22:G31) -> 0 | C3: 0
A4: ΤΕΧΝΙΚΟΣ ΑΡΤΟΠΟΙΙΑΣ ΚΑΙ ΖΑΧΑΡΟΠΛΑΣΤΙΚΗΣ | B4: =COUNT('ΚΑΤΑΣΤΑΣΗ ΣΠΟΥΔΑ ΚΑΙ ΕΚΠΑΙΔ'!G68:G77) -> 0 | C4: 0
A5: ΣΤΕΛΕΧΟΣ ΥΠΗΡΕΣΙΩΝ ΑΕΡΟΜΕΤΑΦΟΡΑΣ | B5: =COUNT('ΚΑΤΑΣΤΑΣΗ ΣΠΟΥΔΑ ΚΑΙ ΕΚΠΑΙΔ'!G44:G54) -> 1 | C5: 0
A6: ΤΕΧΝΙΚΟΣ ΜΑΓΕΙΡΙΚΗΣ ΤΕΧΝΗΣ - ΑΡΧΙΜΑΓΕΙΡΑΣ ΣΕΦ | B6: =COUNT('ΚΑΤΑΣΤΑΣΗ ΣΠΟΥΔΑ ΚΑΙ ΕΚΠΑΙΔ'!G91:'ΚΑΤΑΣΤΑΣΗ ΣΠΟΥΔΑ ΚΑΙ ΕΚΠΑΙΔ'!G100) -> 2 | C6: 0
A7: ΥΠΟΛΟΓΙΣΤΩΝ | B7: =COUNT('ΚΑΤΑΣΤΑΣΗ ΣΠΟΥΔΑ ΚΑΙ ΕΚΠΑΙΔ'!G113:G120) -> 0 | C7: 0
A8: ΤΟΥΡΙΣΜΟΥ | B8: =COUNT('ΚΑΤΑΣΤΑΣΗ ΣΠΟΥΔΑ ΚΑΙ ΕΚΠΑΙΔ'!G123:G130) -> 0 | C8: 0
A9: ΣΥΝΟΛΟ | B9: =SUM(B2:B6) -> 3 | C9: =SUM(C2:C8) -> 0
A11: ΣΥΝΟΛΙΚΟ ΠΙΝΑΚΑΚΙ ΓΙΑ ΣΠΟΥΔΑΣΤΕΣ
A12: ΕΓΓΡΑΦΕΣ | B12: ΣΠΟΥΔΑΣΤΕΣ | C12: ΣΥΝΟΛΟ
A13: =SUM(B2:C8) -> 3 | B13: 29 | C13: =A13+B13 -> 32

Sheet ΕΚΔΗΛΩΣΕΙΣ ΕΝΔΙΑΦΕΡΟΝΤΟΣ
A1: Α/Α | B1: ΗΜΕΡΟΜΗΝΙΑ | C1: ΩΡΑ | D1: ΕΙΔΙΚΟΤΗΤΑ | E1: ΟΝΟΜΑΤΕΠΩΝΥΜΟ | F1: EMAIL | G1: ΤΗΛΕΦΩΝΟ | H1: ΑΠΌ ΠΟΥ ΜΑΘΑΤΕ ΓΙΑ ΤΗΝ ΙΣΑΕΚ | I1: ΣΧΟΛΙΑ
A2: 1 | B2: Πέμπτη, 26 Ιουνίου 2025 | C2: 0.57013889 | D2: Στέλεχος Δημοσίων Σχέσεων και Επικοινωνίας | E2: Αγγελική Σταματάκη | F2: aggelikistam1@gmail.com | G2: 6980020116 | H2: Απο φίλο / γνωστό | J2: ΣΥΝΟΛΟ | K2: ΕΙΔΙΚΟΤΗΤΑ | L2: ΑΡΙΘΜΟΣ ΕΝΔΙΑΦΕΡΟΜΕΝΩΝ
A3: 2 | B3: Δευτέρα, 30 Ιουνίου 2025 | C3: 0.59444444 | D3: Τεχνικός Λογισμικού Ηλεκτρονικών Υπολογιστών | E3: ΝΙΚΟΣ ΓΙΩΡΓΑΚΗΣ | F3: nikosgiorgakis343@gmail.com | G3: 6943802760 | H3: Απο φίλο / γνωστό | J3: =COUNT(C2:C258) -> 63 | K3: Εσωτερική Αρχιτεκτονική Διακόσμηση και Σχεδιασμός Αντικειμένων | L3: =COUNTIF(Πίνακας2[ΕΙΔΙΚΟΤΗΤΑ],"Εσωτερική Αρχιτεκτονική Διακόσμηση και Σχεδιασμός αντικειμένων") -> 30
A4: 3 | B4: Δευτέρα, 30 Ιουνίου 2025 | C4: 0.53611111 | D4: Εσωτερική Αρχιτεκτονική Διακόσμηση και Σχεδιασμός Αντικειμένων | E4: Iwona Kirzanowska | F4: iwona55@windowslive.com | G4: 6951957501 | H4: Ιστοσελίδα / Αναζήτηση | K4: Στέλεχος Δημοσίων Σχέσεων και Επικοινωνίας | L4: =COUNTIF(Πίνακας2[ΕΙΔΙΚΟΤΗΤΑ],"Στέλεχος Δημοσίων Σχέσεων και Επικοινωνίας") -> 4
A5: 4 | B5: Παρασκεύη, 04 Ιουλίου 2025 | C5: 0.088888889 | D5: Στέλεχος Μονάδων Φιλοξενίας | E5: Ελένη Καλογεράκη | F5: elenikalogeraki2005@gmail.com | G5: 6940880624 | H5: Ιστοσελίδα / Αναζήτηση
A6: 5 | B6: Τρίτη, 08 Ιουλίου 2025 | C6: 0.48819444 | D6: Εσωτερική Αρχιτεκτονική Διακόσμηση και Σχεδιασμός Αντικειμένων | E6: Σοφία Γιαχνακη | F6: so.giachnaki@gmail.com | G6: 6942996527 | H6: Ιστοσελίδα / Αναζήτηση | K6: Από που μάθανε για ΙΣΑΕΚ
A7: 6 | B7: Τρίτη, 08 Ιουλίου 2025 | C7: 0.56388889 | D7: Στέλεχος Διοίκησης και Οικονομίας | E7: NIKOLAOS KLEIDONIARIS | F7: nicklido21@gmail.com | G7: 6932422976 | H7: E-mail | K7: Email | L7: =COUNTIF(Πίνακας2[ΑΠΌ ΠΟΥ ΜΑΘΑΤΕ ΓΙΑ ΤΗΝ ΙΣΑΕΚ],"E-mail") -> 11 | M7: =L7/$J$3 -> 0.17460317
A8: 7 | B8: Τρίτη, 08 Ιουλίου 20265 | C8: 0.66041667 | D8: Εσωτερική Αρχιτεκτονική Διακόσμηση και Σχεδιασμός Αντικειμένων | E8: Ερη Βρουβακη | F8: erivrouvaki@gmail.com | G8: 6940097540 | H8: E-mail | K8: Facebook / Instagram | L8: =COUNTIF(Πίνακας2[ΑΠΌ ΠΟΥ ΜΑΘΑΤΕ ΓΙΑ ΤΗΝ ΙΣΑΕΚ],"Facebook / Instagram") -> 14 | M8: =L8/$J$3 -> 0.22222222
A9: 8 | B9: Τετάρτη, 09 Ιουλίου 20266 | C9: 0.51458333 | D9: Εσωτερική Αρχιτεκτονική Διακόσμηση και Σχεδιασμός Αντικειμένων | E9: Γεωργία Μπινιχάκη | F9: mpigeorgia@hotmail.com | G9: 6977731248 | H9: E-mail | K9: Από φίλο / γνωστό | L9: =COUNTIF(Πίνακας2[ΑΠΌ ΠΟΥ ΜΑΘΑΤΕ ΓΙΑ ΤΗΝ ΙΣΑΕΚ],"Απο φίλο / γνωστό") -> 19 | M9: =L9/$J$3 -> 0.3015873
A10: 9 | B10: Πέμπτη, 10 Ιουλίου 2025 | C10: 0.9625 | D10: Εσωτερική Αρχιτεκτονική Διακόσμηση και Σχεδιασμός Αντικειμένων | E10: Ανδριανα Καψαλη | F10: adrianakapsali@gmail.com | G10: 6949922242 | H10: Ιστοσελίδα / Αναζήτηση | K10: Ιστοσελίδα / Αναζήτηση | L10: =COUNTIF(Πίνακας2[ΑΠΌ ΠΟΥ ΜΑΘΑΤΕ ΓΙΑ ΤΗΝ ΙΣΑΕΚ],"Ιστοσελίδα / Αναζήτηση") -> 55 | M10: =L10/$J$3 -> 0.87301587 | N10: 1η
A11: 10 | B11: Σάββατο, 12 Ιουλίου 2025 | C11: 0.37013889 | D11: Στέλεχος Εμπορίας, Διαφήμισης και Προώθησης Προϊόντων (MARKETING) | E11: Eυα Πεσιου | F11: e_pesiou@yahoo.gr | G11: 6940167550 | H11: Ιστοσελίδα / Αναζήτηση | K11: Τηλεώραση | L11: =COUNTIF(Πίνακας2[ΑΠΌ ΠΟΥ ΜΑΘΑΤΕ ΓΙΑ ΤΗΝ ΙΣΑΕΚ],"Τηλεώραση") -> 0 | M11: =L11/$J$3 -> 0
A12: 11 | B12: Σάββατο, 12 Ιουλίου 2025 | C12: 0.37013889 | D12: Στέλεχος Μηχανογραφημένου Λογιστηρίου – Φοροτεχνικού Γραφείου | E12: Eυα Πεσιου | F12: e_pesiou@yahoo.gr | G12: 6940167550 | H12: Τηλεόραση
A13: 12 | B13: Σάββατο, 12 Ιουλίου 2025 | C13: 0.37083333 | D13: Στέλεχος Δημοσίων Σχέσεων και Επικοινωνίας | E13: Eυα Πεσιου | F13: e_pesiou@yahoo.gr | G13: 6940167550 | H13: Τηλεόραση
A14: 13 | B14: Τρίτη, 22 Ιουλίου 2025 | C14: 0.088888889 | D14: Στέλεχος Υπηρεσιών Αερομεταφοράς | E14: Παναγιώτα Μαυρογιαννάκη | F14: maraki_name@yahoo.gr | G14: 6945672911 | H14: Facebook / Instagram
A15: 14 | B15: Παρασκεύη, 25 Ιουλίου 2025 | C15: 0.99027778 | D15: Τεχνικός Μαγειρικής Τέχνης–Αρχιμάγειρας(CHEF) | E15: Κώστας Αγγελακης | F15: kostesangelakes@gmail.com | G15: 6976620640 | H15: Ιστοσελίδα / Αναζήτηση
A16: 15 | B16: Σάββατο, 26 Ιουλίου 2025 | C16: 0.25625 | D16: Στέλεχος διοίκησης και Οικονομίας στον Τομέα του Τουρισμού | E16: ΑΛΈΞΑΝΔΡΟΣ ΤΖΑΝΆΚΗΣ | F16: a.tzanakis@hotmail.com | G16: 6955957705 | H16: Facebook / Instagram
A17: 16 | B17: Σάββατο, 26 Ιουλίου 2025 | C17: 0.47430556 | D17: Εσωτερική Αρχιτεκτονική Διακόσμηση και Σχεδιασμός Αντικειμένων | E17: ΒΑΣΙΛΙΚΗ ΦΑΡΣΑΡΗ | F17: mzarmpa@gmail.com | G17: 6974246296 | H17: Απο φίλο / γνωστό
A18: 17 | B18: Δευτέρα, 28 Ιουλίου 2025 | C18: 0.55763889 | D18: Τεχνικός Αρτοποιίας – Ζαχαροπλαστικής | E18: Μελινα Αντωνάκη | F18: melinaantonaki@gmail.com | G18: 6972937741 | H18: E-mail
A19: 18 | B19: Δευτέρα, 28 Ιουλίου 2025 | C19: 0.55833333 | D19: Τεχνικός Αρτοποιίας – Ζαχαροπλαστικής | E19: Καμπιτάκη Ελένη | F19: mpap313@gmail.com | G19: 6938855788 | H19: E-mail
A20: 19 | B20: Δευτέρα, 28 Ιουλίου 2025 | C20: 0.55833333 | D20: Τεχνικός Αρτοποιίας – Ζαχαροπλαστικής | E20: ΔΕΣΠΟΙΝΑ ΚΑΛΑΙΤΖΑΚΗ | F20: d.kalaitzaki@gmail.com | G20: 6946681521 | H20: E-mail
A21: 20 | B21: Δευτέρα, 28 Ιουλίου 2025 | C21: 0.57361111 | D21: Εσωτερική Αρχιτεκτονική Διακόσμηση και Σχεδιασμός Αντικειμένων | E21: ΙΩΑΝΝΗΣ ΣΚΑΡΑΚΗΣ | F21: skarasrnr@gmail.com | G21: 6973334093 | H21: E-mail
A22: 21 | B22: Τρίτη, 29 Ιουλίου 2025 | C22: 0.52638889 | D22: Τεχνικός Μαγειρικής Τέχνης–Αρχιμάγειρας(CHEF) | E22: Δημήτρης Στυλιαράς | F22: styliaras11@gmail.com | G22: 6947290911 | H22: Απο φίλο / γνωστό
A23: 22 | B23: Τετάρτη, 30 Ιουλίου 2025 | C23: 0.70208333 | D23: Στέλεχος διοίκησης και οικονομίας στον τομέα του τουρισμού | E23: Αλισα Γιαρος | F23: vassillissa82@gmail.com | G23: 6930130198 | H23: Ιστοσελίδα / Αναζήτηση
... A28: 27 | B28: Δευτέρα, 04 Αυγούστου 2025 | C28: 0.68333333 | D28: Στέλεχος Μηχανογραφημένου Λογιστηρίου – Φοροτεχνικού Γραφείου | E28: Ελευθερια Ακουμιανακη | F28: eriakoumm@gmail.com | G28: 6942692585 | H28: Facebook / Instagram
A29: 28 | B29: Παρασκεύη, 08 Αυγούστου 2025 | C29: 0.88680556 | D29: Εσωτερική Αρχιτεκτονική Διακόσμηση και Σχεδιασμός Αντικειμένων | E29: Ιωάννης Μπορμπαντωνακης | F29: gianbormp@outlook.com.gr | G29: 6979009801 | H29: Ιστοσελίδα / Αναζήτηση | I29: ΤΗΝ ΚΑΛΕΣΑ ΖΗΤΟΥΣΕ ΠΛΗΡΟΦΟΡΙΕΣ ΓΙΑ ΑΝ ΕΙΜΑΣΤΕ ΔΗΜΟΣΑ Η ΙΔΙΩΤΙΚΗ ΣΧΟΛΗ, ΤΙ ΠΤΥΧΙΟ ΠΑΙΡΝΕΙ, ΤΟ ΚΟΣΤΟΣ ΚΑΙ ΕΙΠΕ ΘΑ ΜΙΛΗΣΕΙ ΜΕ ΤΟ ΠΑΙΔΙ ΤΗΣ ΚΑΙ ΘΑ ΜΑΣ ΕΝΗΜΕΡΩΣΕΙ
A30: 29 | B30: Σάββατο, 09 Αυγούστου 2025 | C30: 0.96805556 | D30: Τεχνικός Αρτοποιίας – Ζαχαροπλαστικής | E30: Μαρία Παπαδάκη | F30: mariapap1990@hotmail.com | G30: 6984816562 | H30: E-mail | I30: ΤΗΝ ΚΑΛΕΣΑ ΚΑΙ ΘΕΛΕΙ ΜΟΝΟ ΠΡΩΙΝΟ ΤΜΗΜΑ ΓΙΑΤΙ ΓΙΑ ΑΠΟΓΕΥΜΑ ΔΕΝ ΜΠΟΡΕΙ ΔΟΥΛΕΥΕΙ
A31: 30 | B31: Τρίτη, 12 Αυγούστου 2025 | C31: 0.38888889 | D31: Τεχνικός Μαγειρικής Τέχνης–Αρχιμάγειρας(CHEF) | E31: ΜΑΡΙΟΣ ΧΑΛΚΙΑΔΑΚΗΣ | F31: chalkiadakismarios@gmail.com | G31: 6974001347 | H31: Ιστοσελίδα / Αναζήτηση | I31: ΗΘΕΛΕ ΠΛΗΡΟΦΟΡΙΕΣ ΑΝ ΕΙΜΑΣΤΕ ΚΡΑΤΙΚΗ - ΔΗΜΟΣΙΑ ΑΠΌ ΌΤΙ ΚΑΤΑΛΑΒΑ ΣΧΟΛΗ ΚΑΙ ΘΕΛΕΙ ΚΑΠΟΙΑ ΣΤΙΓΜΗ ΝΑ ΕΡΘΕΙ ΝΑ ΜΑΘΕΙ ΠΕΡΙΣΣΟΤΕΡΕΣ ΠΛΗΡΟΦΟΡΙΕΣ ΕΠΕΙΔΗ ΛΕΕΙ ΔΟΥΛΕΥΕΙ ΤΟ ΠΑΙΔΙ ΘΑ ΕΡΘΕΙ ΚΑΠΟΙΑ ΣΤΙΓΜΗ Η ΜΑΝΑ ΝΑ ΜΑΘΕΙ Τις ΠΛΗΡΟΦΟΡΙΕΣ ΕΚΕΙΝΗ ΛΕΕΙ ΕΚΑΝΕ ΚΑΙ ΤΗΝ ΑΙΤΗΣΗ
A32: 31 | B32: Τετάρτη, 13 Αυγούστου 2025 | C32: 0.10138889 | D32: Τεχνικός Αρτοποιίας – Ζαχαροπλαστικής | E32: ΕΛΕΝΗ ΠΕΤΡΑΚΗ | F32: eleni1345@gmail.com | G32: 6975776225 | H32: Facebook / Instagram
A33: 32 | B33: Τετάρτη, 13 Αυγούστου 2025 | C33: 21:19 μμ | D33: Στέλεχος Υπηρεσιών Αερομεταφοράς | E33: ΧΡΥΣΗ ΧΟΧΛΙΔΑΚΗ | F33: xoxxry@yahoo.gr | G33: 6945327573 | H33: E-mail | I33: ΗΘΕΛΕ ΠΛΗΡΟΦΟΡΙΕΣ ΑΛΛΑ ΘΑ ΚΑΛΕΣΕΙ ΕΚΕΙΝΗ ΛΕΕΙ ΓΙΑ ΡΑΝΤΕΒΟΥ
A34: 33 | B34: Πέμπτη, 14 Αυγούστου 2025 | C34: 12:15 πμ | D34: Εσωτερική Αρχιτεκτονική Διακόσμηση και Σχεδιασμός Αντικειμένων | E34: MARIA VASILEIADOU | F34: mariavassiliadou38@gmail.com | G34: 6984656954 | H34: Facebook / Instagram | I34: ΗΘΕΛΕ ΠΙΟ ΠΟΛΎ ΓΙΑ ΤΟ ΜΑΘΗΜΑ ΙΣΤΟΡΙΑ ΤΕΧΝΗΣ ΚΑΙ ΤΗΣ ΕΣΤΕΙΛΑ ΟΔΗΓΟ ΣΠΟΥΔΩΝ. ΡΩΤΟΥΣΕ ΑΝ ΗΤΑΝ ΕΞ ΑΠΟΣΤΑΣΕΩΣ ΡΩΤΟΥΣΕ ΑΝ ΕΙΑΝΙ ΜΕΤΑΠΤΥΧΙΑΚΟ ΚΑΙ ΘΕΛΕΙ ΝΑ ΕΧΕΙΣ ΠΑΡΕΙ ΠΤΥΧΙΟ, ΤΗΣ ΤΑ ΕΞΗΓΗΣΑ ΚΑΙ ΕΙΠΕ ΘΑ ΚΑΛΕΣΕΙ ΔΕΥΤΕΡΑ ΓΙΑ ΝΑ ΚΛΕΙΣΕΙ ΡΑΝΤΕΒΟΥ ΑΝ ΔΕΝ ΚΑΛΕΣΕΙ ΘΑ ΚΑΛΕΣΩ ΠΑΡΑΣΚΕΥΗ
A35: 34 | B35: Παρασκεύη, 15 Αυγούστου 2025 | C35: 20:47 μμ | D35: Tεχνικός υπολογιστικών συστημάτων | E35: ΕΙΡΗΝΗ ΓΑΛΑΤΣΑΝΟΥ | F35: irenegaga9@gmail.com | I35: ΤΗΣ ΕΣΤΕΙΛΑ EMAIL, ΔΙΟΤΙ ΣΥΜΠΛΗΡΩΣΕ ΑΠΛΗ ΦΟΡΜΑ ΕΠΙΚΟΙΝΩΝΙΑΣ ΠΟΥ ΈΔΕΙΝΕ ΜΟΝΟ ΤΟ EMAIL ΚΑΙ ΌΧΙ ΤΟ ΤΗΛΕΦΩΝΟ ΓΙΑ ΝΑ ΤΗΝ ΚΑΛΕΣΩ ΚΑΙ ΤΙΣ ΑΠΑΝΤΗΣΑ ΣΤΑ ΕΡΩΤΗΜΑΤΑ
A36: 35 | B36: Παρασκεύη, 15 Αυγούστου 2025 | C36: 21:11 μμ | D36: Στέλεχος Υπηρεσιών Αερομεταφοράς | E36: Δέσποινα Πρασανάκη | F36: desppras@gmail.com | G36: 6980882454 | H36: Απο φίλο / γνωστό | I36: ΤΗΝ ΚΑΛΕΣΑ ΔΕΝ ΤΟ ΠΡΟΛΑΒΕ ΚΑΙ ΜΕ ΚΑΛΕΣΕ ΕΚΕΙΝΗ. ΗΘΕΛΕ ΠΛΗΡΟΦΟΡΙΕΣ ΓΙΑ ΤΗΝ ΦΟΙΤΗΣΗ ΑΝ ΕΊΝΑΙ 2 ΕΤΗ, ΠΟΙΕΣ ΩΡΕΣ ΘΑ ΓΙΝΟΝΤΑΙ ΤΑ ΜΑΘΗΜΑΤΑ, ΑΝ ΘΑ ΕΊΝΑΙ ΕΞ ΑΠΟΣΤΑΣΕΩΝ Ή ΔΙΑ ΖΩΣΗΣ ΚΑΙ ΠΟΣΑ ΕΊΝΑΙ ΤΑ ΧΡΗΜΑΤΑ ΠΟΥ ΘΑ ΠΛΗΡΩΣΕΙ ΚΑΙ ΕΙΠΕ ΘΑ ΔΕΙ ΤΟ ΠΡΟΓΡΑΜΜΑ ΤΗΣ ΚΑΙ ΘΑ ΜΕ ΚΑΛΕΣΕΙ ΝΑ ΚΛΕΙΣΟΥΜΕ ΡΑΝΤΕΒΟΥ
A37: 36 | B37: Τρίτη, 19 Αυγούστου 2025 | C37: 21:22 μμ | D37: Στέλεχος Μονάδων Φιλοξενίας | E37: Στεργιωτη Μιχελουδακη | F37: steriotimich76@gmail.com | G37: 6942279233 | H37: Facebook / Instagram | I37: ΗΘΕΛΕ ΓΙΑ ΔΙΟΙΚΗΣΗ ΚΑΙ ΟΙΚΟΝΟΜΙΑ ΣΤΟΝ ΤΟΜΕΑ ΤΟΥΡΙΣΜΟΥ,. ΕΊΝΑΙ ΠΡΟΙΣΤΑΜΕΝΗ ΟΡΟΦΩΝ ΚΑΙ ΤΗΝ ΕΝΔΙΕΦΕΡΕ ΠΕΡΙΣΣΟΤΕΡΟ ΟΡΟΦΟΚΟΜΙΑ ΚΛΠ ΚΑΙ ΜΕ ΡΩΤΗΣΕ ΓΙΑ ΔΙΔΑΚΤΡΑ ΚΛΠ ΩΡΕΣ ΑΝ ΕΊΝΑΙ ΕΞ ΑΠΟΣΤΑΣΕΩΣ ΚΑΙ ΗΘΕΛΕ ΝΑ ΜΑΘΕΙ ΜΑΘΗΜΑΤΑ ΓΙΑ ΤΟΥΡΙΣΜΟ ΚΑΙ ΑΝΑΛΥΤΙΚΑ ΤΙ ΕΧΕΙ ΚΑΙ ΤΗΣ ΕΣΤΕΙΛΑ ΣΤΟ EMAIL ΟΔΗΓΟ ΣΠΟΥΔΩΝ ΚΑΙ ΘΑ ΤΑ ΕΒΛΕΠΕ ΚΑΙ ΘΑ ΜΕ ΚΑΛΟΥΣΕ ΛΕΕΙ
A38: 37 | B38: Πέμπτη, 21 Αυγούστου 2025 | C38: 0.18819444 | D38: Στέλεχος Διοίκησης και Οικονομίας | E38: Μαρινα Κακουλακη | F38: kakoulakimarina00@gmail.com | G38: 6936594668 | H38: Facebook / Instagram | I38: ΤΗΝ ΚΑΛΕΣΑ ΚΑΙ ΔΕΝ ΤΟ ΑΠΑΝΤΗΣΕ ΚΑΙ ΤΗΣ ΕΣΤΕΙΛΑ EMAIL
A39: 38 | B39: Παρασκεύη, 22 Αυγούστου 2025 | C39: 13:30 μμ | D39: Στέλεχος Δημοσίων Σχέσεων και Επικοινωνίας | E39: ΕΙΡΗΝΗ ΦΑΝΟΥΡΑΚΗ | F39: eirinifc@hotmail.gr | G39: 6946303456 | H39: Ιστοσελίδα / Αναζήτηση | I39: ΤΗΝ ΚΑΛΕΣΑ ΚΑΙ ΗΘΕΛΕ ΠΛΗΡΟΦΟΡΙΕΣ ΓΙΑ ΤΑ ΧΡΗΜΑΤΑ ΑΡΧΙΚΑ. ΜΕ ΡΩΤΟΥΣΕ ΑΝ ΕΙΜΑΣΤΕ ΔΗΜΟΣΙΟ Η ΙΔΙΟΤΙΚΟ, ΞΙΝΕΣΕ ΚΑΙ ΕΙΠΕ ΚΑΙ ΠΩΣ ΘΕΛΕΙ ΜΟΝΟ ΑΥΤΉ ΤΗΝ ΕΙΔΙΚΟΤΗΤΑ ΚΑΙ ΚΑΜΙΑ ΆΛΛΗ. ΔΕΝ ΘΈΛΕΙ ΑΛΛΕΣ ΕΙΔΟΚΟΤΗΤΕΣΟΠΩΣ ΔΙΟΙΚΗΣΗ ΚΑΙ ΕΙΠΕ ΘΑ ΤΟ ΣΚΕΥΤΕΙ ΚΑΙ ΘΑ ΚΑΛΕΣΕΙ ΕΚΕΙΝΗ
A40: 39 | B40: Δευτέρα, 25 Αυγούστου 2025 | C40: 15:26 μμ | D40: Τεχνικός Εφαρμογών Πληροφορικής | E40: ΚΩΝΣΤΑΝΤΙΝΟΣ ΦΡΑΓΚΑΚΗΣ | F40: olgabkr@yahoo.com | G40: 6976118072 | H40: E-mail | I40: ΤΟΝ ΚΑΛΕΣΑΜΕ, ΔΕΝ ΤΟ ΣΗΚΩΣΕ ΚΑΙ ΜΕΤΆ ΚΆΛΕΣΕ ΕΚΕΙΝΗ ΗΤΑΝ Η ΜΑΜΑ ΤΟΥ ΚΑΙ ΗΘΕΛΕ ΝΑ ΕΓΓΡΆΨΕΙ ΤΟΝ ΓΙΟ ΤΗΣ ΜΕΤΑ ΑΠΌ ΜΑΘΗΤΕΙΑ ΣΤΗΝ ΙΣΑΕΚ, ΑΛΛΆ ΕΜΕΙΣ ΔΕΝ ΕΧΟΥΜΕ ΤΡΙΤΟ ΕΞΑΜΗΝΟ ΚΑΙ ΔΕΝ ΜΠΟΡΟΥΜΕ
A41: 40 | B41: Πέμπτη, 28 Αυγούστου 2025 | C41: 15:26 μμ | D41: Εσωτερική Αρχιτεκτονική Διακόσμηση και Σχεδιασμός Αντικειμένων | E41: ΣΥΝΤΙΧΑΚΗ ΓΕΩΡΓΙΑ | F41: gewrgia199494@gmail.com | G41: 6943832793 | H41: Απο φίλο / γνωστό | I41: ΗΘΕΛΕ ΚΑΠΟΙΑ ΕΠΙΠΛΕΩΝ ΕΚΠΤΩΣΗ ΚΑΙ ΤΗΣ ΕΙΠΑ ΝΑ ΣΤΕΙΛΕΙ ΠΡΟΤΑΣΗ. ΚΑΙ ΝΑ ΤΟ ΔΟΥΜΕ ΚΑΙ ΝΑ ΔΟΥΜΕ ΚΑΙ ΘΑ ΚΑΛΕΣΕΙ ΑΠΌ ΔΕΥΤΕΡΑ ΘΕΛΕΙ ΑΠΟΓΕΥΜΑΤΙΝΟ ΡΑΝΤΕΒΟΥ ΜΕΤΑ ΤΙΣ 18:00
A42: 41 | B42: Παρασκεύη, 29 Αυγούστου 2025 | C42: 19:10 μμ | D42: Τεχνικός Λογισμικού Ηλεκτρονικών Υπολογιστών | E42: ΕΥΘΥΜΙΟΣ ΣΩΜΑΡΑΚΗΣ | F42: SOMMAKIS@GMAIL.COM | G42: 6995185688 | H42: Εφημερίδα | I42: ΤΟΝ ΚΑΛΕΣΑ ΚΑΙ ΖΗΤΟΥΣΕ ΠΛΗΡΟΦΟΡΙΕΣ ΓΙΑ ΔΙΔΑΚΤΡΑ, ΑΝ ΕΧΟΥΜΕ ΛΕΕΙ ΥΠΟΛΟΓΙΣΤΕΣ ΚΑΙ ΥΛΙΚΟ ΚΑΙ ΖΗΤΟΎΣΕ ΚΑΙ ΝΑ ΜΆΘΕΙ ΜΕΧΡΙ ΠΟΤΕ ΜΠΟΡΕΙ ΝΑ ΓΡΑΦΤΕΙ ΚΑΙ ΑΝ ΧΡΕΙΆΖΕΤΑΙ ΝΑ ΕΧΕΙ ΣΥΜΠΛΗΡΩΘΕΙ ΤΜΗΜΑ ΓΙΑ ΝΑ ΓΙΝΕΙ
A43: 42 | B43: Πέμπτη, 04 Σεπτεμβρίου 2025 | C43: 17:05 μμ | D43: Τεχνικός Μαγειρικής Τέχνης–Αρχιμάγειρας(CHEF) | E43: Αντώνης Δημήτρης Σολακάκης | F43: sl.anton95@gmail.com | G43: 6945958347 | H43: Ιστοσελίδα / Αναζήτηση | I43: ΤΟΝ ΚΑΛΕΣΑ 2 ΦΟΡΕΣ ΚΑΙ ΤΕΛΙΚΑ ΔΕΝ ΤΟ ΑΠΑΝΤΗΣΕ ΚΑΙ ΤΟΥ ΕΣΤΕΙΛΑ EMAIL
A44: 43 | B44: Σάββατο, 06 Σεπτεμβρίου 2025 | C44: 0.41666667 | D44: Εσωτερική Αρχιτεκτονική Διακόσμηση και Σχεδιασμός Αντικειμένων | E44: Eirini Maniou | F44: manios80@yqhoo.gr | G44: 6948537700 | H44: Απο φίλο / γνωστό | I44: ΤΗΝ ΚΑΛΕΣΑ ΚΑΙ ΚΛΕΙΣΑΜΕ ΡΑΝΤΕΒΟΥ ΓΙΑ ΤΗΝ ΕΠΟΜΕΝΗ ΜΕΡΑ ΤΟ ΜΕΣΗΜΕΡΙ
A45: 44 | B45: Κυριακή, 07 Σεπτεμβρίου 2025 | C45: 19:15 μμ | D45: Στέλεχος Υπηρεσιών Αερομεταφοράς | E45: Mihaela Boier | F45: boier.mihaelamaria@gmail.com | G45: 6988473096 | H45: Απο φίλο / γνωστό | I45: ΗΘΕΛΕ ΓΙΑ ΤΟ ΔΩΡΕΑΝ ΠΡΟΓΡΑΜΜΑ ΠΟΥ ΕΊΝΑΙ ΣΤΟ ΚΑΣΤΕΛΙ, ΔΕΝ ΗΘΕΛΕ ΓΙΑ ΕΜΑΣ, ΜΠΕΡΔΕΥΤΗΚΕ ΌΤΙ ΕΊΝΑΙ ΤΟ ΙΔΙΟ ΚΑΙ ΜΟΥ ΕΙΠΕ ΠΩΣ ΑΦΟΥ ΔΕΝ ΕΊΝΑΙ ΤΟ ΙΔΙΟ ΘΑ ΜΕ ΞΑΝΑ ΚΑΛΕΣΕΙ ΔΙΟΤΙ ΤΗΝ ΕΝΔΙΑΦΕΡΕΙ ΝΑ ΕΊΝΑΙ ΔΩΡΕΑΝ
A46: 45 | B46: Δευτέρα, 08 Σεπτεμβρίου 2025 | C46: 15:26 μμ | D46: Τεχνικός Αρτοποιίας – Ζαχαροπλαστικής | E46: ΑΙΚΑΤΕΡΙΝΗ ΠΑΠΑΧΑΤΖΑΚΗ | F46: PLATONAS62@GMAIL.COM | G46: 6945731611 | H46: Ιστοσελίδα / Αναζήτηση | I46: ΤΗΝ ΚΑΛΕΣΑ ΑΜΕΣΩΣ ΚΑΙ ΜΟΥ ΕΛΕΓΕ ΠΟΣΟ ΕΊΝΑΙ ΣΕ ΧΡΗΑΜΑΤΑ ΌΤΙ ΕΊΝΑΙ ΜΑΚΡΙΑ ΑΠΌ ΤΟ ΗΡΑΚΛΕΙΟ ΚΑΙ ΑΝ ΓΙΝΕΤΑΙ ΝΑ ΠΑΡΑΚΟΛΟΥΘΗΣΕΙ ΕΞ ΑΠΟΣΤΑΣΕΩΣ ΚΑΙ ΜΕ ΡΩΤΟΥΣΕ ΓΙΑ ΩΡΑΡΙΑ ΚΛΠ ΚΑΙ ΤΕΛΙΚΑ ΘΕΛΕΙ ΝΑ ΤΟ ΔΕΙ ΚΑΙ ΜΕΤΑ ΝΑ ΑΠΟΦΑΣΙΣΕΙ ΔΙΟΤΙ ΜΕΝΕΙ ΜΑΚΡΙΑ ΑΠΌ ΤΟ ΗΡΑΚΛΕΙΟ ΚΑΙ ΔΟΥΛΕΥΕΙ ΚΑΙ ΠΟΛΛΕΣ ΩΡΕΣ
A47: 46 | B47: Τετάρτη, 10 Σεπτεμβρίου 2025 | C47: 15:13 μμ | D47: Τεχνικός Αρτοποιίας – Ζαχαροπλαστικής | E47: iokasti gonianaki | F47: gonianakii@gmail.com | G47: 6983046030 | H47: SMS | I47: ΔΕΝ ΤΟ ΗΞΕΡΕ ΛΕΕΙ ΠΩΣ ΕΙΝΑΙ ΚΟΝΤΑ ΑΛΛΆ ΤΩΡΑ ΠΟΥ ΕΜΕΑΘΕ ΠΩΣ ΔΕΝ ΕΙΜΑΣΤΕ ΑΡΧΙΕΠΙΣΚΟΠΟΥ ΜΑΚΑΡΙΤΟΥ ΔΕΝ ΘΕΛΕΙ ΝΑ ΕΡΘΕΙ
A48: 47 | B48: Σάββατο, 13 Σεπτεμβρίου 2025 | C48: 0.44791667 | D48: Στέλεχος Δημοσίων Σχέσεων και Επικοινωνίας | E48: Kostas Grigorakis | F48: grikonstantin@yahoo.gr | G48: 6944627063 | H48: Ιστοσελίδα / Αναζήτηση | I48: ΤΟΝ ΚΑΛΕΣΑ ΚΑΙ ΑΡΧΙΣΕ ΝΑ ΜΟΥ ΚΑΥΚΙΕΤΑΙ ΠΩΣ ΕΊΝΑΙ ΜΕΛΟΣ ΤΟΥ ΕΠΙΜΕΛΗΤΗΡΙΟΥ ΛΑΣΙΘΙΟΥ, ΕΊΝΑΙ ΧΡΟΝΙΑ ΕΚΕΙ ΤΟΝ ΞΕΡΟΥΝ ΛΕΕΙ ΠΡΟΕΔΡΟΙ ΚΑΙ ΑΝΤΙΠΡΟΕΔΡΟΙ ΚΑΙ ΕΊΝΑΙ ΛΕΕΙ ΓΝΩΣΤΟΣ ΚΑΙ ΜΑΛΛΟΝ ΘΑ ΤΟΝ ΞΕΡΟΥΜΕ, ΗΘΕΛΕ ΝΑ ΤΟΥ ΚΑΝΟΥΜΕ ΕΚΠΤΩΣΗ ΚΑΙ ΕΙΠΑ ΘΑ ΡΩΤΗΣΩ ΓΙΑΤΙ ΞΕΡΩ ΠΩΣ ΕΙΝΑΙ ΜΟΝΟ ΓΙΑ ΜΕΛΗ ΤΟΥ ΕΠΙΜΕΛΗΤΗΡΙΟΥ ΗΡΑΚΛΕΙΟ
A49: 48 | B49: Παρασκεύη, 19 Σεπτεμβρίου 2025 | C49: 0.53055556 | D49: Στέλεχος Υπηρεσιών Αερομεταφοράς | E49: Μαρία Στραταντωνακη | F49: mariagiannis85@gmail.com | G49: 6979638875 | H49: Ιστοσελίδα / Αναζήτηση | I49: ΘΕΛΕΙ ΝΑ ΕΡΘΕΙ ΕΠΕΙΔΗ ΔΕΝ ΤΗΝ ΔΕΧΤΗΚΑΝ ΣΤΟ ΑΡΚΑΛΟΧΩΡΙ ΠΟΥ ΕΊΝΑΙ ΔΩΡΕΑΝ ΚΑΙ ΘΕΛΕΙ ΝΑ ΕΡΘΕΙ 17:00 με 17:30 θα μας πει πότε θέλει
A50: 49 | B50: Παρασκεύη, 19 Σεπτεμβρίου 2025 | C50: 16:45 μμ | D50: Στέλεχος Υπηρεσιών Αερομεταφοράς | E50: Μαρία Στραταντωνακη | F50: mariagiannis85@gmail.com | G50: 6979638875 | H50: Ιστοσελίδα / Αναζήτηση
A51: 50 | B51: Παρασκεύη, 19 Σεπτεμβρίου 2025 | C51: 16:54 μμ | D51: Στέλεχος Υπηρεσιών Αερομεταφοράς | E51: Μαρία Στραταντωνακη | F51: mariagiannis85@gmail.com | G51: 6979638875 | H51: Ιστοσελίδα / Αναζήτηση
A52: 51 | B52: Δευτέρα, 23 Σεπτεμβρίου 2025 | C52: 16:44 μμ | D52: Εσωτερική Αρχιτεκτονική Διακόσμηση και Σχεδιασμός Αντικειμένων | E52: Efthymia Katsika | F52: efakik2018@gmail.com | G52: 6978198845 | H52: Ιστοσελίδα / Αναζήτηση
A53: 52 | B53: Τετάρτη, 24 Σεπτεμβρίου 2025 | C53: 13:42 μμ | D53: Εσωτερική Αρχιτεκτονική Διακόσμηση και Σχεδιασμός Αντικειμένων | E53: Κατερίνα Ταρουνά | F53: katerinatarouna2@gmail.com | G53: 6987688489 | H53: Ιστοσελίδα / Αναζήτηση | I53: ΡΩΤΗΣΕ ΑΝ ΥΠΑΡΧΕΙ ΤΜΗΜΑ ΚΑΙ ΣΤΗΝ ΑΘΗΝΑ ΓΙΑΤΙ ΕΚΕΙΝΗ ΕΚΕΙ ΜΕΝΕΙ ΚΑΙ ΘΕΛΕΙ ΚΑΙ ΜΟΝΟ ΑΥΤΌ ΤΟ ΤΜΗΜΑ, ΔΕΝ ΤΗΝ ΕΝΔΙΑΦΕΡΟΥΝ ΤΑ ΕΞ ΑΠΟΣΤΑΣΕΩΣ ΠΑΡΕΧΟΜΕΝΑ ΠΡΟΓΡΑΜΜΑΤΑ
A54: 53 | B54: Πέμπτη, 25 Σεπτεμβρίου 2025 | C54: 21:29 μμ | D54: Εσωτερική Αρχιτεκτονική Διακόσμηση και Σχεδιασμός Αντικειμένων | E54: Εύα Χαϊνάκη | F54: ehainaki@gmail.com | G54: 6983006334 | H54: Ιστοσελίδα / Αναζήτηση | I54: ΕΙΧΑΜΕ ΚΑΝΕΙ ΕΝΗΜΕΡΩΣΗ ΚΑΙ ΘΕΛΕΙ ΝΑ ΚΑΝΕΙ ΕΓΓΡΑΦΗ ΑΛΛΑ ΔΕΝ ΤΗΝ ΒΟΛΕΥΕΙ ΝΑ ΕΡΘΕΙ ΟΠΟΤΕ ΜΟΥ ΕΙΠΕ ΚΑΙ ΤΗΣ ΕΣΤΕΙΛΑ EMAIL
A55: 54 | B55: Παρασκεύη, 26 Σεπτεμβρίου 2025 | C55: 0.47986111 | D55: Εσωτερική Αρχιτεκτονική Διακόσμηση και Σχεδιασμός Αντικειμένων | E55: ΓΕΩΡΓΙΑ ΣΦΑΚΙΑΝΑΚΗ | F55: sfakianakig@yahoo.gr | G55: 6973058570 | H55: Facebook / Instagram | I55: ΤΗΝ ΚΑΛΕΣΑ ΗΘΕΛΕ ΝΑ ΔΕΙ ΑΝ ΕΊΝΑΙ ΠΡΒΙ Η ΑΠΟΓΕΥΜΑ ΚΑΙ ΘΕΛΕΙ ΝΑ ΠΑΡΕΙ ΤΟΝ ΟΔΗΓΟ ΣΠΟΥΔΩΝ ΚΑΙ ΜΑΛΛΟΝ ΘΑ ΕΡΘΕΙ ΚΑΙ ΣΤΗΝ ΕΚΔΗΛΩΣΗ ΕΝΗΜΕΡΩΣΗΣ ΓΙΑ ΕΣΩΤΕΡΙΚΗ ΑΡΧΙΤΕΚΤΟΝΙΚΗ ΔΙΑΚΟΣΜΗΣΗ ΚΑΙ ΣΧΕΔΙΑΣΜΟ ΑΝΤΙΚΕΙΜΕΝΩΝ ΠΟΥ ΚΑΝΕΙ Η ΚΥΡΙΑ ΜΠΙΤΖΟΥ
A56: 55 | B56: Παρασκεύη, 03 Οκτωμβριου 2025 | C56: 0.38472222 | D56: Τεχνικός Μαγειρικής Τέχνης–Αρχιμάγειρας(CHEF) | E56: Κουντουριαδη Αγγελικη | F56: biokinisi@hotmail.com | G56: 6946724474 | H56: Ιστοσελίδα / Αναζήτηση | I56: ΕΊΝΑΙ ΑΠΌ ΧΙΟ ΔΕΝ ΣΥΝΝΟΝΟΕΙΤΕ ΚΑΙ ΕΊΝΑΙ ΛΙΓΟ ΌΤΙ ΝΑΝΕ ΕΊΝΑΙ ΛΕΕΙ ΕΠΑΓΓΕΛΜΑΤΙΑΣ ΚΑΙ ΕΚΑΤΣΕ ΚΑΙ ΕΙΠΕ ΤΗΝ ΙΣΤΟΡΙΑ ΤΗΣ ΖΩΗΣ ΤΗΣ
A57: 56 | B57: Σάββατο, 11 Οκτωμβριου 2025 | C57: 0.51388889 | D57: Τεχνικός Λογισμικού Ηλεκτρονικών Υπολογιστών | E57: Γιάννης Λιάγκος | F57: j.liagos88@gmail.com | G57: 6951637617 | H57: Ιστοσελίδα / Αναζήτηση | I57: ΗΘΕΛΕ ΚΑΤΕΥΘΕΙΑΝ ΝΑ ΜΑΘΕΙ ΓΙΑ ΚΟΣΤΟΣ ΑΛΛΑ ΤΟΥ ΕΙΠΑ ΠΩΣ ΔΕΝ ΕΧΟΥΜΕ ΤΟ ΤΜΗΜΑ ΜΕ ΡΩΤΗΣΕ ΚΑΙ ΓΙΑ ΔΙΚΤΥΑ ΚΑΙ ΔΕΝ ΕΧΟΥΜΕ ΚΑΙ ΤΟΥ ΕΙΠΑ ΤΙΣ ΕΙΔΙΚΟΤΗΤΕΣ ΚΑΙ ΔΕΝ ΕΝΔΙΑΦΕΡΕΤΕ
A58: 57 | B58: Σάββατο, 11 Οκτωμβριου 2025 | C58: 16:05 μμ | D58: Εσωτερική Αρχιτεκτονική Διακόσμηση και Σχεδιασμός Αντικειμένων | E58: Κορίνα Συλλιγαρδάκη | F58: aikasyll@hotmail.com | G58: 6981773736 | H58: Ιστοσελίδα / Αναζήτηση | I58: ΜΕ ΡΩΤΗΣΕ ΔΙΑΦΟΡΑ ΠΡΑΓΜΑΤΑ, ΠΡΟΓΡΑΜΜΑ, ΩΡΑΡΙΟ, ΔΙΔΑΚΤΡΑΚΛΠ
A59: 58 | B59: Σάββατο, 11 Οκτωμβριου 2025 | C59: 22:30 μμ | D59: Εσωτερική Αρχιτεκτονική Διακόσμηση και Σχεδιασμός Αντικειμένων | E59: Νικόλας Μπαρίκος | F59: barikos1@yahoo.gr | G59: 6974940813 | H59: E-mail | I59: ΑΥΤΟΣ ΕΧΕΙ ΕΠΙΧΕΙΡΗΣΗ ΚΑΙ ΔΕΝ ΤΟΝΝ ΕΝΔΙΑΦΕΡΕΙ ΚΑΙ ΠΟΛΎ ΓΙΑΤΙ ΘΑ ΛΕΙΠΕΙ ΚΛΠ ΑΛΛΑ ΘΕΛΕΙ ΝΑ ΔΕΙ ΤΟ ΠΡΟΓΡΑΜΜΑ ΚΑΙ ΠΟΙΟΙ ΕΙΝΙΑ ΟΙ ΚΑΘΗΓΗΤΕΣ ΚΑΙ ΤΑ ΒΙΟΓΡΑΦΙΚΑ ΤΟΥΣ ΓΙΑ ΝΑ ΑΠΟΦΑΣΙΣΕΙ ΑΝ ΘΕΛΕΙ
A60: 59 | B60: Τετάρτη, 15 Οκτωμβρίου 2025 | C60: 0.41944444 | D60: Στέλεχος Υπηρεσιών Αερομεταφοράς | E60: ΕΛΕΥΘΕΡΙΟΣ ΚΟΝΤΟΓΙΑΝΝΗΣ | F60: lekonto@gmail.com | G60: 6977030116 | H60: Απο φίλο / γνωστό | I60: ΤΟΥ ΕΙΠΑ ΓΙΑ ΔΩΡΕΑΝ AUTOCAD ΚΛΠ ΚΑΙ ΕΙΠΕ ΘΑ ΤΟ ΣΚΕΥΤΕΙ ΚΑΙ ΘΑ ΜΑΣ ΠΕΙ
A61: 60 | B61: Σάββατο, 18 Οκτωμβρίου 2025 | C61: 0.475 | D61: Τεχνικός Μαγειρικής Τέχνης–Αρχιμάγειρας(CHEF) | E61: Μαρία Τσαμπουρη | F61: mtsampoure2023@gmail.com | G61: 6970107608 | H61: Εκδήλωση
A62: 61 | B62: Σάββατο, 18 Οκτωμβρίου 2025 | C62: 0.47569444 | D62: Τεχνικός Αρτοποιίας – Ζαχαροπλαστικής | E62: Μαρία Τσαμπουρη | F62: mtsampoure2023@gmail.com | G62: 6970107608 | H62: Ιστοσελίδα / Αναζήτηση
A63: 62 | B63: Δευτέρα, 20 Οκτωμβρίου 2025 | C63: 21:06 μμ | D63: Στέλεχος Διοίκησης και Οικονομίας | E63: ΕΜΜΑΝΟΥΕΛΛΑ ΡΙΖΟΥ | F63: emmanouellarizou28@yahoo.com | G63: 6981865680 | H63: Απο φίλο / γνωστό
A64: 63 | B64: Πέμπτη, 23 Οκτωμβρίου 2025 | C64: 0.066666667 | D64: Στέλεχος Υπηρεσιών Αερομεταφοράς | E64: ΑΛΚΙΒΙΑΔΗΣ ΛΕΦΑΚΗΣ | F64: kaalnima@gmail.com | G64: 6988557583 | H64: Facebook / Instagram
A65: 64 | B65: Σάββατο, 25 Οκτωμβρίου 2025 | C65: 0.47569444 | D65: Εσωτερική Αρχιτεκτονική Διακόσμηση και Σχεδιασμός Αντικειμένων | E65: Ελενη Κουγιουμουτζη | F65: elenikougioumoutzi@yahoo.gr | G65: 6980481538 | H65: Ιστοσελίδα / Αναζήτηση
A66: 65 | B66: Τετάρτη, 29 Οκτωμβρίου 2025 | C66: 0.52638889 | D66: Τεχνικός Αρτοποιίας – Ζαχαροπλαστικής | E66: Μαρίνα Μπούκη | F66: marinabouki@gmail.com | G66: 6949935438 | H66: Facebook / Instagram
A67: 66 | B67: Πέμπτη, 30 Οκτωμβρίου 2025 | C67: 13:41 μμ | D67: Στέλεχος Διοίκησης και Οικονομίας | E67: Αγγελική Σαραπη | F67: aggelikis25@yahoo.gr | G67: 6946522819 | H67: Απο φίλο / γνωστό | I67: ΕΊΝΑΙ ΦΙΛΗ ΤΗΣ ΠΕΛΑΣ ΚΑΙ ΘΕΛΕΙ ΕΞ ΑΠΟΣΤΑΣΕΩΣ ΝΑ ΠΑΡΑΚΟΛΟΥΘΕΙ.ΤΗΝ ΕΝΗΜΕΡΩΣΑ ΓΙΑ ΌΛΑ ΚΑΙ ΘΑ ΤΟ ΣΚΕΥΤΕΙ ΑΝ ΘΕΛΕΙ ΝΑ ΚΑΝΕΙ ΦΕΒΡΟΥΑΡΙΟ ΚΑΙ ΟΚΤΩΜΒΡΙΟ
A68: 67 | B68: Τρίτη, 04 Νοεμβρίου 2025 | C68: 0.39930556 | D68: Τεχνικός Λογισμικού Ηλεκτρονικών Υπολογιστών | E68: Αντώνης Μανιούδης | F68: manioudisantonis@gmail.com | G68: 6938572093 | H68: Απο φίλο / γνωστό | I68: ΘΕΛΕΙ ΓΙΑ CYBER SECURITY ΟΠΌΤΕ ΔΕΝ ΘΕΛΕΙ ΚΑΜΙΑ ΕΙΔΙΚΟΤΗΤΑ ΕΚΤΟΣ ΑΠΌ ΑΥΤΉ ΚΑΙ ΔΕΝ ΘΕΛΕΙ ΣΕ ΈΝΑ ΧΡΟΝΟ. ΑΝ ΓΙΝΕΙ ΤΜΗΜΑ ΜΑΡΤΙΟ 2026 ΜΟΝΟ ΝΑ ΤΟΥ ΠΟΥΜΕ. ΝΑ ΕΡΘΕΙ ΝΑ ΚΑΝΕΙ ΚΑΙ ΞΕΝΑΓΗΣΗ ΚΛΠ
A69: 68 | B69: Παρασκεύη, 14 Νοεμβρίου 2025 | C69: 19:22 μμ | D69: Τεχνικός Μαγειρικής Τέχνης–Αρχιμάγειρας(CHEF) | E69: ΕΙΡΗΝΗ ΜΠΟΥΤΖΑΛΗ | F69: iriniboujali@gmail.com | G69: 6948310898 | H69: Ιστοσελίδα / Αναζήτηση | I69: ΚΑΛΕΣΑ ΚΑΙ ΔΕΝ ΤΟ ΣΗΚΩΣΕ ΚΑΙ ΕΤΣΙ ΕΣΤΕΙΛΑ EMAIL ΚΑΙ ΠΕΡΙΜΕΝΩ
A70: 69 | B70: Σάββατο, 15 Νοεμβρίου 2025 | C70: 18:18 μμ | D70: Τεχνικός Μαγειρικής Τέχνης–Αρχιμάγειρας(CHEF) | E70: Ευαγγελία Παπαστεφανακη | F70: eva.papastefanaki@gmail.com | G70: 6971713108 | H70: Ιστοσελίδα / Αναζήτηση | I70: ΔΕΝ ΗΞΕΡΕ ΑΝ ΘΕΛΕΙ ΣΕΜΙΝΑΡΙΟ Ή ΙΕΚ ΑΛΛΑ ΘΕΛΕΙ ΜΟΝΟ ΤΕΤΑΡΤΗ ΚΑΙ ΠΑΡΑΣΚΕΥΗ ΚΑΙ ΑΠΟΓΕΥΜΑ
A71: 70 | B71: Τετάρτη, 19 Νοεμβρίου 2025 | C71: 0.19166667 | D71: Τεχνικός Αρτοποιίας – Ζαχαροπλαστικής | E71: Χαράλαμπος Σαμιωτης | F71: bsamiotis@gmai.com | G71: 6033248387 | H71: Ιστοσελίδα / Αναζήτηση | I71: ΔΕΝ ΤΟ ΣΗΚΩΝΕ ΚΑΙ ΕΣΤΕΙΛΑ EMAIL. ΤΕΛΙΚΑ ΜΑΣ ΚΑΛΕΣΕ, ΔΕΝ ΗΞΕΡΕ ΤΙ ΗΘΕΛΕ …ΜΕΓΑΛΟΣ ΗΛΙΚΙΑΚΑ ΚΑΙ ΛΕΕΙ ΑΝ ΠΑΡΩ ΕΙΔΙΚΟΤΗΤΑ ΠΟΤΕ ΘΑ ΠΡΟΣΛΗΦΘΩ ΣΤΑ 70
A72: 71 | B72: Τετάρτη, 19 Νοεμβρίου 2025 | C72: 0.19513889 | D72: Στέλεχος Διεθνούς Εμπορίου | E72: Χαράλαμπος Σαμιωτης | F72: bsamiotis@gmai.com | G72: 6033248387 | H72: SMS | I72: ΔΕΝ ΤΟ ΣΗΚΩΝΕ ΚΑΙ ΕΣΤΕΙΛΑ EMAIL. ΤΕΛΙΚΑ ΜΑΣ ΚΑΛΕΣΕ, ΔΕΝ ΗΞΕΡΕ ΤΙ ΗΘΕΛΕ …ΜΕΓΑΛΟΣ ΗΛΙΚΙΑΚΑ ΚΑΙ ΛΕΕΙ ΑΝ ΠΑΡΩ ΕΙΔΙΚΟΤΗΤΑ ΠΟΤΕ ΘΑ ΠΡΟΣΛΗΦΘΩ ΣΤΑ 70
A73: 72 | B73: Τετάρτη, 19 Νοεμβρίου 2025 | C73: 0.19930556 | D73: Στέλεχος Μονάδων Φιλοξενίας | E73: Χαράλαμπος Σαμιωτης | F73: bsamiotis@gmai.com | G73: 6033248387 | H73: Απο φίλο / γνωστό | I73: ΔΕΝ ΤΟ ΣΗΚΩΝΕ ΚΑΙ ΕΣΤΕΙΛΑ EMAIL. ΤΕΛΙΚΑ ΜΑΣ ΚΑΛΕΣΕ, ΔΕΝ ΗΞΕΡΕ ΤΙ ΗΘΕΛΕ …ΜΕΓΑΛΟΣ ΗΛΙΚΙΑΚΑ ΚΑΙ ΛΕΕΙ ΑΝ ΠΑΡΩ ΕΙΔΙΚΟΤΗΤΑ ΠΟΤΕ ΘΑ ΠΡΟΣΛΗΦΘΩ ΣΤΑ 70
A74: 73 | B74: Πέμπτη, 20 Νοεμβρίου 2025 | C74: 0.31527778 | D74: Τεχνικός Μαγειρικής Τέχνης–Αρχιμάγειρας(CHEF) | E74: Ελευθερία Ανδρουλάκη | F74: r_androulaki@yahoo.gr | G74: 6909081473 | H74: Απο φίλο / γνωστό | I74: ΜΕ ΚΑΛΕΣΕ, ΤΗΝ ΚΑΛΕΣΑ ΠΙΣΩ ΑΛΛΑ ΔΕΝ ΤΟ ΣΗΚΩΝΕΙ ΚΑΙ ΈΤΣΙ ΕΣΤΕΙΛΑ EMAIL, ΑΛΛΑ ΑΠΌ ΌΤΙ ΦΑΊΝΕΤΑΙ ΔΕΝ ΕΝΔΙΑΦΕΡΕΤΕ
A75: 74 | B75: Κυριακή, 30 Νοεμβρίου 2025 | C75: 15:14 μμ | D75: Στέλεχος Υπηρεσιών Αερομεταφοράς | E75: ΑΛΚΙΒΙΑΔΗΣ ΛΕΦΑΚΗΣ | F75: kaalnima@gmail.com | G75: 6988557583 | H75: Ιστοσελίδα / Αναζήτηση | I75: ΝΟΜΙΖΕ ΠΩΣ ΕΊΝΑΙ ΣΕΜΙΝΑΡΙΟ ΚΑΙ ΣΚΕΥΤΕΤΑΙ ΚΑΙ ΤΑ ΛΕΦΤΑ ΚΑΙ ΘΑ ΓΡΑΦΤΕΙ ΜΕ ΤΗΝ ΓΥΝΑΙΚΑ ΤΟΥ ΚΑΙ ΘΕΛΕΙ ΚΑΛΥΤΕΡΗ ΤΙΜΗ. ΤΟΥ ΣΤΕΙΛΑΜΕ ΚΑΙ EMAIL KAI ΠΕΡΙΝΟΥΜΕ ΕΝΗΜΕΡΩΣΗ
A76: 75 | B76: Τρίτη, 02 Δεκεμβρίου 2025 | C76: 16:00 μμ | D76: Εσωτερική Αρχιτεκτονική Διακόσμηση και Σχεδιασμός Αντικειμένων | E76: Μαρια Νταρδα | F76: mar.ntar@gmail.com | G76: 6955654864 | H76: Ιστοσελίδα / Αναζήτηση | I76: ΤΗΝ ΚΑΛΕΣΑ ΣΕ ΜΙΣΗ ΩΡΑ ΚΑΙ ΔΕΝ ΤΟ ΣΗΚΩΣΕ ΟΠΟΤΕ ΤΗΣ ΕΣΤΕΙΛΑ EMAIL ΚΑΙ ΠΕΡΙΜΕΝΩ
A77: 76 | B77: Πέμπη, 04 Δεκεμβρίου 2025 | C77: 17:33 μμ | D77: Εσωτερική Αρχιτεκτονική Διακόσμηση και Σχεδιασμός Αντικειμένων | E77: ΘΕΟΔΩΡΑ ΠΑΠΑΙΩΑΝΝΟΥ | F77: papaioanou30@hotmail.com | G77: 6909147542 | H77: Ιστοσελίδα / Αναζήτηση | I77: ΘΕΛΕΙ ΝΑ ΕΓΓΡΑΦΗ ΚΑΙ ΜΕΤΑ ΤΙΣ 20/12/2025 ΘΑ ΕΡΘΕΙ ΓΙΑ ΝΑ ΔΕΙ ΤΗΝ ΣΧΟΛΗ ΚΑΙ ΠΟΛΎ ΠΙΘΑΝΩΝ ΝΑ ΚΑΝΕΙ ΚΑΙ ΤΗΝ ΕΓΓΡΑΦΗ ΟΠΟΤΕ ΠΕΡΙΜΕΝΟΥΜΕ ΤΗΛΕΦΩΝΟ ΤΗΣ ΓΙΑ ΝΑ ΚΛΕΙΣΟΥΜΕ ΡΑΝΤΕΒΟΥ
A78: 77 | B78: Κυριακή, 14 Δεκεμβρίου 2025 | C78: 0.51180556 | D78: Τεχνικός Μαγειρικής Τέχνης–Αρχιμάγειρας(CHEF) | E78: Αντωνης Ζαμπετακης | F78: axiotouelektra000@gmail.com | G78: 6906112066 | H78: Facebook / Instagram | I78: ΚΑΛΕΣΑ ΚΑΙ ΔΕΝ ΤΟ ΣΗΚΩΣΕ ΚΑΙ ΕΤΣΙ ΕΣΤΕΙΛΑ EMAIL ΚΑΙ ΠΕΡΙΜΕΝΩ
A79: 78 | B79: Τετάρτη, 24 Δεκεμβρίου 2025 | C79: 0.94583333 | D79: Εσωτερική Αρχιτεκτονική Διακόσμηση και Σχεδιασμός Αντικειμένων | E79: ΜΑΡΙΑ ΛΙΑΝΑΚΗ | F79: madmary1408@gmail.com | G79: 6970127510 | H79: Ιστοσελίδα / Αναζήτηση | I79: ΔΕΝ ΗΞΕΡΕ ΤΙ ΗΘΕΛΕ ΘΑ ΠΕΡΑΣΕΙ ΚΑΠΟΙΑ ΣΤΙΓΜΗ ΜΕΤΑ ΤΟΥ ΑΙ ΓΙΑΝΝΙΟΥ ΚΑΙ ΘΑ ΜΙΛΗΣΕΙ ΜΕ ΤΙΣ ΚΑΘΗΓΗΤΡΙΕΣ. ΕΊΝΑΙ 26 ΕΤΩΝ ΚΑΙ ΕΧΕΙ ΒΓΑΛΕΙ ΜΙΑ ΣΧΟΛΗ ΚΑΙ ΗΣ ΑΡΕΣΕ Η ΘΕΩΡΙΑ ΑΛΛΑ ΌΧΙ Η ΠΡΑΞΗ ΚΑΙ ΤΕΛΙΚΑ ΚΑΤΑΛΑΒΕ ΠΩΣ ΕΚΕΙΝΗ ΘΕΛΕΙ ΠΡΑΚΤΙΚΟ ΕΠΑΓΓΕΛΜΑ
A80: 79 | B80: Παρασκεύη, 02 Ιανουαρίου 2026 | C80: 18:16 μμ | D80: Τεχνικός Δικτύων και Τηλεπικοινωνιών | E80: mohamed abouiesha mohamed | F80: highemo2@gmail.com | G80: 6908864395 | H80: Τηλεόραση | I80: ΤΟΝ ΚΑΛΕΣΑ ΣΤΟ ΤΗΛΕΦΩΝΟ ΚΑΙ ΔΕΝ ΤΟ ΣΗΚΩΣΕ ΟΠΟΤΕ ΤΟΥ ΕΣΤΕΙΛΑ EMAIL ΚΑΙ ΠΕΡΙΜΕΝΟΥΜΕ ΑΠΑΝΤΗΣΗ. ΜΕ ΚΑΛΕΣΕ ΚΑΙ ΔΕΝ ΜΙΛΟΥΣΕ ΕΛΛΗΝΙΚΑ ΚΑΙ ΤΟ ΕΚΛΕΙΣΕ ΜΕΤΑ.
A81: 80 | B81: Πέμπτη, 08 Ιανουαρίου 2026 | C81: 0.045138889 | D81: Εσωτερική Αρχιτεκτονική Διακόσμηση και Σχεδιασμός Αντικειμένων | E81: Manolia Vlataki | F81: manoliavlataki@gmail.com | G81: 6988690445 | H81: Εκδήλωση | I81: ΗΘΕΛΕ ΣΕΜΙΝΑΡΙΟ ΚΑΙ ΌΧΙ ΙΕΚ ΤΕΛΙΚΑ
A82: 81 | B82: Παρασκεύη, 09 Ιανουαρίου 2026 | C82: 0.30347222 | D82: Στέλεχος Υπηρεσιών Αερομεταφοράς | E82: ΑΓΓΕΛΙΚΉ ΖΑΧΟΥ | F82: angelikezachou222@gmail.com | G82: 6982158107 | H82: Facebook / Instagram | I82: ΚΑΛΕΣΑ ΚΑΙ ΔΕΝ ΤΟ ΣΗΚΩΣΕ ΚΑΙ ΕΤΣΙ ΕΣΤΕΙΛΑ EMAIL ΚΑΙ ΠΕΡΙΜΕΝΩ
A83: 82 | B83: Δευτέρα, 12 Ιανουαρίου 2026 | C83: 16:00 μμ | D83: Τεχνικός Μαγειρικής Τέχνης–Αρχιμάγειρας(CHEF) | E83: Μπουντόνας Άγγελος | F83: boudonasaggelos@gmail.com | G83: 6948403397 | H83: Απο φίλο / γνωστό | I83: ΚΑΝΑΜΕ ΡΑΝΤΕΒΟΥ ΚΑΙ ΘΕΛΕΙ ΝΑ ΓΡΑΦΤΕΙ ΤΟΝ ΟΚΤΩΜΒΡΙΟ
A84: 83 | B84: Τρίτη, 20 Ιανουαρίου 2026 | C84: 0.53402778 | D84: Εσωτερική Αρχιτεκτονική Διακόσμηση και Σχεδιασμός Αντικειμένων | E84: Georgia Mastoraki | F84: mastorakige@gmail.com | G84: 6983714046 | H84: Απο φίλο / γνωστό | I84: ΚΑΛΕΣΑ ΚΑΙ ΔΕΝ ΤΟ ΣΗΚΩΣΕ ΚΑΙ ΕΤΣΙ ΕΣΤΕΙΛΑ EMAIL ΚΑΙ ΠΕΡΙΜΕΝΩ. ΜΙΛΗΣΑΜΕ ΚΑΙ ΜΟΥ ΕΙΠΕ ΠΩΣ ΤΗΣ ΑΡΕΣΕΙ ΌΜΩΣ ΘΕΛΕΙ ΛΙΓΟ ΧΡΟΝΟ ΝΑ ΣΚΕΥΤΕΙ ΚΑΙ ΝΑ ΜΑΣ ΠΕΙ
A85: 84 | B85: Πέμπτη, 22 Ιανουαρίου 2026 | C85: 19:55 μμ | D85: Στέλεχος Διοίκησης και Οικονομίας | E85: Κωνσταντινος Καλογιαννακης | F85: kalogiannakisk@gmail.com | G85: 6947329203 | H85: Ιστοσελίδα / Αναζήτηση | I85: ΝΑ ΚΑΛΕΣΩ ΣΤΙΣ 17:00. ΤΟΝ ΚΑΛΕΣΑ 17:00 ΚΑΙ ΕΚΑΝΕ ΠΑΖΑΡΙΑ ΓΙΑ ΤΗΝ ΤΙΜΗ…ΕΛΕΓΕ ΠΩΣ ΣΤΗΝ ΑΘΗΝΑ ΕΊΝΑΙ ΠΙΟ ΦΘΗΝΑ, ΠΩΣ ΜΕ ΤΑ Χ2 ΧΡΗΜΑΤΑ ΒΓΑΖΕΙΣ ΠΤΥΧΙΟ ΣΤΟ ΕΑΠ. ΕΛΕΓΕ ΠΩΣ ΔΕΝ ΞΕΡΕΙ ΑΝ ΘΕΛΕΙ ΔΙΟΙΚΗΣΗ Ή ΠΛΗΡΟΦΟΡΚΗ, ΕΛΕΓΕ ΠΩΣ ΜΕ 700€ ΘΑ ΗΤΑΝ ΕΝΤΑΞΕΙ ΓΙΑΤΙ ΤΟΣΟ ΤΑ ΕΧΟΥΝ ΣΤΗΝ ΑΘΗΝΑ ΚΑΙ ΑΛΛΑ ΤΕΤΟΙΑ...ΤΟΥ ΕΣΤΕΙΛΑ ΤΗΝ ΣΕΛΙΔΑ ΜΑΣ ΝΑ ΔΕΙ ΚΑΙ ΤΑ ΣΕΜΙΝΑΡΙΑ ΑΛΛΑ ΔΕΝ ΒΛΕΠΩ ΝΑ ΗΞΕΡΕ ΠΡΑΓΜΑΤΙΚΑ ΤΙ ΘΕΛΕΙ...
A86: 85 | B86: Κυριακή, 01 Ιανουαρίου 2026 | C86: 19:25 μμ | D86: Τεχνικός Αρτοποιίας – Ζαχαροπλαστικής | E86: ΚΩΝΣΤΑΝΤΙΝΑ Βωσικα | F86: kwnavosika@gmail.com | G86: 6986183055 | H86: Ιστοσελίδα / Αναζήτηση | I86: ΝΟΜΙΖΕ ΠΩΣ ΗΤΑΝ ΝΈΟ ΗΡΑΚΛΕΙΟ ΑΘΗΝΑ ΌΧΙ ΚΡΗΤΗ, ΟΠΟΤΕ ΔΕΝ ΕΝΔΙΑΦΕΡΕΤΕ ΓΙΑ ΚΡΗΤΗ
A87: 86 | B87: Δευτέρα, 02 Φεβρουαρίου 2026 | C87: 18:25 μμ | D87: Εσωτερική Αρχιτεκτονική Διακόσμηση και Σχεδιασμός Αντικειμένων | E87: Ελένη Τζωρμπατζάκη | F87: elenatzor@gmail.com | G87: 6986958977 | H87: Ιστοσελίδα / Αναζήτηση | I87: ΘΕΛΕΙ ΝΑ ΕΓΓΡΑΦΕΙ ΑΠΌ ΟΚΤΩΜΒΡΙΟ ΚΑΙ ΘΑ ΚΑΝΕΙ ΚΑΙ ΘΑ ΚΑΝΟΥΜΕ ΈΝΑ ΡΑΝΤΕΒΟΥ ΤΟΝ ΜΑΡΤΙΟ ΝΑ ΔΕΙ ΛΙΓΟ ΤΟΝ ΧΩΡΟ ΓΙΑΤΙ ΤΟΝ ΕΧΕΙ ΔΕΙ ΚΑΙ ΠΑΛΙΑ ΠΟΥ ΕΚΑΝΕ ΤΟΥΣ ΥΠΟΛΟΓΙΣΤΕΣ ΚΑΙ ΜΕΤΑ ΘΑ ΔΕΙ ΚΑΙ ΜΑΘΗΜΑ ΜΕ ΑΡΧΙΤΕΚΤΟΝΕΣ Α Ή Β ΕΙΔΑΝΙΚΑ ΚΑΙ ΤΟΥΣ 2
A88: 87 | B88: Τετάρτη, 04 Φεβρουαρίου 2026 | C88: 17:16 μμ | D88: Εσωτερική Αρχιτεκτονική Διακόσμηση και Σχεδιασμός | E88: Γεωργία Πλευράκη | F88: gwgwple61@gmail.com | G88: 6976233440 | H88: Ιστοσελίδα / Αναζήτηση | I88: ΘΕΛΕΙ ΜΟΝΟ ΠΡΩΙΝΟ ΤΜΗΜΑ ΑΝ ΓΙΝΕΙ ΑΠΌ ΟΚΤΩΜΒΡΙΟ ΚΑΙ ΘΑ ΜΑΣ ΚΑΛΕΣΕΙ ΙΟΥΝΙΟ ΓΙΑ ΝΑ ΠΑΡΕΙ ΚΑΙ ΤΟ ERARLY BIRD
A89: 88 | B89: Παρασκεύη, 06 Φεβρουαρίου 2026 | C89: 22:36 μμ | D89: Τεχνικός Μαγειρικής Τέχνης–Αρχιμάγειρας(CHEF) | E89: Αγγελική Παπαγρηγορακη | F89: angeliki.papagr@gmail.com | G89: 6949093654 | H89: Ιστοσελίδα / Αναζήτηση | I89: ΤΗΝ ΚΑΛΕΣΑ ΔΕΥΤΕΡΑ 10:30 ΚΑΙ ΔΕΝ ΑΠΑΝΤΗΣΕ ΚΑΙ ΤΗΣ ΕΣΤΕΙΛΑ EMAIL.ΘΕΛΕΙ ΓΙΑ ΣΕΜΙΝΑΡΙΟ ΤΑΧΥΡΥΘΜΟ ΜΑΓΕΙΡΙΚΗ ΚΑΙ ΑΠΌ ΟΚΤΩΜΒΡΙΟ
A90: 89 | B90: Τετάρτη, 11 Φεβρουαρίου 2026 | C90: 0.36458333 | D90: Εσωτερική Αρχιτεκτονική Διακόσμηση και Σχεδιασμός Αντικειμένων | E90: ΜΑΡΙΑ ΓΕΩΡΓΊΑ ΜΙΧΑΛΑΚΗ | F90: mariageorgia1983@gmail.com | G90: 6944903436 | H90: Ιστοσελίδα / Αναζήτηση | I90: ΖΗΤΟΥΣΕ ΠΛΗΡΟΦΟΡΙΕΣ ΚΑΙ ΤΕΛΙΚΑ ΕΙΠΕ ΘΕΛΕΙ ΝΑ ΣΚΕΥΤΕΙ ΚΑΙ ΝΑ ΑΠΟΦΑΣΙΣΕΙ ΕΚΕΙ ΓΥΡΩ ΣΤΟΝ ΑΥΓΟΥΣΤΟ ΠΟΥ ΘΑ ΞΕΡΕΙ
A91: 90 | B91: Παρασκεύη, 13 Φεβρουαρίου 2026 | C91: 0.47986111 | D91: Εσωτερική Αρχιτεκτονική Διακόσμηση και Σχεδιασμός Αντικειμένων | E91: ΓΕΩΡΓΙΑ ΒΡΑΧΝΑΚΗ | F91: gogophysics@yahoo.gr | G91: 6932410455 | H91: Ιστοσελίδα / Αναζήτηση
A92: 91 | B92: Δευτέρα, 23 Φεβρουαρίου 2026 | C92: 0.31319444 | D92: Τεχνικός Αρτοποιίας – Ζαχαροπλαστικής | E92: ΜΑΡΙΛΕΝΑ ΑΓΚΟΥΡΑΚΙ | F92: marilenaagg@gmail.com | G92: 6943761844 | H92: Ιστοσελίδα / Αναζήτηση | I92: ΘΕΛΕΙ ΝΑ ΕΡΘΕΙ ΚΑΠΟΙΑ ΣΤΙΓΜΗ ΘΕΛΕΙ ΝΑ ΕΡΘΕΙ ΝΑ ΓΡΑΦΤΕΙ ΓΙΑ ΟΚΤΩΜΒΡΙΟ
A93: 92 | B93: Πέμπτη, 12 Μαρτίου 2026 | C93: 17:00 μμ | D93: Εσωτερική Αρχιτεκτονική Διακόσμηση και Σχεδιασμός Αντικειμένων | E93: ΤΖΩΜΠΑΡΤΖΑΚΗ ΕΛΕΝΑ | F93: - | G93: 6986958977 | H93: Ιστοσελίδα / Αναζήτηση | I93: ΚΑΝΑΜΕ ΤΟΥΡ ΤΗΣ ΜΙΛΗΣΑ ΓΙΑ ΤΙΣ ΕΓΚΑΤΑΣΤΑΣΕΙΣ ΓΙΑ ΤΟΝ ΘΕΣΜΟ ΤΟΥ ΣΥΜΒΟΥΛΟΥ ΣΤΑΔΙΟΔΡΟΜΙΑΣ ΚΑΙ ΤΗΝ ΠΗΓΑ ΣΤΗΝ ΜΠΙΤΖΟΥ ΝΑ ΔΕΙ ΜΑΘΗΜΑ ΚΑΙ ΤΗΣ ΜΙΛΗΣΕ ΚΑΙ Η ΧΑΤΖΗΝΤΕΒΕ. ΘΑ ΞΑΝΑ ΕΡΘΕΙ ΕΠΟΜΕΝΗ ΕΒΔΟΜΑΔΑ ΓΙΑ ΝΑ ΔΕΙ ΚΑΙ ΤΙΣ ΆΛΛΕΣ ΚΑΘΗΓΗΤΡΙΕΣ ΚΑΙ ΝΑ ΚΑΝΕΙ ΚΑΙ ΤΗΝ ΕΓΓΡΑΦΗ.
A94: 93 | B94: Κυριακή, 22 Μαρτίου 2026 | C94: 18:43 μμ | D94: Στέλεχος Μηχανογραφημένου Λογιστηρίου – Φοροτεχνικού Γραφείου | E94: Λευκοθεα Χαιρετη | F94: lefkahereti@gmail.com | G94: 6948003049 | H94: Ιστοσελίδα / Αναζήτηση | I94: ΕΧΕΙ ΠΑΡΑΚΟΛΟΥΘΕΙΣΕΙ ΠΟΛΎ ΠΑΛΊΑ ΤΗΝ ΙΔΙΑ ΕΙΔΙΚΟΤΗΤΑ ΣΕ ΆΛΛΟ ΙΕΚ ΚΑΙ ΜΟΛΙΣ ΒΓΕΙ Η ΒΕΚ ΘΑ ΜΑΣ ΤΗΝ ΦΕΡΕΙ ΓΙΑ ΝΑ ΔΟΥΜΕ ΑΝ ΓΛΥΤΩΝΕΙ ΚΑΠΟΙΑ ΜΑΘΗΜΑΤΑ ΚΑΙ ΝΑ ΕΡΘΕΙ ΑΠΌ ΟΚΤΩΜΒΡΙΟ
A95: 94 | B95: Σάββατο, 28 Μαρτίου 2026 | C95: 23:48 μμ | D95: Τεχνικός Λογισμικού Ηλεκτρονικών Υπολογιστών | E95: Nikos Maroulis | F95: maroulisnikos2030@gmail.com | G95: 6945470971 | H95: Ιστοσελίδα / Αναζήτηση | I95: ΕΧΕΙ ΚΑΝΕΙ ΑΛΛΕΣ ΤΡΕΙΣ ΦΟΡΕΣ ΕΚΔΗΛΩΣΗ ΕΚΔΙΑΦΕΡΟΝΤΟΣ ΚΑΙ ΕΙΠΕ ΘΑ ΜΑΣ ΕΝΗΜΕΡΩΣΕΙ ΚΑΙ ΘΑ ΕΡΘΕΙ ΡΑΝΤΕΒΟΥ
A96: 95 | B96: Σάββατο, 28 Μαρτίου 2026 | C96: 23:48 μμ | D96: Τεχνικός Λογισμικού Ηλεκτρονικών Υπολογιστών | E96: Nikos Maroulis | F96: maroulisnikos2030@gmail.com | G96: 6945470971 | H96: Ιστοσελίδα / Αναζήτηση | I96: ΕΧΕΙ ΚΑΝΕΙ ΑΛΛΕΣ ΤΡΕΙΣ ΦΟΡΕΣ ΕΚΔΗΛΩΣΗ ΕΚΔΙΑΦΕΡΟΝΤΟΣ ΚΑΙ ΕΙΠΕ ΘΑ ΜΑΣ ΕΝΗΜΕΡΩΣΕΙ ΚΑΙ ΘΑ ΕΡΘΕΙ ΡΑΝΤΕΒΟΥ
A97: 96 | B97: Κυριακή, 29 Μαρτίου 2026 | C97: 24:08 μμ | D97: Στέλεχος Εμπορίας, Διαφήμισης και Προώθησης Προϊόντων (MARKETING) | E97: ΕΛΕΝΗ ΣΑΡΙΔΑΚΗ | F97: eleni1saridaki@gmail.com | G97: 6974410896 | H97: Ιστοσελίδα / Αναζήτηση | I97: ΤΗΝ ΚΑΛΕΣΑΜΕ, ΔΕΝ ΤΥΟ ΣΗΚΩΝΕ ΚΑΙ ΘΑ ΞΑΝΑ ΕΠΙΚΟΙΝΩΝΗΣΟΥΜΕ ΑΥΡΙΟ ΣΤΙΣ 12:00
A98: 97 | B98: Δευτέρα, 20 Απριλίου 2026 | C98: 0.47986111 | D98: Στέλεχος Υπηρεσιών Αερομεταφοράς | E98: ΚΑΛΛΗΡΟΗ | F98: kallirroi78@gmail.com | G98: 6949061035 | H98: ΤΗΛΕΦΩΝΟ | I98: ΜΑΣ ΚΑΛΕΣΕ ΚΑΙ ΤΗΣ ΣΤΕΙΛΑΜΕ EMAIL, ΤΙ ΧΡΕΙΑΖΕΤΑΙ ΓΙΑ ΝΑ ΚΑΝΕΙ ΕΓΓΡΑΦΗ ΚΑΙ ΘΑ ΚΑΝΕΙ ΕΙΠΕ ΤΟΝ ΕΠΌΜΕΝΟ ΜΗΝΑ
A99: 98 | B99: Δευτέρα, 20 Απριλίου 2026 | C99: 16:22 μμ | D99: Τεχνικός Αρτοποιίας – Ζαχαροπλαστικής | E99: ΛΥΓΕΡΗ ΧΑΝΤΖΗ | F99: kontogoulidouk@gmail.com | G99: 6939318715 | H99: Ιστοσελίδα / Αναζήτηση | I99: ΤΟ ΕΙΧΕ ΚΑΝΕΙ ΜΙΑ ΜΑΘΗΤΡΙΑ ΚΑΙ ΕΔΩΣΕ ΤΟ ΤΗΛΕΦΩΝΟ ΤΗΣ ΜΗΤΕΡΑΣ
A100: 99 | B100: Σάββατο, 25 Απριλίου 2026 | C100: 12:16 μμ | D100: Εσωτερική Αρχιτεκτονική Διακόσμηση και Σχεδιασμός Αντικειμένων | E100: ΑΙΚΑΤΕΡΙΝΗ ΜΑΡΗ | F100: marikaterina@gmail.com | G100: 6944965999 | H100: Ιστοσελίδα / Αναζήτηση | I100: ΔΕΝ ΤΟ ΣΗΚΩΝΕ ΚΑΙ ΣΤΕΙΛΑΜΕ EMAIL, ΜΑΣ ΚΑΛΕΣΕ ΤΗΝ ΕΠΟΜΕΝΗ ΗΜΕΡΑ ΚΑΙ ΤΗΝ ΕΝΗΜΕΡΩΣΑ ΓΙΑ ΤΙΣ ΣΥΜΘΗΚΕΣ ΚΑΙ ΜΟΥ ΕΙΠΕ ΠΩΣ ΕΊΝΑΙ ΕΝΤΑΞΕΙ ΚΑΙ ΘΕΛΕΙ ΑΠΟΓΕΥΜΑ ΕΠΕΙΔΗ ΔΟΥΛΕΥΕΙ ΚΑΙ ΘΑ ΤΟ ΣΚΕΥΤΕΙ ΚΑΙ ΘΑ ΕΠΙΚΟΙΝΩΝΗΣΕΙ ΚΑΙ ΕΚΕΙΝΗ ΞΑΝΑ ΜΑΖΙ ΜΑΣ
A101: 100 | B101: Πέμπτη, 07 Μαίου 2026 | C101: 22:41 μμ | D101: Στέλεχος Διοίκησης και Οικονομίας | E101: ΑΙΚΑΤΕΡΙΝΗ ΠΛΑΤΕΛΑ | F101: k.platela@gmail.com | G101: 6943124530 | H101: Ιστοσελίδα / Αναζήτηση | I101: ΤΗΝ ΚΑΛΕΣΑΜΕ ΔΕΝ ΤΟ ΣΗΚΩΣΕ ΚΑΙ ΞΑΝΑ ΚΑΛΕΣΕ ΠΙΣΩ ΚΑΙ ΜΑΣ ΕΙΠΕ ΠΩΣ ΑΡΧΙΚΑ ΝΟΜΙΖΕ ΠΩΣ ΕΊΝΑΙ ΙΔΙΟΤΙΚΟ ΕΠΕΙΤΑ ΔΟΥΛΕΥΕΙ ΠΡΩΙ - ΑΠΟΓΕΥΜΑ, ΤΗΣ ΕΙΠΑ ΠΩΣ ΕΧΕΙ ΚΑΙ ΓΙΑ ΕΞ ΑΠΟΣΤΑΣΕΩΣ ΚΑΙ ΜΟΥ ΕΙΠΕ ΠΩΣ ΘΑ ΤΟ ΣΚΕΥΤΕΙ ΚΑΙ ΘΑ ΜΑΣ ΠΕΙ
A102: 101 | B102: Τρίτη, 12 Μαίου 2026 | C102: 20:29 μμ | D102: Τεχνικός Μαγειρικής Τέχνης–Αρχιμάγειρας(CHEF) | E102: Κατερίνα Καλύβα | F102: kkalyba42@gmail.com | G102: 6908625708 | H102: Ιστοσελίδα / Αναζήτηση | I102: ΤΗΝ ΚΑΛΕΣΑΜΕ ΚΑΙ ΔΕΝ ΤΟ ΣΗΚΩΣΕ ΚΑΙ ΤΗΣ ΣΤΕΙΛΑΜΕ ΚΑΙ EMAIL, ΟΠΟΤΕ ΠΕΡΙΜΕΝΟΥΜΕ ΑΠΑΝΤΗΣΗ. ΜΕ ΚΑΛΕΣΕ ΜΕΤΑ ΚΑΙ ΕΊΝΑΙ ΠΟΛΎ ΣΥΝΕΝΟΗΣΗΜΗ ΤΗΣ ΑΡΕΣΕ Η ΙΔΕΑ. ΜΕΝΕΙ ΣΤΗΝ ΙΕΡΑΠΕΤΡΑ ΚΑΙ ΘΑ ΕΡΧΕΤΑΙ. ΘΑ ΤΟ ΣΚΕΦΤΕΙ ΚΑΙ ΘΑ ΜΑΣ ΚΑΛΕΣΕΙ.
A103: 102 | B103: Τετάρτη, 13 Μαίου 2026 | C103: 0.011111111 | D103: - | E103: Σοφία Αρναούτη | F103: sofia.arnaouti1@gmail.com | G103: 6946501759 | H103: Ιστοσελίδα / Αναζήτηση | I103: ΤΗΝ ΚΑΛΕΣΑΜΕ ΚΑΙ ΔΕΝ ΤΟ ΣΗΚΩΣΕ ΚΑΙ ΤΗΣ ΣΤΕΙΛΑΜΕ ΚΑΙ EMAIL, ΟΠΟΤΕ ΠΕΡΙΜΕΝΟΥΜΕ ΑΠΑΝΤΗΣΗ.
A104: 103 | B104: Πέμπτη, 04 Ιουνίου 2026 | C104: 0.013194444 | D104: Εσωτερική Αρχιτεκτονική Διακόσμηση και Σχεδιασμός Αντικειμένων | E104: Paulina Bitzeli | F104: paulinabitzeli@gmail.com | G104: 6949422103 | H104: Ιστοσελίδα / Αναζήτηση | I104: ΤΗΝ ΚΑΛΕΣΑΜΕ ΚΑΙ ΡΩΤΗΣΕ ΑΡΧΙΚΑ ΑΝ ΕΙΜΑΣΤΕ ΔΗΜΟΣΙΟ Ή ΙΔΙΟΤΙΚΟ ΜΕΤΑ ΡΩΤΗΣΕ ΠΟΣΑ ΧΡΟΝΙΑ ΦΟΙΤΗΣΗ, ΔΙΔΑΚΤΡΑ ΚΑΙ ΑΝ ΤΩΡΑ ΜΕ ΤΗΝ ΕΚΔΗΛΩΣΗ ΕΝΔΙΑΦΕΡΟΝΤΟΣ ΕΊΝΑΙ ΣΑΝ ΝΑ ΕΧΕΙ ΚΑΝΕΙ ΕΓΓΡΑΦΗ, ΤΗΣ ΤΟΝΙΣΑ ΚΑΙ ΓΙΑ ΤΗΝ ΕΚΠΤΩΣΗ. ΤΗΝ ΕΝΗΜΕΡΩΣΑ ΚΑΙ ΑΝΑΛΥΤΙΚΑ ΓΙΑ ΌΤΙ ΡΩΤΗΣΕ ΚΑΙ ΜΕΤΑ ΕΙΠΕ ΘΑ ΤΟ ΣΚΕΥΤΕΙ ΚΑΙ ΘΑ ΕΠΙΚΟΙΝΩΝΙΣΕΙ ΕΚ ΝΕΟΥ
...

Sheet ΚΑΤΑΣΤΑΣΗ ΣΠΟΥΔΑ ΚΑΙ ΕΚΠΑΙΔ
A1: ΣΠΟΥΔΑΣΤΕΣ | H1: ΑΠΟΥΣΙΕΣ ΧΕΙΜΕΡΙΝΟΥ ΕΞΑΜΗΝΟΥ | S1: ΑΠΟΥΣΙΕΣ ΕΑΙΝΟΥ ΕΞΑΜΗΝΟΥ | AI1: ΕΚΠΑΙΔΕΥΤΕΣ
A2: Α/Α | B2: ΤΜΗΜΑ | C2: ΟΝΟΜΑ | D2: ΕΠΩΝΥΜΟ | E2: Αριθμός Μητρώου | F2: EMAIL | G2: ΤΕΛΕΦΩΝΟ | H2: ΦΥΣΙΚΑ ΠΕΤΡΩΜΑΤΑ | I2: ΠΑΛΑΙΟΤΕΡΟΙ ΠΟΛΙΤΙΣΜΟΙ ΚΑΙ ΤΕΧΝΗ | J2: ΓΡΑΜΜΙΚΟ ΣΧΕΔΙΟ | K2: ΕΛΕΥΘΕΡΟ ΚΑΙ ΒΑΣΙΚΟ ΣΧΕΔΙΟ | L2: ΧΡΩΜΑ ΚΑΙ ΔΙΑΚΟΣΜΗΤΙΚΕΣ ΕΦΑΡΜΟΓΕΣ | M2: ΠΡΑΚΤΙΚΗ ΕΦΑΡΜΟΓΗ σε χώρο βιτρίνας | S2: ΑΝΑΓΕΝΝΗΣΗ ΚΑΙ ΝΕΟΤΕΡΗ ΤΕΧΝΗ | T2: ΠΑΡΑΓΩΓΑ ΥΛΙΚΑ | U2: ΜΕΘΟΔΟΛΟΓΙΑ ΜΕΛΕΤΗΣ ΔΙΑΚΟΣΜΗΣΗΣ | V2: ΔΙΣΔΙΑΣΤΑΤΗ ΨΗΦΙΑΚΗ ΣΧΕΔΙΑΣΗ | W2: ΤΡΙΣΔΙΑΣΤΑΤΗ ΔΙΑΚΟΣΜΗΤΙΚΗ ΑΠΕΙΚΟΝΙΣΗ | X2: ΠΡΑΚΤΙΚΗ ΕΦΑΡΜΟΓΗ ΣΕ ΧΩΡΟΥΣ ΚΑΤΟΙΚΙΑΣ | Y2: ΔΟΜΙΚΑ ΣΤΟΙΧΕΙΑ ΕΣΩΤΕΡΙΚΩΝ ΧΩΡΩΝ | AI2: Α/Α | AJ2: ΕΠΙΘΕΤΟ | AK2: ΟΝΟΜΑ | AL2: ΚΙΝΗΤΟ | AM2: EMAIL | AN2: ΤΜΗΜΑ | AO2: ΤΙΜΟΛΟΓΙΟ VS ΣΥΜΒΑΣΗ | AP2: ΩΡΕΣ ΠΟΥ ΔΕΝ ΕΓΙΝΑΝ ΑΝΑΠΛΗΡΩΣΗ | AQ2: ΩΡΕΣ ΟΚΤΩΜΒΡΙΟΥ | AR2: ΩΡΕΣ ΝΟΕΜΒΡΙΟΥ | AS2: ΩΡΕΣ ΔΕΚΕΜΒΡΙΟΥ | AT2: ΩΡΕΣ ΙΑΝΟΥΑΡΙΟΥ | AU2: ΩΡΕΣ ΦΕΒΡΟΥΑΡΙΟΥ | AV2: ΛΟΓΑΡΙΑΣΜΟΙ IBAN | AW2: ΩΡΕΣ ΦΕΒΡΟΥΑΡΙΟΥ | AX2: ΩΡΕΣ ΜΑΡΤΙΟΥ | AY2: ΩΡΕΣ ΑΠΡΙΛΙΟΥ | AZ2: ΩΡΕΣ ΜΑΙΟΥ | BA2: ΩΡΕΣ ΙΟΥΝΙΟΥ
A3: 1 | B3: ΕΣΩΤΕΡΙΚΗ ΑΡΧΙΤΕΚΤΟΝΙΚΗ ΔΙΑΚΟΣΜΗΣΗ ΚΑΙ ΣΧΕΔΙΑΣΜΟΣ ΑΝΤΙΚΕΙΜΕΝΩΝ (1ο ΕΤΟΣ) | H3: 5 | I3: 5 | J3: 9 | K3: 9 | L3: 9 | M3: 9 | S3: 6 | T3: 6 | U3: 6 | V3: 12 | W3: 9 | X3: 12 | Y3: 9 | AI3: 1 | AJ3: ΑΠΛΑΔΑ | AK3: ΣΟΦΙΑ - ΧΑΡΑ | AL3: 6949455771 | AM3: sofiacharapple@gmail.com | AN3: Τεχνικός Αρτοποιίας – Ζαχαροπλαστικής | AO3: ΣΥΜΒΑΣΗ | AV3: Πειραιώς: GR8201714330006433139066923
A4: 2 | B4: ΕΣΩΤΕΡΙΚΗ ΑΡΧΙΤΕΚΤΟΝΙΚΗ ΔΙΑΚΟΣΜΗΣΗ ΚΑΙ ΣΧΕΔΙΑΣΜΟΣ ΑΝΤΙΚΕΙΜΕΝΩΝ (1ο ΕΤΟΣ) | H4: 5 | I4: 5 | J4: 9 | K4: 9 | L4: 9 | M4: 9 | S4: 6 | T4: 6 | U4: 6 | V4: 12 | W4: 9 | X4: 12 | Y4: 9 | AI4: 2 | AJ4: ΚΟΥΝΔΟΥΡΑΚΗ | AK4: ΗΛΕΚΤΡΑ | AL4: 6984501017 | AM4: koundouraki@katartisi.gr | AN4: Στέλεχος Διοίκησης και Οικονομίας | AO4: ΣΥΜΒΑΣΗ | AV4: υπάρχουν τα στοιχεία τραπεζικού λογαριασμού
A5: 3 | B5: ΕΣΩΤΕΡΙΚΗ ΑΡΧΙΤΕΚΤΟΝΙΚΗ ΔΙΑΚΟΣΜΗΣΗ ΚΑΙ ΣΧΕΔΙΑΣΜΟΣ ΑΝΤΙΚΕΙΜΕΝΩΝ (1ο ΕΤΟΣ) | H5: 5 | I5: 5 | J5: 9 | K5: 9 | L5: 9 | M5: 9 | S5: 6 | T5: 6 | U5: 6 | V5: 12 | W5: 9 | X5: 12 | Y5: 9 | AI5: 3 | AJ5: ΚΥΡΛΑΚΗΣ | AK5: ΜΑΡΙΟΣ | AL5: 6955515575 | AM5: kirlakismarios@gmail.com | AN5: Τεχνικός Μαγερικής Τέχνης | AO5: ΣΥΜΒΑΣΗ | AV5: είναι ο ίδιος λογαρισμός
A6: 4 | B6: ΕΣΩΤΕΡΙΚΗ ΑΡΧΙΤΕΚΤΟΝΙΚΗ ΔΙΑΚΟΣΜΗΣΗ ΚΑΙ ΣΧΕΔΙΑΣΜΟΣ ΑΝΤΙΚΕΙΜΕΝΩΝ (1ο ΕΤΟΣ) | H6: 5 | I6: 5 | J6: 9 | K6: 9 | L6: 9 | M6: 9 | S6: 6 | T6: 6 | U6: 6 | V6: 12 | W6: 9 | X6: 12 | Y6: 9 | AI6: 4 | AJ6: ΜΑΡΚΑΚΗ ΤΡΥΠΑΚΗ | AK6: ΠΕΛΑΓΙΑ | AL6: 6948486899 | AM6: ptrypaki@yahoo.gr | AN6: Στέλεχος Υπηρεσιών Αερομεταφοράς | AO6: ΣΥΜΒΑΣΗ | AV6: ΕΘΝΙΚΗ: GR6701108050000080560371439
A7: 5 | B7: ΕΣΩΤΕΡΙΚΗ ΑΡΧΙΤΕΚΤΟΝΙΚΗ ΔΙΑΚΟΣΜΗΣΗ ΚΑΙ ΣΧΕΔΙΑΣΜΟΣ ΑΝΤΙΚΕΙΜΕΝΩΝ (1ο ΕΤΟΣ) | H7: 5 | I7: 5 | J7: 9 | K7: 9 | L7: 9 | M7: 9 | S7: 6 | T7: 6 | U7: 6 | V7: 12 | W7: 9 | X7: 12 | Y7: 9 | AI7: 5 | AJ7: ΜΠΙΤΖΟΥ | AK7: ΘΕΟΔΟΣΙΑ | AL7: 6944632864 και 2811391656 | AM7: thbitzou@gmail.com | AN7: Εσωτερική Αρχιτεκτονική Διακόσμηση και Σχεδιασμός Αντικειμένων | AO7: ΣΥΜΒΑΣΗ | AV7: ΠΕΙΡΑΙΩΣ: GR8601727550005755015924445
A8: 6 | B8: ΕΣΩΤΕΡΙΚΗ ΑΡΧΙΤΕΚΤΟΝΙΚΗ ΔΙΑΚΟΣΜΗΣΗ ΚΑΙ ΣΧΕΔΙΑΣΜΟΣ ΑΝΤΙΚΕΙΜΕΝΩΝ (1ο ΕΤΟΣ) | H8: 5 | I8: 5 | J8: 9 | K8: 9 | L8: 9 | M8: 9 | S8: 6 | T8: 6 | U8: 6 | V8: 12 | W8: 9 | X8: 12 | Y8: 9 | AI8: 6 | AJ8: ΝΕΟΝΑΚΗ | AK8: ΜΑΡΙΝΑ | AL8: 6972089035 | AM8: neonakimar@yahoo.gr | AN8: Τεχνικός Αρτοποιίας – Ζαχαροπλαστικής | AO8: ΣΥΜΒΑΣΗ | AV8: Eurobank: GR4902601340000000200749466
A9: 7 | B9: ΕΣΩΤΕΡΙΚΗ ΑΡΧΙΤΕΚΤΟΝΙΚΗ ΔΙΑΚΟΣΜΗΣΗ ΚΑΙ ΣΧΕΔΙΑΣΜΟΣ ΑΝΤΙΚΕΙΜΕΝΩΝ (1ο ΕΤΟΣ) | H9: 5 | I9: 5 | J9: 9 | K9: 9 | L9: 9 | M9: 9 | S9: 6 | T9: 6 | U9: 6 | V9: 12 | W9: 9 | X9: 12 | Y9: 9 | AI9: 7 | AJ9: ΠΑΠΑΔΟΜΑΝΩΛΑΚΗΣ | AK9: ΔΗΜΗΤΡΗΣ | AL9: 6945452188 | AM9: dpapadomanolakis@uniwa.gr | AN9: Στέλεχος Διοίκησης και Οικονομίας | AO9: ΣΥΜΒΑΣΗ | AV9: EUROBANK: GR4902600020000630101333443
A10: 8 | B10: ΕΣΩΤΕΡΙΚΗ ΑΡΧΙΤΕΚΤΟΝΙΚΗ ΔΙΑΚΟΣΜΗΣΗ ΚΑΙ ΣΧΕΔΙΑΣΜΟΣ ΑΝΤΙΚΕΙΜΕΝΩΝ (1ο ΕΤΟΣ) | H10: 5 | I10: 5 | J10: 9 | K10: 9 | L10: 9 | M10: 9 | S10: 6 | T10: 6 | U10: 6 | V10: 12 | W10: 9 | X10: 12 | Y10: 9 | AI10: 8 | AJ10: ΡΕΠΑΝΑΚΗ | AK10: ΔΕΣΠΟΙΝΑ | AL10: 6937037501 | AM10: repdebbie@gmail.com | AN10: Στέλεχος Υπηρεσιών Αερομεταφοράς | AO10: ΣΥΜΒΑΣΗ | AV10: EUROBANK GR 2002603300000130201705162
A11: 9 | B11: ΕΣΩΤΕΡΙΚΗ ΑΡΧΙΤΕΚΤΟΝΙΚΗ ΔΙΑΚΟΣΜΗΣΗ ΚΑΙ ΣΧΕΔΙΑΣΜΟΣ ΑΝΤΙΚΕΙΜΕΝΩΝ (1ο ΕΤΟΣ) | H11: 5 | I11: 5 | J11: 9 | K11: 9 | L11: 9 | M11: 9 | S11: 6 | T11: 6 | U11: 6 | V11: 12 | W11: 9 | X11: 12 | Y11: 9 | AI11: 9 | AJ11: ΣΑΜΟΛΗ | AK11: ΣΤΑΥΡΟΥΛΑ | AL11: 6939160280 | AM11: samolistavroula19@gmail.com | AN11: Στέλεχος Υπηρεσιών Αερομεταφοράς | AO11: ΣΥΜΒΑΣΗ | AV11: Τράπεζα Πειραιώς GR0401727510 005751063714325
A12: 10 | B12: ΕΣΩΤΕΡΙΚΗ ΑΡΧΙΤΕΚΤΟΝΙΚΗ ΔΙΑΚΟΣΜΗΣΗ ΚΑΙ ΣΧΕΔΙΑΣΜΟΣ ΑΝΤΙΚΕΙΜΕΝΩΝ (1ο ΕΤΟΣ) | H12: 5 | I12: 5 | J12: 9 | K12: 9 | L12: 9 | M12: 9 | S12: 6 | T12: 6 | U12: 6 | V12: 12 | W12: 9 | X12: 12 | Y12: 9 | AI12: 10 | AJ12: ΧΑΝΙΩΤΑΚΗΣ | AK12: ΧΑΡΑΛΑΜΠΟΣ | AL12: 6977586273 | AM12: babis.chaniotakis@gmail.com | AN12: Τεχνικός Αρτοποιίας – Ζαχαροπλαστικής | AO12: ΣΥΜΒΑΣΗ | AV12: Eurobank: GR5002604030000530200115581
AI13: 11 | AJ13: ΑΝΑΓΝΩΣΤΑΚΗ | AK13: ΝΙΚΗ | AL13: 6983756076 | AM13: ni.anagnostaki@gmail.com | AN13: ΔΙΚΑΙΟ | AO13: ΤΙΜΟΛΟΓΙΟ | AV13: ΠΕΙΡΑΙΩΣ GR9301722330005233087759281 ΕΘΝΙΚΗ GR1401107550000075501242814
A14: Α/Α | B14: ΤΜΗΜΑ | C14: ΟΝΟΜΑ | D14: ΕΠΩΝΥΜΟ | E14: Αριθμός Μητρώου | F14: EMAIL | G14: ΤΕΛΕΦΩΝΟ | H14: ΤΕΧΝΗΤΑ ΥΛΙΚΑ | I14: ΣΥΓΧΡΟΝΗ ΚΑΙ ΕΛΛΗΝΙΚΗ ΤΕΧΝΗ | J14: ΤΡΙΣΔΙΑΣΤΑΤΗ ΨΗΦΙΑΚΗ ΣΧΕΔΙΑΣΗ | K14: ΚΑΤΑΣΚΕΥΑΣΤΙΚΟ ΣΧΕΔΙΟ ΕΣΩΤΕΡΙΚΩΝ ΧΩΡΩΝ | L14: ΔΙΑΚΟΣΜΗΤΙΚΕΣ ΕΦΑΡΜΟΓΕΣ ΧΡΗΣΤΙΚΩΝ ΑΝΤΙΚΕΙΜΕΝΩΝ | M14: ΠΡΑΚΤΙΚΗ ΕΦΑΡΜΟΓΗ σε χώρους εργασίας | S14: ΟΡΓΑΝΩΣΗ ΕΡΓΑΣΙΩΝ ΕΡΓΟΥ | T14: ΨΗΦΙΑΚΟΣ ΦΩΤΟΡΕΑΛΙΣΜΟΣ | U14: ΔΙΑΚΟΣΜΗΤΙΚΟ ΣΧΕΔΙΟ | V14: ΠΡΑΚΤΙΚΗ ΕΦΑΡΜΟΓΗ ΣΕ ΧΩΡΟΥΣ ΦΙΛΟΞΕΝΙΑΣ | W14: ΔΙΑΚΟΣΜΗΤΙΚΕΣ ΜΕΤΑΒΛΗΤΕΣ ΕΦΑΡΜΟΓΕΣ | AI14: 12 | AJ14: ΒΟΓΙΑΤΖΗΣ | AK14: ΔΙΟΝΥΣΗΣ | AL14: 6946076210 & 2810236060 | AM14: nioniosvog@hotmail.com | AN14: Τεχνικός Αρτοποιίας – Ζαχαροπλαστικής | AO14: ΤΙΜΟΛΟΓΙΟ | AV14: είναι ο ίδιος λογαρισμός
A15: 1 | B15: ΕΣΩΤΕΡΙΚΗ ΑΡΧΙΤΕΚΤΟΝΙΚΗ ΔΙΑΚΟΣΜΗΣΗ ΚΑΙ ΣΧΕΔΙΑΣΜΟΣ ΑΝΤΙΚΕΙΜΕΝΩΝ (2ο ΕΤΟΣ) | C15: ΑΝΤΩΝΗΣ | D15: ΠΑΠΑΔΟΠΟΥΛΟΣ | E15: 59 | F15: iwona55@windowslive.com, antonis232123@outlook.com.gr | G15: 6951957501 | H15: 5 | I15: 5 | J15: 9 | K15: 7 | L15: 11 | M15: 9 | S15: 6 | T15: 12 | U15: 12 | V15: 15 | W15: 15 | AI15: 13 | AJ15: ΚΟΥΜΑΚΗΣ | AK15: ΚΩΝΣΤΑΝΤΙΝΟΣ | AL15: 6974120129, 2810334407 | AM15: info@zaxaroplasteiokoumakis.gr | AN15: Τεχνικός Αρτοποιίας – Ζαχαροπλαστικής | AO15: ΤΙΜΟΛΟΓΙΟ | AV15: ΈΧΕΙ ΤΟΝ ΠΕΡΣΙΝΟ ΕΙΠΕ
A16: 2 | B16: ΕΣΩΤΕΡΙΚΗ ΑΡΧΙΤΕΚΤΟΝΙΚΗ ΔΙΑΚΟΣΜΗΣΗ ΚΑΙ ΣΧΕΔΙΑΣΜΟΣ ΑΝΤΙΚΕΙΜΕΝΩΝ (2ο ΕΤΟΣ) | C16: ΝΙΚΟΛ | D16: ΑΝΑΣΤΑΣΙΑΔΗ | E16: 60 | F16: anasta.nicole@gmail.com | G16: 6993230075 | H16: 5 | I16: 5 | J16: 9 | K16: 7 | L16: 11 | M16: 9 | S16: 6 | T16: 12 | U16: 12 | V16: 15 | W16: 15 | AI16: 14 | AJ16: ΛΥΡΑΤΖΑΚΗ | AK16: ΕΛΕΝΗ | AL16: 6955951660 | AM16: elenhlyratzakh@gmail.com | AN16: Εσωτερική Αρχιτεκτονική Διακόσμηση και Σχεδιασμός Αντικειμένων | AO16: ΤΙΜΟΛΟΓΙΟ | AV16: EUROBANK: GR9002601340000010201479574
A17: 3 | B17: ΕΣΩΤΕΡΙΚΗ ΑΡΧΙΤΕΚΤΟΝΙΚΗ ΔΙΑΚΟΣΜΗΣΗ ΚΑΙ ΣΧΕΔΙΑΣΜΟΣ ΑΝΤΙΚΕΙΜΕΝΩΝ (2ο ΕΤΟΣ) | C17: ΓΙΑΝΝΗΣ | D17: ΚΟΥΤΣΟΓΙΑΝΝΑΚΗΣ | E17: 58 | F17: gianneskoutsogiannakes@gmail.com | G17: 6988403440 | H17: 5 | I17: 5 | J17: 9 | K17: 7 | L17: 11 | M17: 9 | S17: 6 | T17: 12 | U17: 12 | V17: 15 | W17: 15 | AI17: 15 | AJ17: ΛΥΡΑΤΖΑΚΗΣ | AK17: ΑΛΕΞΑΝΔΡΟΣ | AL17: 6979641896 | AM17: alyratzakis@gmail.com | AN17: Εσωτερική Αρχιτεκτονική Διακόσμηση και Σχεδιασμός Αντικειμένων | AO17: ΤΙΜΟΛΟΓΙΟ | AV17: EUROBANK: GR9002601340000010201479574
A18: 4 | B18: ΕΣΩΤΕΡΙΚΗ ΑΡΧΙΤΕΚΤΟΝΙΚΗ ΔΙΑΚΟΣΜΗΣΗ ΚΑΙ ΣΧΕΔΙΑΣΜΟΣ ΑΝΤΙΚΕΙΜΕΝΩΝ (2ο ΕΤΟΣ) | C18: ΕΙΡΗΝΗ | D18: ΠΕΡΗΦΑΝΟΥ | E18: 73 | F18: eiriniperif@gmail.com | G18: 6984495182 | H18: 5 | I18: 5 | J18: 9 | K18: 7 | L18: 11 | M18: 9 | S18: 6 | T18: 12 | U18: 12 | V18: 15 | W18: 15 | AI18: 16 | AJ18: ΠΑΠΑΦΡΑΓΚΑΚΗ | AK18: ΦΩΤΕΙΝΗ | AL18: 6989676442 | AM18: fpapafragaki@gmail.com | AN18: ΑΓΓΛΙΚΑ | AO18: ΤΙΜΟΛΟΓΙΟ | AV18: ΠΑΓΚΡΗΤΙΑ GR7801600150000000150992851
A19: 5 | B19: ΕΣΩΤΕΡΙΚΗ ΑΡΧΙΤΕΚΤΟΝΙΚΗ ΔΙΑΚΟΣΜΗΣΗ ΚΑΙ ΣΧΕΔΙΑΣΜΟΣ ΑΝΤΙΚΕΙΜΕΝΩΝ (2ο ΕΤΟΣ) | C19: ΕΥΑ | D19: ΧΑΙΝΑΚΗ | E19: 75 | F19: ehainaki@gmail.com | G19: 6983006334 | H19: 5 | I19: 5 | J19: 9 | K19: 7 | L19: 11 | M19: 9 | S19: 6 | T19: 12 | U19: 12 | V19: 15 | W19: 15 | AI19: 17 | AJ19: ΣΑΒΑ | AK19: ΜΙΚΑΕΛΑ | AL19: 6946047218 | AM19: mikasava96@gmail.com | AN19: ΓΑΛΛΙΚΑ | AO19: ΤΙΜΟΛΟΓΙΟ | AV19: είναι ο ίδιος λογαρισμός
AI20: 18 | AJ20: ΣΚΟΡΔΟΥ | AK20: ΕΛΕΝΗ | AL20: 6973739823 | AM20: elenskordou@gmail.com | AN20: Εσωτερική Αρχιτεκτονική Διακόσμηση και Σχεδιασμός Αντικειμένων | AO20: ΤΙΜΟΛΟΓΙΟ | AV20: ALPHA BANK: GR2901407750775002002022156
A21: Α/Α | B21: ΤΜΗΜΑ | C21: ΟΝΟΜΑ | D21: ΕΠΩΝΥΜΟ | E21: Αριθμός Μητρώου | F21: EMAIL | G21: ΤΕΛΕΦΩΝΟ | H21: ΕΙΣΑΓΩΓΗ ΣΤΗ ΓΕΝΙΚΗ ΛΟΓΙΣΤΙΚΗ | I21: ΑΣΤΙΚΟ ΔΙΚΑΙΟ | J21: ΕΙΣΑΓΩΓΗ ΣΤΑ ΟΙΚΟΝΟΜΙΚΑ ΜΑΘΗΜΑΤΙΚΑ | K21: ΕΙΣΑΓΩΓΗ ΣΤΗΝ ΣΤΑΤΙΣΤΙΚΗ | L21: ΕΙΣΑΓΩΓΗ ΣΤΗ ΔΙΟΙΚΗΣΗ ΕΠΙΧΕΙΡΗΣΕΩΝ | M21: ΕΠΑΓΓΕΛΜΑΤΙΚΕΣ ΔΕΞΙΟΤΗΤΕΣ ΜΕ ΤΗ ΧΡΗΣΗ ΛΟΓΙΣΤΙΚΩΝ ΦΥΛΛΩΝ | S21: ΕΜΠΟΡΙΚΟ ΔΙΚΑΙΟ | T21: ΕΙΔΙΚΑ ΘΕΜΑΤΑ ΔΙΟΙΚΗΣΗΣ ΕΠΙΧΕΙΡΗΣΕΩΝ | U21: ΠΡΑΚΤΙΚΗ ΕΦΑΡΜΟΓΗ ΣΤΗΝ ΕΙΔΙΚΟΤΗΤΑ | V21: ΕΙΔΙΚΑ ΘΕΜΑΤΑ ΟΙΚΟΝΟΜΙΚΩΝ ΜΑΘΗΜΑΤΙΚΩΝ | W21: ΕΙΔΙΚΑ ΘΕΜΑΤΑ ΣΤΑΤΙΣΤΙΚΗΣ | X21: ΟΙΚΟΝΟΜΙΚΗ ΤΩΝ ΕΠΙΧΕΙΡΗΣΕΩΝ | Y21: ΕΙΔΙΚΑ ΘΕΜΑΤΑ ΓΕΝΙΚΗΣ ΛΟΓΙΣΤΙΚΗΣ | Z21: ΕΠΙΧΕΙΡΙΣΙΑΚΕΣ ΕΠΙΚΟΙΝΩΝΙΕΣ | AI21: 19 | AJ21: ΤΣΑΚΙΡΕΛΗΣ | AK21: ΙΩΑΝΝΗΣ | AL21: 6936771591 | AM21: tsakirelis@gmail.com | AN21: Εσωτερική Αρχιτεκτονική Διακόσμηση και Σχεδιασμός Αντικειμένων | AO21: ΤΙΜΟΛΟΓΙΟ | AV21: EUROBANK: IBAN GR0302601670000640200710192
A22: 1 | B22: ΣΤΕΛΕΧΟΣ ΔΙΟΙΚΗΣΗΣ ΚΑΙ ΟΙΚΟΝΟΜΙΑΣ (1ο ΕΤΟΣ) | H22: 9 | I22: 5 | J22: 5 | K22: 5 | L22: 5 | M22: 7 | S22: 9 | T22: 6 | U22: 9 | V22: 6 | W22: 6 | X22: 6 | Y22: 12 | Z22: 6 | AI22: 20 | AJ22: ΦΥΣΑΡΑΚΗΣ | AK22: ΔΗΜΗΤΡΗΣ | AL22: 6976147069 | AM22: dfisarakis@gmail.com | AN22: Τεχνικός Αρτοποιίας – Ζαχαροπλαστικής | AO22: ΤΙΜΟΛΟΓΙΟ | AV22: ΕΘΝΙΚΗ GR8701107550000075501929618
A23: 2 | B23: ΣΤΕΛΕΧΟΣ ΔΙΟΙΚΗΣΗΣ ΚΑΙ ΟΙΚΟΝΟΜΙΑΣ (1ο ΕΤΟΣ) | H23: 9 | I23: 5 | J23: 5 | K23: 5 | L23: 5 | M23: 7 | S23: 9 | T23: 6 | U23: 9 | V23: 6 | W23: 6 | X23: 6 | Y23: 12 | Z23: 6 | AI23: 21 | AJ23: ΛΥΡΑΤΖΑΚΗ | AK23: ΕΛΕΝΗ | AL23: 6955951660 | AM23: elenhlyratzakh@gmail.com | AN23: Εσωτερική Αρχιτεκτονική Διακόσμηση και Σχεδιασμός Αντικειμένων | AO23: ΤΙΜΟΛΟΓΙΟ | AV23: EUROBANK: GR9002601340000010201479574
A24: 3 | B24: ΣΤΕΛΕΧΟΣ ΔΙΟΙΚΗΣΗΣ ΚΑΙ ΟΙΚΟΝΟΜΙΑΣ (1ο ΕΤΟΣ) | H24: 9 | I24: 5 | J24: 5 | K24: 5 | L24: 5 | M24: 7 | S24: 9 | T24: 6 | U24: 9 | V24: 6 | W24: 6 | X24: 6 | Y24: 12 | Z24: 6 | AI24: 22 | AJ24: ΛΥΡΑΤΖΑΚΗΣ | AK24: ΑΛΕΞΑΝΔΡΟΣ | AL24: 6979641896 | AM24: alyratzakis@gmail.com | AN24: Εσωτερική Αρχιτεκτονική Διακόσμηση και Σχεδιασμός Αντικειμένων | AO24: ΤΙΜΟΛΟΓΙΟ | AV24: EUROBANK: GR9002601340000010201479574
A25: 4 | B25: ΣΤΕΛΕΧΟΣ ΔΙΟΙΚΗΣΗΣ ΚΑΙ ΟΙΚΟΝΟΜΙΑΣ (1ο ΕΤΟΣ) | H25: 9 | I25: 5 | J25: 5 | K25: 5 | L25: 5 | M25: 7 | S25: 9 | T25: 6 | U25: 9 | V25: 6 | W25: 6 | X25: 6 | Y25: 12 | Z25: 6 | AI25: 23 | AJ25: ΠΑΠΑΦΡΑΓΚΑΚΗ | AK25: ΦΩΤΕΙΝΗ | AL25: 6989676442 | AM25: fpapafragaki@gmail.com | AN25: ΑΓΓΛΙΚΑ | AO25: ΤΙΜΟΛΟΓΙΟ | AV25: ΠΑΓΚΡΗΤΙΑ GR7801600150000000150992851
A26: 5 | B26: ΣΤΕΛΕΧΟΣ ΔΙΟΙΚΗΣΗΣ ΚΑΙ ΟΙΚΟΝΟΜΙΑΣ (1ο ΕΤΟΣ) | H26: 9 | I26: 5 | J26: 5 | K26: 5 | L26: 5 | M26: 7 | S26: 9 | T26: 6 | U26: 9 | V26: 6 | W26: 6 | X26: 6 | Y26: 12 | Z26: 6 | AI26: 24 | AJ26: ΣΑΒΑ | AK26: ΜΙΚΑΕΛΑ | AL26: 6946047218 | AM26: mikasava96@gmail.com | AN26: ΓΑΛΛΙΚΑ | AO26: ΤΙΜΟΛΟΓΙΟ | AV26: είναι ο ίδιος λογαρισμός
A27: 6 | B27: ΣΤΕΛΕΧΟΣ ΔΙΟΙΚΗΣΗΣ ΚΑΙ ΟΙΚΟΝΟΜΙΑΣ (1ο ΕΤΟΣ) | H27: 9 | I27: 5 | J27: 5 | K27: 5 | L27: 5 | M27: 7 | S27: 9 | T27: 6 | U27: 9 | V27: 6 | W27: 6 | X27: 6 | Y27: 12 | Z27: 6 | AI27: 25 | AJ27: ΣΚΟΡΔΟΥ | AK27: ΕΛΕΝΗ | AL27: 6973739823 | AM27: elenskordou@gmail.com | AN27: Εσωτερική Αρχιτεκτονική Διακόσμηση και Σχεδιασμός Αντικειμένων | AO27: ΤΙΜΟΛΟΓΙΟ | AV27: ALPHA BANK: GR2901407750775002002022156
A28: 6 | B28: ΣΤΕΛΕΧΟΣ ΔΙΟΙΚΗΣΗΣ ΚΑΙ ΟΙΚΟΝΟΜΙΑΣ (1ο ΕΤΟΣ) | H28: 9 | I28: 5 | J28: 5 | K28: 5 | L28: 5 | M28: 7 | S28: 9 | T28: 6 | U28: 9 | V28: 6 | W28: 6 | X28: 6 | Y28: 12 | Z28: 6 | AI28: 26 | AJ28: ΤΣΑΚΙΡΕΛΗΣ | AK28: ΙΩΑΝΝΗΣ | AL28: 6936771591 | AM28: tsakirelis@gmail.com | AN28: Εσωτερική Αρχιτεκτονική Διακόσμηση και Σχεδιασμός Αντικειμένων | AO28: ΤΙΜΟΛΟΓΙΟ | AV28: EUROBANK: IBAN GR0302601670000640200710192
A29: 7 | B29: ΣΤΕΛΕΧΟΣ ΔΙΟΙΚΗΣΗΣ ΚΑΙ ΟΙΚΟΝΟΜΙΑΣ (1ο ΕΤΟΣ) | H29: 9 | I29: 5 | J29: 5 | K29: 5 | L29: 5 | M29: 7 | S29: 9 | T29: 6 | U29: 9 | V29: 6 | W29: 6 | X29: 6 | Y29: 12 | Z29: 6 | AI29: 27 | AJ29: ΦΥΣΑΡΑΚΗΣ | AK29: ΔΗΜΗΤΡΗΣ | AL29: 6976147069 | AM29: dfisarakis@gmail.com | AN29: Τεχνικός Αρτοποιίας – Ζαχαροπλαστικής | AO29: ΤΙΜΟΛΟΓΙΟ | AV29: ΕΘΝΙΚΗ GR8701107550000075501929618
A30: 8 | B30: ΣΤΕΛΕΧΟΣ ΔΙΟΙΚΗΣΗΣ ΚΑΙ ΟΙΚΟΝΟΜΙΑΣ (1ο ΕΤΟΣ) | H30: 9 | I30: 5 | J30: 5 | K30: 5 | L30: 5 | M30: 7 | S30: 9 | T30: 6 | U30: 9 | V30: 6 | W30: 6 | X30: 6 | Y30: 12 | Z30: 6 | AJ30: ΦΥΓΕΤΑΚΗ | AK30: ΜΑΡΙΑ | AL30: 6955641311 | AM30: m.fygetaki@gmail.com | AN30: Στέλεχος Υπηρεσιών Αερομεταφοράς | AO30: ΣΥΜΒΑΣΗ | AV30: EUROBANK: GR5502602760000280101488588
A31: 10 | B31: ΣΤΕΛΕΧΟΣ ΔΙΟΙΚΗΣΗΣ ΚΑΙ ΟΙΚΟΝΟΜΙΑΣ (1ο ΕΤΟΣ) | H31: 9 | I31: 5 | J31: 5 | K31: 5 | L31: 5 | M31: 7 | S31: 9 | T31: 6 | U31: 9 | V31: 6 | W31: 6 | X31: 6 | Y31: 12 | Z31: 6 | AJ31: ΜΠΟΥΧΑΛΑΚΗΣ | AK31: ΕΜΜΑΝΟΥΗΛ | AL31: 6998108632 | AM31: manbouch@yahoo.com | AN31: ΑΓΓΛΙΚΑ | AO31: ΣΥΜΒΑΣΗ | AV31: ΔΕΝ ΕΓΡΑΨΕ ΤΡΑΠΕΖΑ ΜΑΛΛΟΝ ΕΊΝΑΙ EUROBANK: GR0902601340000070101663955
AJ32: ΤΖΑΝΑΚΗ | AK32: ΕΛΕΥΘΕΡΙΑ | AL32: 6973825235 | AM32: eleftheriatzanaki@gmail.com | AN32: Εσωτερική Αρχιτεκτονική Διακόσμηση και Σχεδιασμός Αντικειμένων | AO32: ΤΙΜΟΛΟΓΙΟ | AV32: Eurobank: GR3202606840000530103488326
A33: Α/Α | B33: ΤΜΗΜΑ | C33: ΟΝΟΜΑ | D33: ΕΠΩΝΥΜΟ | E33: Αριθμός Μητρώου | F33: EMAIL | G33: ΤΕΛΕΦΩΝΟ | H33: ΦΟΡΟΛΟΓΙΚΗ ΠΡΑΚΤΙΚΗ /ΦΟΡΟΛΟΓΙΚΕΣ ΕΦΑΡΜΟΓΕΣ | I33: ΛΟΓΙΣΤΙΚΗ ΕΤΑΙΡΕΙΩΝ | J33: ΜΗΧΑΝΟΓΡΑΦΗΜΕΝΗ ΛΟΓΙΣΤΙΚΗ | K33: ΛΟΓΙΣΤΙΚΗ ΚΟΣΤΟΥΣ | L33: ΔΗΜΟΣΙΕΣ ΣΧΕΣΕΙΣ ΚΑΙ ΕΠΙΚΟΙΝΩΝΙΑ | M33: ΕΠΕΞΕΡΓΑΣΙΑ ΚΕΙΜΕΝΟΥ (Η/Υ) | N33: ΠΡΑΚΤΙΚΗ ΕΦΑΡΜΟΓΗ ΣΤΗΝ ΕΙΔΙΚΟΤΗΤΑ | S33: ΕΠΙΧΕΙΡΗΜΑΤΙΚΟΤΗΤΑ & ΚΑΙΝΟΤΟΜΙΑ | T33: ΕΜΠΟΡΙΚΗ ΔΙΑΧΕΙΡΙΣΗ (WMS)-ΜΙΣΘΟΔΟΣΙΑ (PAYROLL) | U33: PROJECT MANAGEMENT | V33: ΧΡΗΜΑΤΟΟΙΚΟΝΟΜΙΚΗ ΔΙΟΙΚΗΣΗ – ΑΞΙΟΛΟΓΗΣΗ ΕΠΕΝΔΥΣΕΩΝ | W33: ΔΙΟΙΚΗΣΗ ΑΝΘΡΩΠΙΝΩΝ ΠΟΡΩΝ | X33: ΕΙΔΙΚΑ ΘΕΜΑΤΑ ΛΟΓΙΣΤΙΚΩΝ ΦΥΛΛΩΝ | Y33: ΠΡΑΚΤΙΚΗ ΕΦΑΡΜΟΓΗ ΣΤΗΝ ΕΙΔΙΚΟΤΗΤΑ | AJ33: ΧΑΤΖΗΝΤΕΒΕ | AK33: ΧΡΙΣΤΙΝΑ | AL33: 6940828922 | AM33: cchatzideve@gmail.com | AN33: Εσωτερική Αρχιτεκτονική Διακόσμηση και Σχεδιασμός Αντικειμένων | AO33: ΣΥΜΒΑΣΗ | AV33: είναι ο ίδιος λογαρισμός
A34: 1 | B34: ΣΤΕΛΕΧΟΣ ΔΙΟΙΚΗΣΗΣ ΚΑΙ ΟΙΚΟΝΟΜΙΑΣ (2ο ΕΤΟΣ) | C34: ΚΛΕΙΩ | D34: ΚΕΝΔΡΙΣΤΑΚΗ | E34: 81 | F34: kendristakek@gmail.com | G34: 6973585676 | AJ34: ΑΔΑΜΗΣ | AK34: ΓΕΩΡΓΙΟΣ | AL34: 6972600890 | AM34: georgeadamis1@gmail.com | AN34: Εσωτερική Αρχιτεκτονική Διακόσμηση και Σχεδιασμός Αντικειμένων | AO34: ΤΙΜΟΛΟΓΙΟ
A35: 2 | B35: ΣΤΕΛΕΧΟΣ ΔΙΟΙΚΗΣΗΣ ΚΑΙ ΟΙΚΟΝΟΜΙΑΣ (2ο ΕΤΟΣ) | C35: ΧΑΡΙΔΗΜΟΣ ΕΜΜΑΝΟΥΗΛ | D35: ΜΑΝΙΟΥΔΑΚΗΣ | E35: 82 | F35: charitosmanioudakes78@gmail.com | G35: 6971993662 | AJ35: ΖΑΧΑΡΙΑΔΑΚΗ | AK35: ΕΙΡΗΝΗ | AL35: 6944640433 | AM35: errikazaha@yahoo.gr | AN35: Εσωτερική Αρχιτεκτονική Διακόσμηση και Σχεδιασμός Αντικειμένων | AO35: ΣΥΜΒΑΣΗ
A36: 3 | B36: ΣΤΕΛΕΧΟΣ ΔΙΟΙΚΗΣΗΣ ΚΑΙ ΟΙΚΟΝΟΜΙΑΣ (2ο ΕΤΟΣ) | C36: ΠΑΥΛΙΝΑ | D36: ΜΩΥΣΑΚΗ | E36: 74 | F36: paulinamoysaki123@gmail.com | G36: 6985837967 | AJ36: ΚΑΛΟΓΕΡΑΚΗΣ | AK36: ΜΙΧΑΗΛ | AL36: 6971745097 | AM36: kalomich@outlook.com | AN36: ΔΙΚΑΙΟ | AO36: ΤΙΜΟΛΟΓΙΟ
A37: 4 | B37: ΣΤΕΛΕΧΟΣ ΔΙΟΙΚΗΣΗΣ ΚΑΙ ΟΙΚΟΝΟΜΙΑΣ (2ο ΕΤΟΣ) | C37: ΜΑΡΙΑ | D37: ΠΑΠΑΔΑΚΗ | E37: 72 | F37: papadakimar44@gmail.com | G37: 6944918511 | AJ37: ΚΟΝΙΔΑΚΗ | AK37: ΣΤΕΦΑΝΙΑ | AL37: 6979971391 | AM37: stephaniekonidaki@yahoo.gr | AN37: ΓΑΛΛΙΚΑ | AO37: ΣΥΜΒΑΣΗ
A38: 5 | B38: ΣΤΕΛΕΧΟΣ ΔΙΟΙΚΗΣΗΣ ΚΑΙ ΟΙΚΟΝΟΜΙΑΣ (2ο ΕΤΟΣ) | C38: ΕΜΜΑΝΟΥΕΛΑ | D38: ΡΙΖΟΥ | E38: 89 | F38: emmanuellarizou28@yahoo.com re.mmi24@yahoo.gr | G38: 6981865680 | AJ38: ΜΕΛΕΣΣΑΝΑΚΗΣ | AK38: ΔΗΜΗΤΡΙΟΣ | AL38: 6947560903 | AM38: dtsakal@yahoo.gr | AN38: =$AN$15 -> Τεχνικός Αρτοποιίας – Ζαχαροπλαστικής | AO38: ΣΥΜΒΑΣΗ
A39: 6 | B39: ΣΤΕΛΕΧΟΣ ΔΙΟΙΚΗΣΗΣ ΚΑΙ ΟΙΚΟΝΟΜΙΑΣ (2ο ΕΤΟΣ) | C39: ΧΡΙΣΤΙΝΑ | D39: ΤΡΙΓΩΝΗ | E39: 66 | F39: chtrigoni@gmail.com | G39: 6955298183 | AJ39: ΜΩΥΣΑΚΗΣ | AK39: ΙΩΑΝΝΗΣ | AL39: 6936003082 | AM39: moisakisgiannis@gmail.com | AN39: =$AN$15 -> Τεχνικός Αρτοποιίας – Ζαχαροπλαστικής | AO39: ΤΙΜΟΛΟΓΙΟ
A40: 7 | B40: ΣΤΕΛΕΧΟΣ ΔΙΟΙΚΗΣΗΣ ΚΑΙ ΟΙΚΟΝΟΜΙΑΣ (2ο ΕΤΟΣ) | C40: ΚΩΝΣΤΑΝΤΙΝΟΣ-ΜΑΡΙΟΣ | D40: ΤΣΙΚΑΝΔΥΛΑΚΗΣ | E40: 67 | F40: tsikandilakisn@gmail.com | G40: 6987401697 | AJ40: ΠΕΤΡΟΥΛΑΚΗ | AK40: ΑΝΤΩΝΙΑ | AL40: 6907054898 | AM40: toniapetroulaki2010@gmail.com | AN40: =$AN$5 -> Τεχνικός Μαγερικής Τέχνης | AO40: ΤΙΜΟΛΟΓΙΟ
A41: 8 | B41: ΣΤΕΛΕΧΟΣ ΔΙΟΙΚΗΣΗΣ ΚΑΙ ΟΙΚΟΝΟΜΙΑΣ (2ο ΕΤΟΣ) | C41: ΕΜΜΑΝΟΥΗΛ | D41: ΦΙΟΡΕΤΖΗΣ | E41: 69 | F41: manolisfioretzis21@yahoo.gr | G41: 6979541207 | AJ41: ΦΥΓΕΤΑΚΗ | AK41: ΜΑΡΙΑ | AL41: 6955641311 | AM41: m.fygetaki@gmail.com | AN41: Στέλεχος Υπηρεσιών Αερομεταφοράς | AO41: ΣΥΜΒΑΣΗ | AV41: EUROBANK: GR5502602760000280101488588
AJ42: ΜΠΟΥΧΑΛΑΚΗΣ | AK42: ΕΜΜΑΝΟΥΗΛ | AL42: 6998108632 | AM42: manbouch@yahoo.com | AN42: ΑΓΓΛΙΚΑ | AO42: ΣΥΜΒΑΣΗ | AV42: ΔΕΝ ΕΓΡΑΨΕ ΤΡΑΠΕΖΑ ΜΑΛΛΟΝ ΕΊΝΑΙ EUROBANK: GR0902601340000070101663955
A43: Α/Α | B43: ΤΜΗΜΑ | C43: ΟΝΟΜΑ | D43: ΕΠΩΝΥΜΟ | E43: Αριθμός Μητρώου | F43: EMAIL | G43: ΤΕΛΕΦΩΝΟ | H43: BUSINESS ENGLISH AND TOURISM TERMINOLOGY | I43: ΓΑΛΛΙΚΑ | J43: ΤΟΥΡΙΣΜΟΣ ΚΑΙ ΑΕΡΟΠΟΡΙΚΗ ΒΙΟΜΗΧΑΝΙΑ ΜΕΤΑΦΟΡΩΝ | K43: ΤΑΞΙΔΙΩΤΙΚΗ ΓΕΩΓΡΑΦΙΑ ΚΑΙ ΤΑΞΙΔΙΩΤΙΚΟΙ ΟΔΗΓΟΙ | L43: ΟΡΓΑΝΩΣΗ ΚΑΙ ΛΕΙΤΟΥΡΓΙΑ ΤΟΥΡΙΣΤΙΚΟΥ ΓΡΑΦΕΙΟΥ ΚΑΙ ΑΕΡΟΠΟΡΙΚΗΣ ΕΤΑΙΡΕΙΑΣ | M43: ΤΟΥΡΙΣΤΙΚΟ ΚΑΙ ΑΕΡΟΠΟΡΙΚΟ ΜΑΡΚΕΤΙΝΓΚ | N43: ΑΕΡΟΠΟΡΙΚΟ ΔΙΚΑΙΟ ΚΑΙ ΔΙΕΘΝΕΙΣ ΣΧΕΣΕΙΣ (IATA – UFTAA – ICAO – BSP) | O43: ΜΕΤΑΦΟΡΑ ΑΕΡΟΠΟΡΙΚΩΝ ΕΜΠΟΡΕΥΜΑΤΩΝ (CARGO) | P43: ΑΕΡΟΠΟΡΙΚΟΙ ΝΑΥΛΟΙ | Q43: ΠΡΑΚΤΙΚΗ ΕΦΑΡΜΟΓΗ ΣΤΗΝ ΕΙΔΙΚΟΤΗΤΑ | S43: BUSINESS ENGLISH AND TOURISM TERMINOLOGY | T43: ΓΑΛΛΙΚΑ | U43: ΤΟΥΡΙΣΜΟΣ ΚΑΙ ΑΕΡΟΠΟΡΙΚΗ ΒΙΟΜΗΧΑΝΙΑ ΜΕΤΑΦΟΡΩΝ | V43: ΤΑΞΙΔΙΩΤΙΚΗ ΓΕΩΓΡΑΦΙΑ ΚΑΙ ΤΑΞΙΔΙΩΤΙΚΟΙ ΟΔΗΓΟΙ | W43: ΟΡΓΑΝΩΣΗ ΚΑΙ ΛΕΙΤΟΥΡΓΙΑ ΤΟΥΡΙΣΤΙΚΟΥ ΓΡΑΦΕΙΟΥ ΚΑΙ ΑΕΡΟΠΟΡΙΚΗΣ ΕΤΑΙΡΕΙΑΣ | X43: ΤΟΥΡΙΣΤΙΚΟ ΚΑΙ ΑΕΡΟΠΟΡΙΚΟ ΜΑΡΚΕΤΙΝΓΚ | Y43: ΑΕΡΟΠΟΡΙΚΟ ΔΙΚΑΙΟ ΚΑΙ ΔΙΕΘΝΕΙΣ ΣΧΕΣΕΙΣ (IATA – UFTAA – ICAO – BSP) | AJ43: ΤΖΑΝΑΚΗ | AK43: ΕΛΕΥΘΕΡΙΑ | AL43: 6973825235 | AM43: eleftheriatzanaki@gmail.com | AN43: Εσωτερική Αρχιτεκτονική Διακόσμηση και Σχεδιασμός Αντικειμένων | AO43: ΤΙΜΟΛΟΓΙΟ | AV43: Eurobank: GR3202606840000530103488326
A44: 1 | B44: ΣΤΕΛΕΧΟΣ ΥΠΗΡΕΣΙΩΝ ΑΕΡΟΜΕΤΑΦΟΡΑΣ (1ο ΕΤΟΣ) | C44: ΜΙΚΑΕΛΑ | D44: ΝΤΕΜΟ | F44: mikaelantemo@gmail.com | G44: 6996825501 | AJ44: ΧΑΤΖΗΝΤΕΒΕ | AK44: ΧΡΙΣΤΙΝΑ | AL44: 6940828922 | AM44: cchatzideve@gmail.com | AN44: Εσωτερική Αρχιτεκτονική Διακόσμηση και Σχεδιασμός Αντικειμένων | AO44: ΣΥΜΒΑΣΗ | AV44: είναι ο ίδιος λογαρισμός
A45: 2 | B45: ΣΤΕΛΕΧΟΣ ΥΠΗΡΕΣΙΩΝ ΑΕΡΟΜΕΤΑΦΟΡΑΣ (1ο ΕΤΟΣ) | Z45: ΜΕΤΑΦΟΡΑ ΑΕΡΟΠΟΡΙΚΩΝ ΕΜΠΟΡΕΥΜΑΤΩΝ (CARGO) | AA45: ΑΕΡΟΠΟΡΙΚΟΙ ΝΑΥΛΟΙ | AB45: ΠΡΑΚΤΙΚΗ ΕΦΑΡΜΟΓΗ ΣΤΗΝ ΕΙΔΙΚΟΤΗΤΑ
A46: 3 | B46: ΣΤΕΛΕΧΟΣ ΥΠΗΡΕΣΙΩΝ ΑΕΡΟΜΕΤΑΦΟΡΑΣ (1ο ΕΤΟΣ)
A47: 4 | B47: ΣΤΕΛΕΧΟΣ ΥΠΗΡΕΣΙΩΝ ΑΕΡΟΜΕΤΑΦΟΡΑΣ (1ο ΕΤΟΣ)
A48: 5 | B48: ΣΤΕΛΕΧΟΣ ΥΠΗΡΕΣΙΩΝ ΑΕΡΟΜΕΤΑΦΟΡΑΣ (1ο ΕΤΟΣ)
A49: 6 | B49: ΣΤΕΛΕΧΟΣ ΥΠΗΡΕΣΙΩΝ ΑΕΡΟΜΕΤΑΦΟΡΑΣ (1ο ΕΤΟΣ)
A50: 7 | B50: ΣΤΕΛΕΧΟΣ ΥΠΗΡΕΣΙΩΝ ΑΕΡΟΜΕΤΑΦΟΡΑΣ (1ο ΕΤΟΣ)
A51: 8 | B51: ΣΤΕΛΕΧΟΣ ΥΠΗΡΕΣΙΩΝ ΑΕΡΟΜΕΤΑΦΟΡΑΣ (1ο ΕΤΟΣ)
A52: 9 | B52: ΣΤΕΛΕΧΟΣ ΥΠΗΡΕΣΙΩΝ ΑΕΡΟΜΕΤΑΦΟΡΑΣ (1ο ΕΤΟΣ)
A53: 10 | B53: ΣΤΕΛΕΧΟΣ ΥΠΗΡΕΣΙΩΝ ΑΕΡΟΜΕΤΑΦΟΡΑΣ (1ο ΕΤΟΣ)
A55: Α/Α | B55: ΤΜΗΜΑ | C55: ΟΝΟΜΑ | D55: ΕΠΩΝΥΜΟ | E55: Αριθμός Μητρώου | F55: EMAIL | G55: ΤΕΛΕΦΩΝΟ | H55: ΕΙΣΑΓΩΓΗ ΣΤΗΝ ΑΕΡΟΠΟΡΙΚΗ ΟΡΟΛΟΓΙΑ ΣΤΑ ΑΓΓΛΙΚΑ | I55: ΕΙΣΑΓΩΓΗ ΣΤΗΝ ΑΕΡΟΠΟΡΙΚΗ ΟΡΟΛΟΓΙΑ ΣΤΑ ΓΑΛΛΙΚΑ | J55: ΔΙΟΙΚΗΣΗ ΑΕΡΟΔΡΟΜΙΩΝ ΚΑΙ ΑΕΡΟΠΟΡΙΚΩΝ ΥΠΗΡΕΣΙΩΝ | K55: ΛΕΙΤΟΥΡΓΙΕΣ ΕΤΑΙΡΕΙΩΝ ΕΠΙΓΕΙΑΣ ΕΞΥΠΗΡΕΤΗΣΗΣ – ΕΞΥΠΗΡΕΤΗΣΗ ΕΠΙΒΑΤΩΝ/ΙΔΩΝ Ή ΠΕΛΑΤΩΝ/ΙΣΣΩΝ (CHECK IN/BAGGAGE HANDLING) | L55: ΔΙΑΧΕΙΡΙΣΗ ΚΡΙΣΕΩΝ ΚΑΙ ΑΠΩΛΕΙΑ ΑΠΟΣΚΕΥΩΝ | M55: ΑΣΦΑΛΕΙΑ ΚΑΙ ΥΓΙΕΙΝΗ | S55: ΕΦΑΡΜΟΣΜΕΝΗ ΑΕΡΟΠΟΡΙΚΗ ΟΡΟΛΟΓΙΑ ΣΤΑ ΓΑΛΛΙΚΑ | T55: ΕΦΑΡΜΟΓΗ ΣΤΗΝ ΚΑΤΑΣΚΕΥΗ ΑΕΡΟΠΟΡΙΚΟΥ ΝΑΥΛΟΥ ΚΑΙ ΤΙΜΟΛΟΓΗΣΗ ΑΕΡΟΠΟΡΙΚΩΝ ΕΙΣΗΤΗΡΙΩΝ | U55: ΠΡΑΚΤΙΚΗ ΕΦΑΡΜΟΓΗ ΣΤΗΝ ΕΙΔΙΚΟΤΗΤΑ | V55: ΕΦΑΡΜΟΣΜΕΝΗ ΑΕΡΟΠΟΡΙΚΗ ΟΡΟΛΟΓΙΑ ΣΤΑ ΑΓΓΛΙΚΑ | W55: ΕΦΑΡΜΟΣΜΕΝΑ ΣΥΣΤΗΜΑΤΑ ΚΡΑΤΗΣΕΩΝ ΑΕΡΟΠΟΡΙΚΩΝ ΕΙΣΙΤΗΡΙΩΝ | X55: ΜΑΡΚΕΤΙΝΓΚ ΑΕΡΟΔΡΟΜΙΩΝ ΚΑΙ ΑΕΡΟΠΟΡΙΚΩΝ ΕΤΑΙΡΕΙΩΝ | Y55: ΛΕΙΤΟΥΡΓΙΕΣ ΕΤΑΙΡΕΙΩΝ ΕΠΙΓΕΙΑΣ ΕΞΥΠΗΡΕΤΗΣΗΣ - ΕΞΥΠΗΡΕΤΗΣΗΕΠΙΒΑΤΩΝ/ΙΔΙΩΝ Ή ΠΕΛΑΤΩΝ/ΙΣΣΩΝ (ΑΝΑΧΩΡΗΣΗΣ/AIRSIDE)
A56: 1 | B56: ΣΤΕΛΕΧΟΣ ΥΠΗΡΕΣΙΩΝ ΑΕΡΟΜΕΤΑΦΟΡΑΣ (2ο ΕΤΟΣ) | H56: 5 | I56: 5 | J56: 5 | K56: 5 | L56: 5 | M56: 5 | S56: 6 | T56: 6 | U56: 9 | V56: 6 | W56: 9 | X56: 6 | Y56: 6
A57: 2 | B57: ΣΤΕΛΕΧΟΣ ΥΠΗΡΕΣΙΩΝ ΑΕΡΟΜΕΤΑΦΟΡΑΣ (2ο ΕΤΟΣ) | H57: 5 | I57: 5 | J57: 5 | K57: 5 | L57: 5 | M57: 5 | S57: 6 | T57: 6 | U57: 9 | V57: 6 | W57: 9 | X57: 6 | Y57: 6 | Z57: ΠΡΟΒΛΕΨΗ ΖΗΤΗΣΗΣ ΑΕΡΟΠΟΡΙΚΩΝ ΕΙΣΗΤΗΡΙΩΝ ΚΑΙ ΑΝΑΛΥΣΗ ΑΓΟΡΑΣ
A58: 3 | B58: ΣΤΕΛΕΧΟΣ ΥΠΗΡΕΣΙΩΝ ΑΕΡΟΜΕΤΑΦΟΡΑΣ (2ο ΕΤΟΣ) | H58: 5 | I58: 5 | J58: 5 | K58: 5 | L58: 5 | M58: 5 | S58: 6 | T58: 6 | U58: 9 | V58: 6 | W58: 9 | X58: 6 | Y58: 6 | Z58: 6
A59: 4 | B59: ΣΤΕΛΕΧΟΣ ΥΠΗΡΕΣΙΩΝ ΑΕΡΟΜΕΤΑΦΟΡΑΣ (2ο ΕΤΟΣ) | H59: 5 | I59: 5 | J59: 5 | K59: 5 | L59: 5 | M59: 5 | S59: 6 | T59: 6 | U59: 9 | V59: 6 | W59: 9 | X59: 6 | Y59: 6 | Z59: 6
A60: 5 | B60: ΣΤΕΛΕΧΟΣ ΥΠΗΡΕΣΙΩΝ ΑΕΡΟΜΕΤΑΦΟΡΑΣ (2ο ΕΤΟΣ) | H60: 5 | I60: 5 | J60: 5 | K60: 5 | L60: 5 | M60: 5 | S60: 6 | T60: 6 | U60: 9 | V60: 6 | W60: 9 | X60: 6 | Y60: 6 | Z60: 6
A61: 6 | B61: ΣΤΕΛΕΧΟΣ ΥΠΗΡΕΣΙΩΝ ΑΕΡΟΜΕΤΑΦΟΡΑΣ (2ο ΕΤΟΣ) | H61: 5 | I61: 5 | J61: 5 | K61: 5 | L61: 5 | M61: 5 | S61: 6 | T61: 6 | U61: 9 | V61: 6 | W61: 9 | X61: 6 | Y61: 6 | Z61: 6
A62: 7 | B62: ΣΤΕΛΕΧΟΣ ΥΠΗΡΕΣΙΩΝ ΑΕΡΟΜΕΤΑΦΟΡΑΣ (2ο ΕΤΟΣ) | H62: 5 | I62: 5 | J62: 5 | K62: 5 | L62: 5 | M62: 5 | S62: 6 | T62: 6 | U62: 9 | V62: 6 | W62: 9 | X62: 6 | Y62: 6 | Z62: 6
A63: 8 | B63: ΣΤΕΛΕΧΟΣ ΥΠΗΡΕΣΙΩΝ ΑΕΡΟΜΕΤΑΦΟΡΑΣ (2ο ΕΤΟΣ) | H63: 5 | I63: 5 | J63: 5 | K63: 5 | L63: 5 | M63: 5 | S63: 6 | T63: 6 | U63: 9 | V63: 6 | W63: 9 | X63: 6 | Y63: 6 | Z63: 6
A64: 9 | B64: ΣΤΕΛΕΧΟΣ ΥΠΗΡΕΣΙΩΝ ΑΕΡΟΜΕΤΑΦΟΡΑΣ (2ο ΕΤΟΣ) | H64: 5 | I64: 5 | J64: 5 | K64: 5 | L64: 5 | M64: 5 | S64: 6 | T64: 6 | U64: 9 | V64: 6 | W64: 9 | X64: 6 | Y64: 6 | Z64: 6
A65: 10 | B65: ΣΤΕΛΕΧΟΣ ΥΠΗΡΕΣΙΩΝ ΑΕΡΟΜΕΤΑΦΟΡΑΣ (2ο ΕΤΟΣ) | H65: 5 | I65: 5 | J65: 5 | K65: 5 | L65: 5 | M65: 5 | S65: 6 | T65: 6 | U65: 9 | V65: 6 | W65: 9 | X65: 6 | Y65: 6 | Z65: 6
Z66: 6
A67: Α/Α | B67: ΤΜΗΜΑ | C67: ΟΝΟΜΑ | D67: ΕΠΩΝΥΜΟ | E67: Αριθμός Μητρώου | F67: EMAIL | G67: ΤΕΛΕΦΩΝΟ | H67: ΓΑΛΛΙΚΑ Ι | I67: ΖΑΧΑΡΟΠΛΑΣΤΙΚΗ ΤΕΧΝΗ I | J67: ΣΤΟΙΧΕΙΑ ΜΑΓΕΙΡΙΚΗΣ (CATERING) I | K67: ΥΓΕΙΗΝΗ ΚΑΙ ΑΣΦΑΛΕΙΑ | L67: ΤΡΟΦΟΓΝΩΣΙΑ | M67: ΠΡΑΚΤΙΚΗ ΕΦΑΡΜΟΓΗ ΣΤΗΝ ΕΙΔΙΚΟΤΗΤΑ | S67: ΖΑΧΑΡΟΠΛΑΣΤΙΚΗ ΤΕΧΝΗ ΙΙ | T67: ΣΤΟΙΧΕΙΑ ΜΑΓΕΙΡΙΚΗΣ (CATERING) II | U67: ΠΡΑΚΤΙΚΗ ΕΦΑΡΜΟΓΗ ΣΤΗΝ ΕΙΔΙΚΟΤΗΤΑ | V67: ΒΑΣΙΚΕΣ ΑΡΧΕΣ ΔΙΑΤΡΟΦΗΣ | W67: FOOD AND BEVERAGE MANAGEMENT (ΕΛΕΓΧΟΣ ΕΜΠΟΡΕΥΜΑΤΩΝ) | X67: ΓΑΛΛΙΚΑ ΙΙ | Z67: 6
A68: 1 | B68: ΤΕΧΝΙΚΟΣ ΑΡΤΟΠΟΙΙΑΣ ΚΑΙ ΖΑΧΑΡΟΠΛΑΣΤΙΚΗΣ ΤΕΧΝΗΣ (1ο ΕΤΟΣ) | H68: 5 | I68: 16 | J68: 7 | K68: 5 | L68: 5 | M68: 9 | S68: 21 | T68: 9 | U68: 12 | V68: 6 | W68: 6 | X68: 6
A69: 2 | B69: ΤΕΧΝΙΚΟΣ ΑΡΤΟΠΟΙΙΑΣ ΚΑΙ ΖΑΧΑΡΟΠΛΑΣΤΙΚΗΣ ΤΕΧΝΗΣ (1ο ΕΤΟΣ) | H69: 5 | I69: 16 | J69: 7 | K69: 5 | L69: 5 | M69: 9 | S69: 21 | T69: 9 | U69: 12 | V69: 6 | W69: 6 | X69: 6
A70: 3 | B70: ΤΕΧΝΙΚΟΣ ΑΡΤΟΠΟΙΙΑΣ ΚΑΙ ΖΑΧΑΡΟΠΛΑΣΤΙΚΗΣ ΤΕΧΝΗΣ (1ο ΕΤΟΣ) | H70: 5 | I70: 16 | J70: 7 | K70: 5 | L70: 5 | M70: 9 | S70: 21 | T70: 9 | U70: 12 | V70: 6 | W70: 6 | X70: 6
A71: 4 | B71: ΤΕΧΝΙΚΟΣ ΑΡΤΟΠΟΙΙΑΣ ΚΑΙ ΖΑΧΑΡΟΠΛΑΣΤΙΚΗΣ ΤΕΧΝΗΣ (1ο ΕΤΟΣ) | H71: 5 | I71: 16 | J71: 7 | K71: 5 | L71: 5 | M71: 9 | S71: 21 | T71: 9 | U71: 12 | V71: 6 | W71: 6 | X71: 6
A72: 5 | B72: ΤΕΧΝΙΚΟΣ ΑΡΤΟΠΟΙΙΑΣ ΚΑΙ ΖΑΧΑΡΟΠΛΑΣΤΙΚΗΣ ΤΕΧΝΗΣ (1ο ΕΤΟΣ) | H72: 5 | I72: 16 | J72: 7 | K72: 5 | L72: 5 | M72: 9 | S72: 21 | T72: 9 | U72: 12 | V72: 6 | W72: 6 | X72: 6
A73: 6 | B73: ΤΕΧΝΙΚΟΣ ΑΡΤΟΠΟΙΙΑΣ ΚΑΙ ΖΑΧΑΡΟΠΛΑΣΤΙΚΗΣ ΤΕΧΝΗΣ (1ο ΕΤΟΣ) | H73: 5 | I73: 16 | J73: 7 | K73: 5 | L73: 5 | M73: 9 | S73: 21 | T73: 9 | U73: 12 | V73: 6 | W73: 6 | X73: 6
A74: 7 | B74: ΤΕΧΝΙΚΟΣ ΑΡΤΟΠΟΙΙΑΣ ΚΑΙ ΖΑΧΑΡΟΠΛΑΣΤΙΚΗΣ ΤΕΧΝΗΣ (1ο ΕΤΟΣ) | H74: 5 | I74: 16 | J74: 7 | K74: 5 | L74: 5 | M74: 9 | S74: 21 | T74: 9 | U74: 12 | V74: 6 | W74: 6 | X74: 6
A75: 8 | B75: ΤΕΧΝΙΚΟΣ ΑΡΤΟΠΟΙΙΑΣ ΚΑΙ ΖΑΧΑΡΟΠΛΑΣΤΙΚΗΣ ΤΕΧΝΗΣ (1ο ΕΤΟΣ) | H75: 5 | I75: 16 | J75: 7 | K75: 5 | L75: 5 | M75: 9 | S75: 21 | T75: 9 | U75: 12 | V75: 6 | W75: 6 | X75: 6
A76: 9 | B76: ΤΕΧΝΙΚΟΣ ΑΡΤΟΠΟΙΙΑΣ ΚΑΙ ΖΑΧΑΡΟΠΛΑΣΤΙΚΗΣ ΤΕΧΝΗΣ (1ο ΕΤΟΣ) | H76: 5 | I76: 16 | J76: 7 | K76: 5 | L76: 5 | M76: 9 | S76: 21 | T76: 9 | U76: 12 | V76: 6 | W76: 6 | X76: 6
A77: 10 | B77: ΤΕΧΝΙΚΟΣ ΑΡΤΟΠΟΙΙΑΣ ΚΑΙ ΖΑΧΑΡΟΠΛΑΣΤΙΚΗΣ ΤΕΧΝΗΣ (1ο ΕΤΟΣ) | H77: 5 | I77: 16 | J77: 7 | K77: 5 | L77: 5 | M77: 9 | S77: 21 | T77: 9 | U77: 12 | V77: 6 | W77: 6 | X77: 6
A79: Α/Α | B79: ΤΜΗΜΑ | C79: ΟΝΟΜΑ | D79: ΕΠΩΝΥΜΟ | E79: Αριθμός Μητρώου | F79: EMAIL | G79: ΤΕΛΕΦΩΝΟ | H79: ΑΓΓΛΙΚΑ Ι | I79: ΖΑΧΑΡΟΠΛΑΣΤΙΚΗ ΤΕΧΝΗ ΙΙΙ | J79: ΔΙΑΧΕΙΡΙΣΗ ΠΡΩΤΩΝ ΥΛΩΝ ΙΙ (F&B MANAGEMENT ΙΙ) - ΚΟΣΤΟΛΟΓΗΣΗ ΠΑΡΑΣΚΕΥΑΣΜΑΤΩΝ | K79: ΑΡΤΟΠΟΙΗΤΙΚΗ ΤΕΧΝΗ Ι | L79: ΟΡΓΑΝΩΣΗ ΚΑΙ ΛΕΙΤΟΥΡΓΙΑ ΑΡΤΟΖΑΧΑΡΟΠΛΑΣΤΕΙΟΥ | M79: ΠΡΑΚΤΙΚΗ ΕΦΑΡΜΟΓΗ ΣΤΗΝ ΕΙΔΙΚΟΤΗΤΑ | S79: ΑΡΤΟΠΟΙΗΤΙΚΗ ΤΕΧΝΗ ΙΙ | T79: ΠΡΑΚΤΙΚΗ ΕΦΑΡΜΟΓΗ ΣΤΗΝ ΕΙΔΙΚΟΤΗΤΑ | U79: ΑΓΓΛΙΚΑ ΙΙ | V79: ΒΙΩΣΙΜΗ ΑΝΑΠΤΥΞΗ ΣΤΟΝ ΤΟΥΡΙΣΜΟ | W79: ΖΑΧΑΡΟΠΛΑΣΤΙΚΗ ΤΕΧΝΗ ΙV
A80: 1 | B80: ΤΕΧΝΙΚΟΣ ΑΡΤΟΠΟΙΙΑΣ ΚΑΙ ΖΑΧΑΡΟΠΛΑΣΤΙΚΗΣ ΤΕΧΝΗΣ (2ο ΕΤΟΣ) | C80: ΕΙΡΗΝΗ | D80: ΑΝΔΡΙΑΝΑΚΗ | E80: 83 | F80: iriniandrianaki@gmail.com | G80: 6973805890 | H80: 5 | I80: 11 | J80: 5 | K80: 11 | L80: 5 | M80: 9 | S80: 15 | T80: 18 | U80: 6 | V80: 6 | W80: 15
A81: 2 | B81: ΤΕΧΝΙΚΟΣ ΑΡΤΟΠΟΙΙΑΣ ΚΑΙ ΖΑΧΑΡΟΠΛΑΣΤΙΚΗΣ ΤΕΧΝΗΣ (2ο ΕΤΟΣ) | C81: ΓΕΩΡΓΙΑ | D81: ΒΕΛΟΓΛΟΥ | E81: 88 | F81: georgiaveloglou05@gmail.com | G81: 6987666484 | H81: 5 | I81: 11 | J81: 5 | K81: 11 | L81: 5 | M81: 9 | S81: 15 | T81: 18 | U81: 6 | V81: 6 | W81: 15
A82: 3 | B82: ΤΕΧΝΙΚΟΣ ΑΡΤΟΠΟΙΙΑΣ ΚΑΙ ΖΑΧΑΡΟΠΛΑΣΤΙΚΗΣ ΤΕΧΝΗΣ (2ο ΕΤΟΣ) | C82: ΜΑΡΙΑ-ΜΑΡΙΝΑ | D82: ΚΑΛΑΦΑΤΗ | E82: 52 | F82: merinakalafati33@gmail.com | G82: 6989801222 | H82: 5 | I82: 11 | J82: 5 | K82: 11 | L82: 5 | M82: 9 | S82: 15 | T82: 18 | U82: 6 | V82: 6 | W82: 15
A83: 4 | B83: ΤΕΧΝΙΚΟΣ ΑΡΤΟΠΟΙΙΑΣ ΚΑΙ ΖΑΧΑΡΟΠΛΑΣΤΙΚΗΣ ΤΕΧΝΗΣ (2ο ΕΤΟΣ) | C83: ΚΩΝΣΤΑΝΤΙΝΑ | D83: ΜΑΝΩΛΑΚΑΚΗ | E83: 55 | F83: konstantinaman07@gmail.com | G83: 6949909988 | H83: 5 | I83: 11 | J83: 5 | K83: 11 | L83: 5 | M83: 9 | S83: 15 | T83: 18 | U83: 6 | V83: 6 | W83: 15
A84: 5 | B84: ΤΕΧΝΙΚΟΣ ΑΡΤΟΠΟΙΙΑΣ ΚΑΙ ΖΑΧΑΡΟΠΛΑΣΤΙΚΗΣ ΤΕΧΝΗΣ (2ο ΕΤΟΣ) | C84: ΓΑΛΑΤΕΙΑ | D84: ΝΤΙΣΠΥΡΑΚΗ | E84: 54 | F84: galateiant@gmail.com | G84: 6976024153 | H84: 5 | I84: 11 | J84: 5 | K84: 11 | L84: 5 | M84: 9 | S84: 15 | T84: 18 | U84: 6 | V84: 6 | W84: 15
A85: 6 | B85: ΤΕΧΝΙΚΟΣ ΑΡΤΟΠΟΙΙΑΣ ΚΑΙ ΖΑΧΑΡΟΠΛΑΣΤΙΚΗΣ ΤΕΧΝΗΣ (2ο ΕΤΟΣ) | C85: ΕΙΡΗΝΗ | D85: ΠΑΡΑΣΥΡΗ | E85: 53 | F85: parasirieirini2007@gmail.com, kapapatraee@gmail.com | G85: 6986783854 | H85: 5 | I85: 11 | J85: 5 | K85: 11 | L85: 5 | M85: 9 | S85: 15 | T85: 18 | U85: 6 | V85: 6 | W85: 15
A86: 7 | B86: ΤΕΧΝΙΚΟΣ ΑΡΤΟΠΟΙΙΑΣ ΚΑΙ ΖΑΧΑΡΟΠΛΑΣΤΙΚΗΣ ΤΕΧΝΗΣ (2ο ΕΤΟΣ) | C86: ΜΑΡΙΑ | D86: ΤΖΑΝΙΔΑΚΗ | E86: 56 | F86: tzanidama@yahoo.gr | G86: 6974068149 | H86: 5 | I86: 11 | J86: 5 | K86: 11 | L86: 5 | M86: 9 | S86: 15 | T86: 18 | U86: 6 | V86: 6 | W86: 15
A87: 8 | B87: ΤΕΧΝΙΚΟΣ ΑΡΤΟΠΟΙΙΑΣ ΚΑΙ ΖΑΧΑΡΟΠΛΑΣΤΙΚΗΣ ΤΕΧΝΗΣ (2ο ΕΤΟΣ) | C87: ΜΑΡΙΛΕΝΑ | D87: ΧΡΗΣΤΑΚΗ | E87: 51 | F87: christakim2007@gmail.com | G87: 6945766487 | H87: 5 | I87: 11 | J87: 5 | K87: 11 | L87: 5 | M87: 9 | S87: 15 | T87: 18 | U87: 6 | V87: 6 | W87: 15
A88: 9 | B88: ΤΕΧΝΙΚΟΣ ΑΡΤΟΠΟΙΙΑΣ ΚΑΙ ΖΑΧΑΡΟΠΛΑΣΤΙΚΗΣ ΤΕΧΝΗΣ (2ο ΕΤΟΣ) | C88: ΖΑΧΑΡΕΝΙΑ | D88: ΛΙΟΥΔΑΚΗ | E88: - | F88: zaxarenialiou@gmail.com | G88: 6940584115 | H88: 5 | I88: 11 | J88: 5 | K88: 11 | L88: 5 | M88: 9 | S88: 15 | T88: 18 | U88: 6 | V88: 6 | W88: 15
A90: Α/Α | B90: ΤΜΗΜΑ | C90: ΟΝΟΜΑ | D90: ΕΠΩΝΥΜΟ | E90: Αριθμός Μητρώου | F90: EMAIL | G90: ΤΕΛΕΦΩΝΟ | H90: ΓΑΛΛΙΚΑ Ι | I90: ΤΕΧΝΗ ΜΑΓΕΙΡΙΚΗΣ Ι | J90: ΣΤΟΙΧΕΙΑ ΖΑΧΑΡΟΠΛΑΣΤΙΚΗΣ Ι | K90: ΥΓΙΕΙΝΗ ΚΑΙ ΑΣΦΑΛΕΙΑ | L90: ΤΡΟΦΟΓΝΩΣΙΑ | M90: ΠΡΑΚΤΙΚΗ ΕΦΑΡΜΟΓΗ Α΄ | S90: ΤΕΧΝΗ ΜΑΓΕΙΡΙΚΗΣ ΙΙ | T90: ΣΤΟΙΧΕΙΑ ΖΑΧΑΡΟΠΛΑΣΤΙΚΗ ΙΙ | U90: ΕΡΓΑΣΤΗΡΙΟ ΠΕ | V90: ΒΑΣΙΚΕΣ ΑΡΧΕΣ ΔΙΑΤΡΟΦΗΣ | W90: FOOD AND BEVERAGE MANAGEMENT (ΕΛΕΓΧΟΣ ΕΜΠΟΡΕΥΜΑΤΩΝ) | X90: ΓΑΛΛΙΚΑ ΙΙ
A91: 1 | B91: ΤΕΧΝΙΚΟΣ ΜΑΓΕΙΡΙΚΗΣ ΤΕΧΝΗΣ - ΑΡΧΙΜΑΓΕΙΡΑΣ CHEF (1ο ΕΤΟΣ) | C91: ΓΕΩΡΓΙΟΣ | D91: ΧΡΙΣΤΟΔΟΥΛΑΚΗΣ | F91: christodoulakesgiorgos57@gmail.com | G91: 6988281254 | H91: 5 | I91: 16 | J91: 7 | K91: 5 | L91: 5 | M91: 9 | S91: 21 | T91: 9 | U91: 12 | V91: 6 | W91: 6 | X91: 6
A92: 2 | B92: ΤΕΧΝΙΚΟΣ ΜΑΓΕΙΡΙΚΗΣ ΤΕΧΝΗΣ - ΑΡΧΙΜΑΓΕΙΡΑΣ CHEF (1ο ΕΤΟΣ) | C92: ΑΝΤΩΝΙΟΣ | D92: ΣΚΟΥΜΠΑΚΗΣ | F92: askoumpakis20@gmail.com | G92: 6942286531 | H92: 5 | I92: 16 | J92: 7 | K92: 5 | L92: 5 | M92: 9 | S92: 21 | T92: 9 | U92: 12 | V92: 6 | W92: 6 | X92: 6
A93: 3 | B93: ΤΕΧΝΙΚΟΣ ΜΑΓΕΙΡΙΚΗΣ ΤΕΧΝΗΣ - ΑΡΧΙΜΑΓΕΙΡΑΣ CHEF (1ο ΕΤΟΣ) | H93: 5 | I93: 16 | J93: 7 | K93: 5 | L93: 5 | M93: 9 | S93: 21 | T93: 9 | U93: 12 | V93: 6 | W93: 6 | X93: 6
A94: 4 | B94: ΤΕΧΝΙΚΟΣ ΜΑΓΕΙΡΙΚΗΣ ΤΕΧΝΗΣ - ΑΡΧΙΜΑΓΕΙΡΑΣ CHEF (1ο ΕΤΟΣ) | H94: 5 | I94: 16 | J94: 7 | K94: 5 | L94: 5 | M94: 9 | S94: 21 | T94: 9 | U94: 12 | V94: 6 | W94: 6 | X94: 6
A95: 5 | B95: ΤΕΧΝΙΚΟΣ ΜΑΓΕΙΡΙΚΗΣ ΤΕΧΝΗΣ - ΑΡΧΙΜΑΓΕΙΡΑΣ CHEF (1ο ΕΤΟΣ) | H95: 5 | I95: 16 | J95: 7 | K95: 5 | L95: 5 | M95: 9 | S95: 21 | T95: 9 | U95: 12 | V95: 6 | W95: 6 | X95: 6
A96: 6 | B96: ΤΕΧΝΙΚΟΣ ΜΑΓΕΙΡΙΚΗΣ ΤΕΧΝΗΣ - ΑΡΧΙΜΑΓΕΙΡΑΣ CHEF (1ο ΕΤΟΣ) | H96: 5 | I96: 16 | J96: 7 | K96: 5 | L96: 5 | M96: 9 | S96: 21 | T96: 9 | U96: 12 | V96: 6 | W96: 6 | X96: 6
A97: 7 | B97: ΤΕΧΝΙΚΟΣ ΜΑΓΕΙΡΙΚΗΣ ΤΕΧΝΗΣ - ΑΡΧΙΜΑΓΕΙΡΑΣ CHEF (1ο ΕΤΟΣ) | H97: 5 | I97: 16 | J97: 7 | K97: 5 | L97: 5 | M97: 9 | S97: 21 | T97: 9 | U97: 12 | V97: 6 | W97: 6 | X97: 6
A98: 8 | B98: ΤΕΧΝΙΚΟΣ ΜΑΓΕΙΡΙΚΗΣ ΤΕΧΝΗΣ - ΑΡΧΙΜΑΓΕΙΡΑΣ CHEF (1ο ΕΤΟΣ) | H98: 5 | I98: 16 | J98: 7 | K98: 5 | L98: 5 | M98: 9 | S98: 21 | T98: 9 | U98: 12 | V98: 6 | W98: 6 | X98: 6
A99: 9 | B99: ΤΕΧΝΙΚΟΣ ΜΑΓΕΙΡΙΚΗΣ ΤΕΧΝΗΣ - ΑΡΧΙΜΑΓΕΙΡΑΣ CHEF (1ο ΕΤΟΣ) | H99: 5 | I99: 16 | J99: 7 | K99: 5 | L99: 5 | M99: 9 | S99: 21 | T99: 9 | U99: 12 | V99: 6 | W99: 6 | X99: 6
A100: 10 | B100: ΤΕΧΝΙΚΟΣ ΜΑΓΕΙΡΙΚΗΣ ΤΕΧΝΗΣ - ΑΡΧΙΜΑΓΕΙΡΑΣ CHEF (1ο ΕΤΟΣ) | H100: 5 | I100: 16 | J100: 7 | K100: 5 | L100: 5 | M100: 9 | S100: 21 | T100: 9 | U100: 12 | V100: 6 | W100: 6 | X100: 6
A103: Α/Α | B103: ΤΜΗΜΑ | C103: ΟΝΟΜΑ | D103: ΕΠΩΝΥΜΟ | E103: Αριθμός Μητρώου | F103: EMAIL | G103: ΤΕΛΕΦΩΝΟ | H103: ΠΡΑΚΤΙΚΗ ΕΦΑΡΜΟΓΗ Γ | I103: ΑΓΓΛΙΚΑ Ι | J103: ΤΕΧΝΗ ΜΑΓΕΙΡΙΚΗΣ ΙΙΙ | K103: FOOD & BEVERAGE MANAGEMENT II (ΚΟΣΤΟΛΟΓΗΣΗ ΠΑΡΑΣΚΕΥΑΣΜΑΤΩΝ) | L103: ΣΥΝΘΕΣΗ ΜΕΝΟΥ | M103: ΟΙΝΟΛΟΓΙΑ | N103: ΟΡΓΑΝΩΣΗ ΚΑΙ ΛΕΙΤΟΥΡΓΙΑ ΕΣΤΙΑΤΟΡΙΟΥ | S103: ΑΓΓΛΙΚΑ ΙΙ | T103: ΤΕΧΝΗ ΜΑΓΕΙΡΙΚΗΣ ΙV | U103: ΒΙΩΣΙΜΗ ΑΝΑΠΤΥΞΗ ΣΤΟΝ ΤΟΥΡΙΣΜΟ | V103: ΠΡΑΚΤΙΚΗ ΑΣΚΗΣΗ*
A104: 1 | B104: ΤΕΧΝΙΚΟΣ ΜΑΓΕΙΡΙΚΗΣ ΤΕΧΝΗΣ - ΑΡΧΙΜΑΓΕΙΡΑΣ CHEF (1ο ΕΤΟΣ) | C104: ΧΡΙΣΤΙΝΑ | D104: ΑΝΔΡΙΑΝΑΚΗ | E104: 64 | F104: shamper2007@gmail.com | G104: 6940054319
A105: 2 | B105: ΤΕΧΝΙΚΟΣ ΜΑΓΕΙΡΙΚΗΣ ΤΕΧΝΗΣ - ΑΡΧΙΜΑΓΕΙΡΑΣ CHEF (1ο ΕΤΟΣ) | C105: ΚΩΝΣΤΑΝΤΙΝΟΣ | D105: ΓΑΒΑΛΕΤΑΚΗΣ | E105: 65 | F105: konstantinosgaba@gmail.com | G105: 6975768226
...

Sheet ECLASS
A1: ECLASS ΣΥΝΔΕΣΜΟΣ | J1: ΣΠΟΥΔΑΣΤΕΣ | R1: ΕΚΠΑΙΔΕΥΤΕΣ | Z1: ΠΡΟΣΩΠΙΚΟ | AE1: ΜΑΘΗΜΑΤΑ ΧΕΙΜΕΡΙΝΟ ΕΞΑΜΗΝΟ | AJ1: ΜΑΘΗΜΑΤΑ ΕΑΡΙΝΟ ΕΞΑΜΗΝΟ | AO1: ΓΙΑ ΔΗΜΙΟΥΡΓΙΑ ΛΟΓΑΡΙΑΣΜΟΥ | AW1: ΟΔΗΓΙΕΣ ΓΙΑ ΣΥΝΔΕΣΗ
A2: https://eclass-isaek.katartisi.gr/ | J2: ΕΣΩΤΕΡΙΚΗ ΑΡΧΙΤΕΚΤΟΝΙΚΗ ΔΙΑΚΟΣΜΗΣΗ ΚΑΙ ΣΧΕΔΙΑΣΜΟΣ ΑΝΤΙΚΕΙΜΕΝΩΝ (1ο ΕΤΟΣ) | R2: ΠΙΝΑΚΑΣ ΜΕ ΛΟΓΑΡΙΣΜΟΥΣ ΣΤΟ ECLASS | Z2: first | AA2: last | AB2: email | AC2: username | AE2: ΕΣΩΤΕΡΙΚΗ ΑΡΧΙΤΕΚΤΟΝΙΚΗ ΔΙΑΚΟΣΜΗΣΗ ΚΑΙ ΣΧΕΔΙΑΣΜΟΣ ΑΝΤΙΚΕΙΜΕΝΩΝ | AJ2: ΕΣΩΤΕΡΙΚΗ ΑΡΧΙΤΕΚΤΟΝΙΚΗ ΔΙΑΚΟΣΜΗΣΗ ΚΑΙ ΣΧΕΔΙΑΣΜΟΣ ΑΝΤΙΚΕΙΜΕΝΩΝ | AO2: first | AP2: last | AQ2: email | AR2: id | AS2: phone | AT2: username | AU2: password | AW2: ΣΠΟΥΔΑΣΤΕΣ | BF2: ΕΚΠΑΙΔΕΥΤΕΣ
J3: first | K3: last | L3: email | M3: id | N3: phone | O3: username | P3: password | R3: first | S3: last | T3: email | U3: id | V3: phone | W3: username | X3: password | Z3: ΜΙΧΑΛΗΣ | AA3: ΚΑΘΑΡΑΚΗΣ | AB3: katharak@katartisi.gr | AC3: katharakis | AE3: ΜΑΘΗΜΑ | AF3: ΚΩΔΙΚΟΙ ΜΑΘΗΜΑΤΩΝ ΠΡΩΤΟ ΕΤΟΣ | AG3: ΜΑΘΗΜΑ | AH3: ΚΩΔΙΚΟΙ ΜΑΘΗΜΑΤΩΝ ΔΕΥΤΕΡΟ ΕΤΟΣ | AJ3: ΜΑΘΗΜΑ | AK3: ΚΩΔΙΚΟΙ ΜΑΘΗΜΑΤΩΝ ΠΡΩΤΟ ΕΤΟΣ | AL3: ΜΑΘΗΜΑ | AM3: ΚΩΔΙΚΟΙ ΜΑΘΗΜΑΤΩΝ ΔΕΥΤΕΡΟ ΕΤΟΣ | AW3: ΘΕΜΑ | AX3: 📘 Οδηγός πρώτης σύνδεσης στην πλατφόρμα eClass ΙΣΑΕΚ | BF3: ΘΕΜΑ | BG3: 📘 Οδηγός πρώτης σύνδεσης στην πλατφόρμα eClass ΙΣΑΕΚ
J4: ΑΝΤΩΝΗΣ | K4: ΠΑΠΑΔΟΠΟΥΛΟΣ | L4: iwona55@windowslive.com | M4: 59 | N4: 6951957501 | O4: papadopoulos | P4: 1234 | R4: ΘΕΟΔΟΣΙΑ | S4: ΜΠΙΤΖΟΥ | T4: thbitzou@gmail.com | U4: 1 | V4: 6944632864 | W4: bitzou | X4: 1234 | Z4: ΜΕΛΠΩ | AA4: ΜΙΧΕΛΑΚΗ | AB4: michelaki@katartisi.gr | AC4: michelaki | AE4: ΦΥΣΙΚΑ ΠΕΤΡΩΜΑΤΑ | AF4: ARCH101 | AG4: ΤΕΧΝΗΤΑ ΥΛΙΚΑ | AH4: ARCH107 | AJ4: ΠΑΡΑΓΩΓΑ ΥΛΙΚΑ | AK4: ARCH114 | AL4: ΟΡΓΑΝΩΣΗ ΕΡΓΟΥ | AM4: ARCH120 | AW4: ΚΥΡΙΟΣ ΚΕΙΜΕΝΟ | AX4: Αγαπητέ/ή εκπαιδευόμενε/η, Ο λογαριασμός σας για την εκπαιδευτική πλατφόρμα eClass έχει δημιουργηθεί. Μέσα από την πλατφόρμα θα μπορείτε: να έχετε πρόσβαση σε εκπαιδευτικό υλικό, να ενημερώνεστε για ανακοινώσεις και δραστηριότητες. (ΑΥΤΑ ΔΕΝ ΤΑ ΑΝΤΙΓΡΑΦΟΥΜΕ, ΤΑ ΚΡΑΤΑΜΕ ΚΑΙ ΤΑ ΕΧΟΥΜΕ ΩΣ ΜΠΟΥΣΟΥΛΑ ΠΩΣ ΑΝΤΙΓΡΑΦΟΥΜΕ ΤΑ ΠΑΝΩ ΚΑΙ ΤΑ ΚΑΤΩ ΑΠΟ ΑΥΤΑ ΓΙΑΤΙ ΑΥΤΑ ΤΑ ΕΧΕΙ ΩΣ USERNAME ΚΑΙ PASSWORD ΤΑ ΔΙΝΕΙ ΤΟ ECLASS)🔑 Στοιχεία λογαριασμού Όνομα χρήστη (username): [username] Συνθηματικό (password): [password] Διεύθυνση πλατφόρμας: https://eclass-isaek.katartisi.gr/ 📝 Βήματα πρώτης σύνδεσης Μεταβείτε στη διεύθυνση: https://eclass-isaek.katartisi.gr/. Εισάγετε το όνομα χρήστη και το συνθηματικό που σας δόθηκαν. Μόλις συνδεθείτε, κάντε αλλαγή κωδικού ώστε να βάλετε έναν νέο, πιο προσωπικό και εύκολο να θυμάστε. ℹ️ Χρήσιμες πληροφορίες Από την αρχική σελίδα του κάθε μαθήματος θα βρίσκετε σημειώσεις, υλικό, εργασίες και ανακοινώσεις. Ελέγχετε τακτικά την πλατφόρμα για ενημερώσεις από τον εκπαιδευτή. 📞 Υποστήριξη Αν αντιμετωπίσετε κάποιο πρόβλημα με τη σύνδεση ή τη χρήση της πλατφόρμας, μπορείτε να επικοινωνήσετε με: Μέλπω Μιχελάκη ή Μαρία Νικολοπούλου Τηλ.: 2810331580 Email: michelaki@katartisi.gr , nikolopoulou@katartisi.gr | BF4: ΚΥΡΙΟΣ ΚΕΙΜΕΝΟ | BG4: Αγαπητέ χρήστη, Ο λογαριασμός σας για την εκπαιδευτική πλατφόρμα eClass έχει δημιουργηθεί. Μέσα από την πλατφόρμα θα γίνεται ανάρτηση υλικού μαθημάτων, ανακοινώσεις και λοιπές εκπαιδευτικές δραστηριότητες. (ΑΥΤΑ ΔΕΝ ΤΑ ΑΝΤΙΓΡΑΦΟΥΜΕ, ΤΑ ΚΡΑΤΑΜΕ ΚΑΙ ΤΑ ΕΧΟΥΜΕ ΩΣ ΜΠΟΥΣΟΥΛΑ ΠΩΣ ΑΝΤΙΓΡΑΦΟΥΜΕ ΤΑ ΠΑΝΩ ΚΑΙ ΤΑ ΚΑΤΩ ΑΠΟ ΑΥΤΑ ΓΙΑΤΙ ΑΥΤΑ ΤΑ ΕΧΕΙ ΩΣ USERNAME ΚΑΙ PASSWORD ΤΑ ΔΙΝΕΙ ΤΟ ECLASS)🔑 Στοιχεία λογαριασμού Όνομα χρήστη (username): [username] Συνθηματικό (password): [password] Διεύθυνση πλατφόρμας: https://eclass-isaek.katartisi.gr/ 📝 Βήματα πρώτης σύνδεσης Μεταβείτε στη διεύθυνση: https://eclass-isaek.katartisi.gr/. Εισάγετε το όνομα χρήστη και το συνθηματικό που σας δόθηκαν. Μόλις συνδεθείτε, προχωρήστε σε αλλαγή κωδικού ώστε να ορίσετε έναν νέο, πιο προσωπικό και εύχρηστο. Ο νέος κωδικός θα πρέπει να είναι εύκολος για εσάς, αλλά δύσκολος να τον μαντέψει άλλος (π.χ. συνδυασμός γραμμάτων, αριθμών και συμβόλων). 📞 Υποστήριξη Αν αντιμετωπίσετε κάποιο πρόβλημα με τη σύνδεση ή τη χρήση της πλατφόρμας, μπορείτε να επικοινωνήσετε με: Μέλπω Μιχελάκη ή Μαρία Νικολοπούλου Τηλ.: 2810331580 Email: michelaki@katartisi.gr , nikolopoulou@katartisi.gr
J5: ΝΙΚΟΛ | K5: ΑΝΑΣΤΑΣΙΑΔΗ | L5: anasta.nicole@gmail.com | M5: 60 | N5: 6993230075 | O5: anastasiadi | P5: 1234 | R5: ΧΡΙΣΤΙΝΑ | S5: ΧΑΤΖΗΝΤΕΒΕ | T5: cchatzideve@gmail.com | U5: 2 | V5: 6940828922 | W5: chatzideve | X5: 1234 | Z5: ΜΑΡΙΑ | AA5: ΝΙΚΟΛΟΠΟΥΛΟΥ | AB5: nikolopoulou@katartisi.gr | AC5: nikolopoulou | AE5: ΠΑΛΑΙΟΤΕΡΟΙ ΠΟΛΙΤΙΣΜΟΙ ΚΑΙ ΤΕΧΝΗ | AF5: ARCH102 | AG5: ΣΥΓΧΡΟΝΗ ΚΑΙ ΕΛΛΗΝΙΚΗ ΤΕΧΝΗ | AH5: ARCH108 | AJ5: ΑΝΑΓΕΝΝΗΣΗ ΚΑΙ ΝΕΟΤΕΡΗ ΤΕΧΝΗ | AK5: ARCH115 | AL5: ΔΙΑΚΟΣΜΗΤΙΚΕΣ ΜΕΤΑΒΛΗΤΕΣ ΕΦΑΡΜΟΓΕΣ | AM5: ARCH121
J6: ΓΙΑΝΝΗΣ | K6: ΚΟΥΤΣΟΓΙΑΝΝΑΚΗΣ | L6: gianneskoutsogiannakes@gmail.com | M6: 58 | N6: 6988403440 | O6: Koutsogiannakis | P6: 1234 | R6: ΕΛΕΝΗ | S6: ΣΚΟΡΔΟΥ | T6: elenskordou@gmail.com | U6: 3 | V6: 6973739823 | W6: skordou | X6: 1234 | Z6: ΚΩΣΤΑΣ | AA6: ΤΣΙΚΑΛΑΣ | AB6: tsikalas@katartisi.gr | AC6: tsikalas | AE6: ΓΡΑΜΜΙΚΟ ΣΧΕΔΙΟ | AF6: ARCH103 | AG6: ΤΡΙΣΔΙΑΣΤΑΤΗ ΨΗΦΙΑΚΗ ΣΧΕΔΙΑΣΗ | AH6: ARCH109 | AJ6: ΜΕΘΟΔΟΛΟΓΙΑ ΜΕΛΕΤΗΣ ΔΙΑΚΟΣΜΗΣΗΣ | AK6: ARCH116 | AL6: ΨΗΦΙΑΚΟΣ ΦΩΤΟΡΕΑΛΙΣΜΟΣ | AM6: ARCH122
J7: ΕΙΡΗΝΗ | K7: ΠΕΡΗΦΑΝΟΥ | L7: eiriniperif@gmail.com | M7: 73 | N7: 6984495182 | O7: perifanou | P7: 1234 | R7: ΕΛΕΝΗ | S7: ΛΥΡΑΤΖΑΚΗ | T7: elenhlyratzakh@gmail.com | U7: 4 | V7: 6955951660 | W7: lyratzakh | X7: 1234 | Z7: ΚΑΤΕΡΙΝΑ | AA7: ΠΕΤΡΟΠΟΥΛΟΥ | AB7: petropoulou@katartisi.gr | AC7: petropoulou | AE7: ΕΛΕΥΘΕΡΟ ΚΑΙ ΒΑΣΙΚΟ ΣΧΕΔΙΟ | AF7: ARCH104 | AG7: ΚΑΤΑΣΚΕΥΑΣΤΙΚΟ ΣΧΕΔΙΟ ΕΣΩΤΕΡΙΚΩΝ ΧΩΡΩΝ | AH7: ARCH110 | AJ7: ΤΡΙΣΔΙΑΣΤΑΤΗ ΔΙΑΚΟΣΜΗΤΙΚΗ ΑΠΕΙΚΟΝΙΣΗ | AK7: ARCH117 | AL7: ΔΙΑΚΟΣΜΗΤΙΚΟ ΣΧΕΔΙΟ - ΦΩΤΙΣΜΟΣ | AM7: ARCH125
J8: ΕΥΑ | K8: ΧΑΙΝΑΚΗ | L8: ehainaki@gmail.com | M8: 75 | N8: 6983006334 | O8: hainaki | P8: 1234 | R8: ΕΛΕΥΘΕΡΙΑ | S8: ΤΖΑΝΑΚΗ | T8: eleftheriatzanaki@gmail.com | U8: 5 | V8: 6973825235 | W8: tzanaki | X8: 1234 | AE8: ΧΡΩΜΑ ΚΑΙ ΔΙΑΚΟΣΜΗΤΙΚΕΣ ΕΦΑΡΜΟΓΕΣ | AF8: ARCH105 | AG8: ΔΙΑΚΟΣΜΗΤΙΚΕΣ ΕΦΑΡΜΟΓΕΣ ΧΡΗΣΤΙΚΩΝ ΑΝΤΙΚΕΙΜΕΝΩΝ | AH8: ARCH111 | AJ8: ΔΙΣΔΙΑΣΤΑΤΗ ΨΗΦΙΑΚΗ ΣΧΕΔΙΑΣΗ | AK8: ARCH124 | AL8: ΠΡΑΚΤΙΚΗ ΕΦΑΡΜΟΓΗ ΣΕ ΧΩΡΟΥΣ ΦΙΛΟΞΕΝΙΑΣ | AM8: ARCH123
A9: ΟΔΗΓΙΕΣ ΓΙΑ ΒΑΣΙΚΕΣ ΕΡΓΑΣΙΕΣ ΣΤΟ ECLASS | J9: ΕΣΩΤΕΡΙΚΗ ΑΡΧΙΤΕΚΤΟΝΙΚΗ ΔΙΑΚΟΣΜΗΣΗ ΚΑΙ ΣΧΕΔΙΑΣΜΟΣ ΑΝΤΙΚΕΙΜΕΝΩΝ (2ο ΕΤΟΣ) | R9: ΔΗΜΗΤΡΗΣ | S9: ΠΑΠΑΔΟΜΑΝΩΛΑΚΗΣ | T9: dpapadomanolakis@uniwa.gr | U9: 6 | V9: 6945452188 | W9: papadomanolakis | X9: 1234 | AE9: ΠΡΑΚΤΙΚΗ ΕΦΑΡΜΟΓΗ σε χώρο βιτρίνας | AF9: ARCH106 | AG9: ΠΡΑΚΤΙΚΗ ΕΦΑΡΜΟΓΗ ΣΕ ΧΩΡΟΥΣ ΕΡΓΑΣΙΑΣ | AH9: ARCH112 | AJ9: ΔΟΜΙΚΑ ΣΤΟΙΧΕΙΑ ΕΣΩΤΕΡΙΚΩΝ ΧΩΡΩΝ | AK9: ARCH118 | AL9: ΓΡΑΜΜΑΤΕΙΑ | AM9: SDO111
A10: ΒΗΜΑΤΑ ΓΙΑ ΔΗΜΙΟΥΡΓΙΑ ΛΟΓΑΡΙΑΣΜΟΥ | J10: first | K10: last | L10: email | M10: id | N10: phone | O10: username | P10: password | R10: ΗΛΕΚΤΡΑ | S10: ΚΟΥΝΔΟΥΡΑΚΗ | T10: koundouraki@katartisi.gr | U10: 7 | V10: 6984501017 | W10: koundouraki | X10: 1234 | AE10: ΓΡΑΜΜΑΤΕΙΑ | AF10: SDO111 | AG10: ΓΡΑΜΜΑΤΕΙΑ | AH10: SDO111 | AJ10: ΠΡΑΚΤΙΚΗ ΕΦΑΡΜΟΓΗ ΣΕ ΧΩΡΟΥΣ ΚΑΤΟΙΚΙΑΣ | AK10: ARCH119
A11: 1. ΠΗΓΑΙΝΟΥΜΕ ΣΤΟ ΦΥΛΛΟ ΔΕΞΙΑ ΠΡΟΤΥΠΟ ΕΓΓΡΑΦΗ USER ECLASS , ΓΡΑΦΟΥΜΕ ΌΛΑ ΤΑ ΣΤΟΙΧΕΙΑ ΠΟΥ ΘΕΛΟΥΜΕ(ΚΑΛΟ ΘΑ ΗΤΑΝ ΝΑ ΠΕΡΝΟΥΝΤΑΙ ΜΑΘΗΤΕΣ Ή ΚΑΘΗΓΗΤΕΣ ΑΝΑ ΤΜΗΜΑ) ΝΑ ΒΑΛΟΥΜΕ, 2. ΜΕΤΑ ΠΗΓΑΙΝΟΥΜΕ ECLASS ΔΙΑΧΕΙΡΗΣΗ ΠΛΑΤΦΟΡΜΑΣ, 3. ΜΑΖΙΚΗ ΔΗΜΙΟΥΡΓΙΑ ΛΟΓΑΡΙΑΣΜΩΝ ΧΡΗΣΤΩΝ, 4. ΚΑΝΟΥΜΕ ΔΕΞΙ ΚΛΙΚ ΠΑΝΩ ΣΤΟ ΦΥΛΛΟ ΠΡΟΤΥΠΟ ΓΙΑ ΕΓΓΡΑΦΗ ΚΑΙ ΕΠΙΛΕΓΟΥΜΕ ΜΕΤΑΚΙΝΗΣΗ Ή ΑΝΤΙΓΡΑΦΗ, ΜΕΤΑ ΚΑΝΟΥΜΕ ΚΛΙΚ ΣΤΟ ΠΕΔΙΟ ΑΝΤΙΓΡΑΦΗ ΚΑΙ ΚΑΝΟΥΜΕ ΣΕ ΆΛΛΟ ΒΙΒΛΙΟ ΚΑΙ ΤΟ ΚΑΙΝΟΥΡΓΙΟ ΒΙΒΛΙΟ ΟΠΩΣ ΕΙΝΑΙ ΤΟ ΑΠΟΘΗΚΕΥΟΥΜΕ ΣΤΙΣ ΛΗΨΕΙΣ ΜΕ ΟΝΟΜΑ ΟΠΩΣ ΘΕΛΟΥΜΕ ΕΙΤΕ ΒΙΒΛΙΟ ΕΊΤΕ ΟΤΙ ΘΕΛΟΥΜΕ ΠΧ ΟΝΟΜΑ ΜΑΘΗΤΗ, 5. ΕΠΕΙΤΑ ΑΝΕΒΑΖΟΥΜΕ ΤΟ ΑΡΧΕΙΟ ΚΑΙ ΕΠΙΛΕΓΟΥΜΕ ΕΙΔΟΣ ΛΟΓΑΡΙΣΜΟΥ ΠΧ ΕΚΠΑΙΔΕΥΟΜΕΝΟΣ, ΚΛΙΚΑΡΟΥΜΕ ΣΤΗΝ ΑΛΛΑΓΗ ΣΥΝΘΗΜΑΤΙΚΟΥ ΚΑΤΑ ΤΗΝ ΕΙΣΟΔΟ, ΣΤΗΝ ΚΑΤΗΓΟΡΙΑ ΕΠΙΛΕΓΟΥΜΕ ΤΟ ΤΜΗΜΑ ΤΟΥ, ΤΑ ΑΛΛΑ ΔΕΝ ΤΑ ΠΕΙΡΑΖΟΥΜΕ ΚΑΙ ΜΕΤΑ ΚΛΙΚΑΡΟΥΜΕ ΚΑΙ ΤΟ ΑΠΟΣΤΟΛΗ ΤΩΝ ΣΤΟΙΧΕΙΩΝ ΤΟΥ ΜΕΣΩ EMAIL 6. ΤΕΛΟΣ ΤΟ ΚΑΝΟΥΜΕ ΥΠΟΒΟΛΗ | J11: ΕΛΕΝΗ | K11: ΑΝΤΩΝΑΚΑΚΗ | L11: antellmar@yahoo.gr | M11: 25 | N11: 6976606306 | O11: antonakaki | P11: 1234 | R11: ΠΕΛΑΓΙΑ | S11: ΜΑΡΚΑΚΗ ΤΡΥΠΑΚΗ | T11: ptrypaki@yahoo.gr | U11: 8 | V11: 6948486899 | W11: markakitrypaki | X11: 1234 | AJ11: ΓΡΑΜΜΑΤΕΙΑ | AK11: SDO111
J12: ΑΝΑΣΤΑΣΙΑ | K12: ΑΠΟΣΤΟΛΑΚΗ | L12: apostolakiana18@gmail.com | M12: 26 | N12: 6980272629 | O12: apostolaki | P12: 1234 | R12: ΝΙΚΗ | S12: ΑΝΑΓΝΩΣΤΑΚΗ | T12: ni.anagnostaki@gmail.com | U12: 9 | V12: 6983756076 | W12: anagnostaki | X12: 1234 | AE12: ΤΕΧΝΙΚΟΣ ΑΡΤΟΠΟΙΙΑΣ ΚΑΙ ΖΑΧΑΡΟΠΛΑΣΤΙΚΗΣ ΤΕΧΝΗΣ
J13: ΜΑΡΙΑ | K13: ΑΡΦΑΝΑΚΗ | L13: mariaarf02@gmail.com | M13: 27 | N13: 6943744160 | O13: arfanaki | P13: 1234 | R13: ΕΜΜΑΝΟΥΗΛ | S13: ΜΠΟΥΧΑΛΑΚΗΣ | T13: manbouch@yahoo.com | U13: 11 | V13: 6998108632 | W13: bouchalakis | X13: 1234 | AE13: ΜΑΘΗΜΑ | AF13: ΚΩΔΙΚΟΙ ΜΑΘΗΜΑΤΩΝ ΠΡΩΤΟ ΕΤΟΣ | AG13: ΜΑΘΗΜΑ | AH13: ΚΩΔΙΚΟΙ ΜΑΘΗΜΑΤΩΝ ΔΕΥΤΕΡΟ ΕΤΟΣ | AJ13: ΤΕΧΝΙΚΟΣ ΑΡΤΟΠΟΙΙΑΣ ΚΑΙ ΖΑΧΑΡΟΠΛΑΣΤΙΚΗΣ ΤΕΧΝΗΣ
J14: ΦΩΤΕΙΝΗ | K14: ΒΑΣΙΛΕΙΑΔΗ | L14: fotvas98@gmail.com | M14: 28 | N14: 6931835451 | O14: vasileiadi | P14: 1234 | R14: ΜΙΚΑΕΛΑ | S14: ΣΑΒΑ | T14: mikasava96@gmail.com | U14: 12 | V14: 6946047218 | W14: sava | X14: 1234 | AE14: ΓΑΛΛΙΚΑ Ι | AF14: ZAXAROPLASTES101 | AG14: ΑΓΓΛΙΚΑ Ι | AH14: ZAXAROPLASTES107 | AJ14: ΜΑΘΗΜΑ | AK14: ΚΩΔΙΚΟΙ ΜΑΘΗΜΑΤΩΝ ΠΡΩΤΟ ΕΤΟΣ | AL14: ΜΑΘΗΜΑ | AM14: ΚΩΔΙΚΟΙ ΜΑΘΗΜΑΤΩΝ ΔΕΥΤΕΡΟ ΕΤΟΣ
J15: ΕΛΕΝΗ | K15: ΓΕΩΡΓΙΟΥΔΑΚΗ | L15: el.georgioudaki@gmail.com | M15: 29 | N15: 6946443776 | O15: georgioudaki | P15: 1234 | R15: ΜΑΡΙΑ | S15: ΦΥΓΕΤΑΚΗ | T15: m.fygetaki@gmail.com | U15: 14 | V15: 6955641311 | W15: fygetakis | X15: 1234 | AE15: ΖΑΧΑΡΟΠΛΑΣΤΙΚΗ ΤΕΧΝΗ I | AF15: ZAXAROPLASTES102 | AG15: ΖΑΧΑΡΟΠΛΑΣΤΙΚΗ ΤΕΧΝΗ ΙΙΙ | AH15: ZAXAROPLASTES108 | AJ15: ΓΑΛΛΙΚΑ ΙΙ | AK15: ZAXAROPLASTES113 | AL15: ΑΓΓΛΙΚΑ ΙΙ | AM15: ZAXAROPLASTES119
J16: ΡΑΦΑΕΛΑ | K16: ΔΑΣΚΑΛΑΚΗ ΙΕΡΑΠΕΤΡΙΤΑΚΗ | L16: raphaelaierapetritake@gmail.com | M16: 83 | N16: 6947489270 | O16: daskalakiierapetritaki | P16: 1234 | R16: ΔΗΜΗΤΡΗΣ | S16: ΦΥΣΑΡΑΚΗΣ | T16: dfisarakis@gmail.com | U16: 15 | V16: 6976147069 | W16: fysarakis | X16: 1234 | AE16: ΣΤΟΙΧΕΙΑ ΜΑΓΕΙΡΙΚΗΣ (catering) I | AF16: ZAXAROPLASTES103 | AG16: ΔΙΑΧΕΙΡΗΣΗ ΠΡΩΤΩΝ ΥΛΩΝ ΙΙ (F&B MANAGEMENT ΙΙ) - ΚΟΣΤΟΛΟΓΗΣΗ ΠΑΡΑΣΚΕΥΑΣΜΑΤΩΝ | AH16: ZAXAROPLASTES109 | AJ16: ΖΑΧΑΡΟΠΛΑΣΤΙΚΗ ΤΕΧΝΗ II | AK16: ZAXAROPLASTES114 | AL16: ΖΑΧΑΡΟΠΛΑΣΤΙΚΗ ΤΕΧΝΗ IV | AM16: ZAXAROPLASTES120
J17: ΝΙΚΟΛΑΟΣ | K17: ΖΑΧΑΡΑΚΗΣ | L17: nikoszaxarakhs96@yahoo.gr | M17: 30 | N17: 6951734324 | O17: zaharakis | P17: 1234 | R17: ΜΑΡΙΟΣ | S17: ΚΥΡΛΑΚΗΣ | T17: kirlakismarios@gmail.com | U17: 16 | V17: 6955515575 | W17: kyrlakis | X17: 1234 | AE17: ΥΓΙΕΙΝΗ ΚΑΙ ΑΣΦΑΛΕΙΑ | AF17: ZAXAROPLASTES104 | AG17: ΑΣΤΟΠΟΙΗΤΙΚΗ ΤΕΧΝΗ Ι | AH17: ZAXAROPLASTES110 | AJ17: ΣΤΟΙΧΕΙΑ ΜΑΓΕΙΡΙΚΗΣ (CATERING) II | AK17: ZAXAROPLASTES115 | AL17: ΑΡΤΟΠΟΙΗΤΙΚΗ ΤΕΧΝΗ ΙΙ | AM17: ZAXAROPLASTES121
J18: ΒΑΣΙΛΙΚΗ | K18: ΦΑΡΣΑΡΗ | L18: farsaryvasiliky@gmail.com | M18: 61 | N18: 6986849556 | O18: farsari | P18: 1234 | R18: ΚΩΝΣΤΑΝΤΙΝΟΣ | S18: ΚΟΥΜΑΚΗΣ | T18: info@zaxaroplasteiokoumakis.gr | U18: 17 | V18: 6974120129 | W18: koumakis | X18: 1234 | AE18: ΤΡΟΦΟΓΝΩΣΙΑ | AF18: ZAXAROPLASTES105 | AG18: ΟΡΓΑΝΩΣΗ ΚΑΙ ΛΕΙΤΟΥΡΓΙΑ ΑΡΤΟΖΑΧΑΡΟΠΛΑΣΤΕΙΟΥ | AH18: ZAXAROPLASTES111 | AJ18: ΒΑΣΙΚΕΣ ΑΡΧΕΣ ΔΙΑΤΡΟΦΗΣ | AK18: ZAXAROPLASTES116 | AL18: ΒΙΩΣΙΜΗ ΑΝΑΠΤΥΞΗ ΣΤΟΝ ΤΟΥΡΙΣΜΟ | AM18: ZAXAROPLASTES122
J19: ΣΤΥΛΙΑΝΗ | K19: ΦΡΑΓΚΙΑΔΑΚΗ | L19: stellafragkiadaki23@gmail.com | M19: 35 | N19: 6986697472 | O19: fragiadaki | P19: 1234 | R19: ΜΑΡΙΝΑ | S19: ΝΕΟΝΑΚΗ | T19: neonakimar@yahoo.gr | U19: 19 | V19: 6972089035 | W19: neonaki | X19: 1234 | AE19: ΠΡΑΚΤΙΚΗ ΕΦΑΡΜΟΓΗ ΣΤΗΝ ΕΙΔΙΚΟΤΗΤΑ | AF19: ZAXAROPLASTES106 | AG19: ΠΡΑΚΤΙΚΗ ΕΦΑΡΜΟΓΗ ΣΤΗΝ ΕΙΔΙΚΟΤΗΤΑ | AH19: ZAXAROPLASTES112 | AJ19: ΔΙΑΧΕΙΡΙΣΗ ΠΡΩΤΩΝ ΥΛΩΝ Ι (F&B MANAGEMENT I) - ΕΛΕΓΧΟΣ ΕΜΠΟΡΕΥΜΑΤΩΝ | AK19: ZAXAROPLASTES117 | AL19: ΠΡΑΚΤΙΚΗ ΕΦΑΡΜΟΓΗ ΣΤΗΝ ΕΙΔΙΚΟΤΗΤΑ | AM19: ZAXAROPLASTES123
R20: ΔΙΟΝΥΣΗΣ | S20: ΒΟΓΙΑΤΖΗΣ | T20: nioniosvog@hotmail.com | U20: 20 | V20: 6946076210 | W20: vogiatzis | X20: 1234 | AE20: ΓΡΑΜΜΑΤΕΙΑ | AF20: SDO111 | AG20: ΓΡΑΜΜΑΤΕΙΑ | AH20: SDO111 | AJ20: ΠΡΑΚΤΙΚΗ ΕΦΑΡΜΟΓΗ ΣΤΗΝ ΕΙΔΙΚΟΤΗΤΑ | AK20: ZAXAROPLASTES118 | AL20: ΓΡΑΜΜΑΤΕΙΑ | AM20: SDO111
J21: ΤΕΧΝΙΚΟΣ ΑΡΤΟΠΟΙΙΑΣ ΚΑΙ ΖΑΧΑΡΟΠΛΑΣΤΙΚΗΣ ΤΕΧΝΗΣ (1ο ΕΤΟΣ) | R21: ΧΑΡΑΛΑΜΠΟΣ | S21: ΧΑΝΙΩΤΑΚΗΣ | T21: babis.chaniotakis@gmail.com | U21: 22 | V21: 6977586273 | W21: xaniotakis | X21: 1234 | AJ21: ΓΡΑΜΜΑΤΕΙΑ | AK21: SDO111
J22: first | K22: last | L22: email | M22: id | N22: phone | O22: username | P22: password | R22: ΣΟΦΙΑ - ΧΑΡΑ | S22: ΑΠΛΑΔΑ | T22: sofiacharapple@gmail.com | U22: 25 | V22: 6949455771 | W22: aplada | X22: 1234 | AE22: ΤΕΧΝΙΚΟΣ ΜΑΓΕΙΡΙΚΗΣ ΤΕΧΝΗΣ ΑΡΧΙΜΑΓΕΙΡΑΣ CHEF
J23: ΕΙΡΗΝΗ | K23: ΑΝΔΡΙΑΝΑΚΗ | L23: iriniandrianaki@gmail.com | M23: 83 | N23: 6973805890 | O23: andrianakieirini | P23: 1234 | R23: ΣΤΑΥΡΟΥΛΑ | S23: ΣΑΜΟΛΗ | T23: samolistavroula19@gmail.com | U23: 26 | V23: 6939160280 | W23: samoli | X23: 1234 | AE23: ΜΑΘΗΜΑ | AF23: ΚΩΔΙΚΟΙ ΜΑΘΗΜΑΤΩΝ ΠΡΩΤΟ ΕΤΟΣ | AG23: ΜΑΘΗΜΑ | AH23: ΚΩΔΙΚΟΙ ΜΑΘΗΜΑΤΩΝ ΔΕΥΤΕΡΟ ΕΤΟΣ | AJ23: ΤΕΧΝΙΚΟΣ ΜΑΓΕΙΡΙΚΗΣ ΤΕΧΝΗΣ ΑΡΧΙΜΑΓΕΙΡΑΣ CHEF
A24: ΒΗΜΑΤΑ ΓΙΑ ΔΗΜΙΟΥΡΓΙΑ ΧΡΗΣΤΗ/ΣΤΩΝ | J24: ΓΕΩΡΓΙΑ | K24: ΒΕΛΟΓΛΟΥ | L24: georgiaveloglou05@gmail.com | M24: 88 | N24: 6987666484 | O24: veloglou | P24: 1234 | R24: ΦΩΤΕΙΝΗ | S24: ΠΑΠΑΦΡΑΓΚΑΚΗ | T24: fpapafragaki@gmail.com | U24: 27 | V24: 6989676442 | W24: papafragaki | X24: 1234 | AE24: ΓΑΛΛΙΚΑ Ι | AF24: CHEF101 | AG24: ΑΓΓΛΙΚΑ Ι | AH24: CHEF113 | AJ24: ΜΑΘΗΜΑ | AK24: ΚΩΔΙΚΟΙ ΜΑΘΗΜΑΤΩΝ ΠΡΩΤΟ ΕΤΟΣ | AL24: ΜΑΘΗΜΑ | AM24: ΚΩΔΙΚΟΙ ΜΑΘΗΜΑΤΩΝ ΔΕΥΤΕΡΟ ΕΤΟΣ
A25: Για να δημιουργήσεις χρήστες στο eclass μαζικά ή μεμονομένα (1. ΠΗΓΑΙΝΟΥΜΕ ΣΤΟ ΦΥΛΛΟ ΔΕΞΙΑ ΠΡΟΤΥΠΟ ΕΓΓΡΑΦΗ USER ECLASS , ΓΡΑΦΟΥΜΕ ΌΛΑ ΤΑ ΣΤΟΙΧΕΙΑ ΠΟΥ ΘΕΛΟΥΜΕ(ΚΑΛΟ ΘΑ ΗΤΑΝ ΝΑ ΠΕΡΝΟΥΝΤΑΙ ΜΑΘΗΤΕΣ Ή ΚΑΘΗΓΗΤΕΣ ΑΝΑ ΤΜΗΜΑ) ΝΑ ΒΑΛΟΥΜΕ, 2. ΜΕΤΑ ΠΗΓΑΙΝΟΥΜΕ ECLASS ΔΙΑΧΕΙΡΗΣΗ ΠΛΑΤΦΟΡΜΑΣ ΠΑΝΩ ΔΕΞΙΑ, 3. ΜΑΖΙΚΗ ΔΗΜΙΟΥΡΓΙΑ ΛΟΓΑΡΙΑΣΜΩΝ ΧΡΗΣΤΩΝ (ΑΝΕΞΑΡΤΗΤΑ ΑΝ Ο ΜΑΘΗΤΗΣ Ή ΚΑΘΗΓΗΤΗΣ ΕΙΝΑΙ ΕΝΑΣ), 4. ΚΑΝΟΥΜΕ ΔΕΞΙ ΚΛΙΚ ΠΑΝΩ ΣΤΟ ΦΥΛΛΟ ΠΡΟΤΥΠΟ ΓΙΑ ΕΓΓΡΑΦΗ (ΔΙΠΛΑ ΣΤΟ ΦΥΛΛΟ ECLASS) ΚΑΙ ΕΠΙΛΕΓΟΥΜΕ ΜΕΤΑΚΙΝΗΣΗ Ή ΑΝΤΙΓΡΑΦΗ, ΜΕΤΑ ΚΑΝΟΥΜΕ ΚΛΙΚ ΣΤΟ ΠΕΔΙΟ ΑΝΤΙΓΡΑΦΗ ΚΑΙ ΚΑΝΟΥΜΕ ΣΕ ΆΛΛΟ ΒΙΒΛΙΟ ΚΑΙ ΤΟ ΚΑΙΝΟΥΡΓΙΟ ΒΙΒΛΙΟ ΟΠΩΣ ΕΙΝΑΙ ΤΟ ΑΠΟΘΗΚΕΥΟΥΜΕ ΣΤΙΣ ΛΗΨΕΙΣ ΜΕ ΟΝΟΜΑ ΟΠΩΣ ΘΕΛΟΥΜΕ ΕΙΤΕ ΒΙΒΛΙΟ ΕΊΤΕ ΟΤΙ ΘΕΛΟΥΜΕ ΠΧ ΟΝΟΜΑ ΜΑΘΗΤΗ, 5. ΕΠΕΙΤΑ ΑΝΕΒΑΖΟΥΜΕ ΤΟ ΑΡΧΕΙΟ ΚΑΙ ΕΠΙΛΕΓΟΥΜΕ ΕΙΔΟΣ ΛΟΓΑΡΙΣΜΟΥ ΠΧ ΕΚΠΑΙΔΕΥΟΜΕΝΟΣ, ΚΛΙΚΑΡΟΥΜΕ ΣΤΗΝ ΑΛΛΑΓΗ ΣΥΝΘΗΜΑΤΙΚΟΥ ΚΑΤΑ ΤΗΝ ΕΙΣΟΔΟ, ΣΤΗΝ ΚΑΤΗΓΟΡΙΑ ΕΠΙΛΕΓΟΥΜΕ ΤΟ ΤΜΗΜΑ ΤΟΥ, ΤΑ ΑΛΛΑ ΔΕΝ ΤΑ ΠΕΙΡΑΖΟΥΜΕ ΚΑΙ ΜΕΤΑ ΚΛΙΚΑΡΟΥΜΕ ΚΑΙ ΤΟ ΑΠΟΣΤΟΛΗ ΤΩΝ ΣΤΟΙΧΕΙΩΝ ΤΟΥ ΜΕΣΩ EMAIL 6. ΤΕΛΟΣ ΤΟ ΚΑΝΟΥΜΕ ΥΠΟΒΟΛΗ) | J25: ΜΑΡΙΑ-ΜΑΡΙΝΑ | K25: ΚΑΛΑΦΑΤΗ | L25: merinakalafati33@gmail.com | M25: 52 | N25: 6989801222 | O25: kalafati | P25: 1234 | R25: ΑΛΕΞΑΝΔΡΟΣ | S25: ΛΥΡΑΤΖΑΚΗΣ | T25: alyratzakis@gmail.com | U25: 28 | V25: 6979641896 | W25: lyratzakhs | X25: 1234 | AE25: ΤΕΧΝΗ ΜΑΓΕΙΡΙΚΗΣ Ι | AF25: CHEF102 | AG25: ΤΕΧΝΗ ΜΑΓΕΙΡΙΚΗΣ ΙΙΙ | AH25: CHEF114 | AJ25: ΤΕΧΝΗ ΜΑΓΕΙΡΙΚΗΣ ΙΙ | AK25: CHEF108 | AL25: ΑΓΓΛΙΚΑ ΙΙ | AM25: CHEF120
J26: ΚΩΝΣΤΑΝΤΙΝΑ | K26: ΜΑΝΩΛΑΚΑΚΗ | L26: konstantinaman07@gmail.com | M26: 55 | N26: 6949909988 | O26: manolakaki2 | P26: 1234 | R26: ΙΩΑΝΝΗΣ | S26: ΤΣΑΚΙΡΕΛΗΣ | T26: tsakirelis@gmail.com | U26: 29 | V26: 6936771591 | W26: tsakirelis | X26: 1234 | AE26: ΣΤΟΙΧΕΙΑ ΖΑΧΑΡΟΠΛΑΣΤΙΚΗΣ Ι | AF26: CHEF106 | AG26: FOOD & BEVERAGE MANAGEMENT II (ΚΟΣΤΟΛΟΓΗΣΗ ΠΑΡΑΣΚΕΥΑΣΜΑΤΩΝ) | AH26: CHEF115 | AJ26: ΣΤΟΙΧΕΙΑ ΖΑΧΑΡΟΠΛΑΣΤΙΚΗΣ ΙΙ | AK26: CHEF109 | AL26: ΤΕΧΝΗ ΜΑΓΕΙΡΙΚΗΣ ΙV | AM26: CHEF121
J27: ΓΑΛΑΤΕΙΑ | K27: ΝΤΙΣΠΥΡΑΚΗ | L27: galateiant@gmail.com | M27: 54 | N27: 6976024153 | O27: dispiraki | P27: 1234 | R27: ΡΕΠΑΝΑΚΗ | S27: ΔΕΣΠΟΙΝΑ | T27: repdebbie@gmail.com | U27: 30 | V27: 6937037501 | W27: repanaki | X27: 1234 | AE27: ΥΓΙΕΙΝΗ ΚΑΙ ΑΣΦΑΛΕΙΑ | AF27: CHEF103 | AG27: ΣΥΝΘΕΣΗ ΜΕΝΟΥ | AH27: CHEF116 | AJ27: ΠΡΑΚΤΙΚΗ ΕΦΑΡΜΟΓΗ Β' | AK27: CHEF112 | AL27: ΒΙΩΣΙΜΗ ΑΝΑΠΤΥΞΗ ΣΤΟΝ ΤΟΥΡΙΣΜΟ | AM27: CHEF122
J28: ΕΙΡΗΝΗ | K28: ΠΑΡΑΣΥΡΗ | L28: parasirieirini2007@gmail.com | M28: 53 | N28: 6986783854 | O28: parasiri | P28: 1234 | AE28: ΤΡΟΦΟΓΝΩΣΙΑ | AF28: CHEF104 | AG28: ΟΙΝΟΛΟΓΙΑ | AH28: CHEF117 | AJ28: ΒΑΣΙΚΕΣ ΑΡΧΕΣ ΔΙΑΤΡΟΦΗΣ | AK28: CHEF110 | AL28: ΠΡΑΚΤΙΚΗ ΑΣΚΗΣΗ (Δ ΕΞΑΜΗΝΟ) | AM28: CHEF123
J29: ΜΑΡΙΑ | K29: ΤΖΑΝΙΔΑΚΗ | L29: tzanidama@yahoo.gr | M29: 56 | N29: 6974068149 | O29: tzanidaki | P29: 1234 | AE29: ΠΡΑΚΤΙΚΗ ΕΦΑΡΜΟΓΗ Α΄ | AF29: CHEF105 | AG29: ΟΡΓΑΝΩΣΗ ΚΑΙ ΛΕΙΤΟΥΡΓΙΑ ΕΣΤΙΑΤΟΡΙΟΥ | AH29: CHEF118 | AJ29: FOOD & BEVERAGE MANAGEMENT I (ΕΛΕΓΧΟΣ ΕΜΠΟΡΕΥΜΑΤΩΝ) | AK29: CHEF111 | AL29: ΓΡΑΜΜΑΤΕΙΑ | AM29: SDO111
J30: ΜΑΡΙΛΕΝΑ | K30: ΧΡΗΣΤΑΚΗ | L30: christakim2007@gmail.com | M30: 51 | N30: 6945766487 | O30: christaki | P30: 1234 | AE30: ΓΡΑΜΜΑΤΕΙΑ | AF30: SDO111 | AG30: ΠΡΑΚΤΙΚΗ ΕΦΑΡΜΟΓΗ ΣΤΗΝ ΕΙΔΙΚΟΤΗΤΑ (Γ ΕΞΑΜΗΝΟ) | AH30: CHEF119 | AJ30: ΓΑΛΛΙΚΑ ΙΙ | AK30: CHEF107
J31: ΖΑΧΑΡΕΝΙΑ | K31: ΛΙΟΥΔΑΚΗ | L31: zaxarenialiou@gmail.com | N31: 6940584115 | O31: lioudaki | P31: 1234 | AG31: ΓΡΑΜΜΑΤΕΙΑ | AH31: SDO111 | AJ31: ΓΡΑΜΜΑΤΕΙΑ | AK31: SDO111
J32: ΤΕΧΝΙΚΟΣ ΑΡΤΟΠΟΙΙΑΣ ΚΑΙ ΖΑΧΑΡΟΠΛΑΣΤΙΚΗΣ ΤΕΧΝΗΣ (2ο ΕΤΟΣ)
J33: first | K33: last | L33: email | M33: id | N33: phone | O33: username | P33: password
J34: ΣΟΦΙΑ ΑΝΑΡΓΥΡΗ | K34: ΑΛΕΞΗ | L34: sophiaaalexe@gmail.com | M34: 77 | N34: 6974170536 | O34: alexi | P34: 1234 | AE34: ΣΤΕΛΕΧΟΣ ΥΠΗΡΕΣΙΩΝ ΑΕΡΟΜΕΤΑΦΟΡΑΣ | AJ34: ΣΤΕΛΕΧΟΣ ΥΠΗΡΕΣΙΩΝ ΑΕΡΟΜΕΤΑΦΟΡΑΣ
J35: ΣΤΥΛΙΑΝΗ - ΓΕΩΡΓΙΑ | K35: ΓΕΩΡΓΑΝΤΩΝΑΚΗ | L35: sgeorgantonaki@gmail.com | M35: 79 | N35: 6978474740 | O35: georgantonaki | P35: 1234 | AE35: ΜΑΘΗΜΑ | AF35: ΚΩΔΙΚΟΙ ΜΑΘΗΜΑΤΩΝ ΠΡΩΤΟ ΕΤΟΣ | AG35: ΜΑΘΗΜΑ | AH35: ΚΩΔΙΚΟΙ ΜΑΘΗΜΑΤΩΝ ΔΕΥΤΕΡΟ ΕΤΟΣ | AJ35: ΜΑΘΗΜΑ | AK35: ΚΩΔΙΚΟΙ ΜΑΘΗΜΑΤΩΝ ΠΡΩΤΟ ΕΤΟΣ | AL35: ΜΑΘΗΜΑ | AM35: ΚΩΔΙΚΟΙ ΜΑΘΗΜΑΤΩΝ ΔΕΥΤΕΡΟ ΕΤΟΣ
J36: ΓΙΑΝΝΗΣ | K36: ΕΛΛΗΝΙΚΑΚΗΣ | L36: giannisellinikakis511@gmail.com | M36: 39 | N36: 6986405541 | O36: ellinikakis | P36: 1234 | AE36: BUSINESS ENGLISH AND TOURISM TERMINOLOGY | AF36: AERO101 | AG36: ΕΙΣΑΓΩΓΗ ΣΤΗΝ ΑΕΡΟΠΟΡΙΚΗ ΟΡΟΛΟΓΙΑ ΣΤΑ ΑΓΓΛΙΚΑ | AH36: AERO111 | AJ36: BUSINESS ENGLISH AND TOURISM TERMINOLOGY | AK36: AERO101 | AL36: ΕΦΑΡΜΟΣΜΕΝΗ ΑΕΡΟΠΟΡΙΚΗ ΟΡΟΛΟΓΙΑ ΣΤΑ ΑΓΓΛΙΚΑ | AM36: AERO121
A37: ΒΗΜΑΤΑ ΓΙΑ ΕΓΓΡΑΦΗ ΧΡΗΣΤΩΝ ΣΤΑ ΜΑΘΗΜΑΤΑ | J37: ΒΑΣΙΛΕΙΟΣ | K37: ΚΑΡΑΝΤΖΗΣ | L37: vasiliskarantz@gmail.com | M37: 78 | N37: 6978161053 | O37: karatzis | P37: 1234 | AE37: ΓΑΛΛΙΚΑ | AF37: AERO102 | AG37: ΕΙΣΑΓΩΓΗ ΣΤΗΝ ΑΕΡΟΠΟΡΙΚΗ ΟΡΟΛΟΓΙΑ ΣΤΑ ΓΑΛΛΙΚΑ | AH37: AERO112 | AJ37: ΓΑΛΛΙΚΑ | AK37: AERO102 | AL37: ΕΦΑΡΜΟΣΜΕΝΗ ΑΕΡΟΠΟΡΙΚΗ ΟΡΟΛΟΓΙΑ ΣΤΑ ΓΑΛΛΙΚΑ | AM37: AERO122
A38: 1. ΠΗΓΑΙΝΟΥΜΕ ΣΤΟ ECLASS ΣΤΗ ΔΙΑΧΕΙΡΗΣΗ ΠΛΑΤΦΟΡΜΑΣ 2. ΜΑΖΙΚΗ ΕΓΓΡΑΦΗ ΧΡΗΣΤΩΝ ΣΕ ΜΑΘΗΜΑΤΑ, 3. ΓΡΑΦΟΥΜΕ USERNAME ΚAI META BAZOYME ΤΟΥΣ ΚΩΔΙΚΟΥΣ ΜΑΘΗΜΑΤΩΝ ΠΟΥ ΘΕΛΟΥΜΕ ΝΑ ΤΟΥΣ ΠΡΟΣΘΕΣΟΥΜΕ 4. ΕΠΙΛΕΓΟΥΜΕ ΤΟΝ ΡΟΛΟ ΠΧ ΕΚΠΑΙΔΕΥΟΜΕΝΟΣ ΚΑΙ ΜΕΤΑ 5. ΠΑΤΑΜΕ ΕΓΓΡΑΦΗ | J38: ΜΑΡΙΑ | K38: ΚΟΥΜΑΚΗ | L38: makoumaki@gmail.com | M38: 41 | N38: 6985725551 | O38: koumaki | P38: 1234 | AE38: ΤΟΥΡΙΣΜΟΣ ΚΑΙ ΑΕΡΟΠΟΡΙΚΗ ΒΙΟΜΗΧΑΝΙΑ ΜΕΤΑΦΟΡΩΝ | AF38: AERO103 | AG38: ΔΙΟΙΚΗΣΗ ΑΕΡΟΔΡΟΜΙΩΝ ΚΑΙ ΑΕΡΟΠΟΡΙΚΩΝ ΥΠΗΡΕΣΙΩΝ | AH38: AERO113 | AJ38: ΤΟΥΡΙΣΜΟΣ ΚΑΙ ΑΕΡΟΠΟΡΙΚΗ ΒΙΟΜΗΧΑΝΙΑ ΜΕΤΑΦΟΡΩΝ | AK38: AERO103 | AL38: ΜΑΡΚΕΤΙΝΓΚ ΑΕΡΟΔΡΟΜΙΩΝ ΚΑΙ ΑΕΡΟΠΟΡΙΚΩΝ ΕΤΑΙΡΕΙΩΝ | AM38: AERO123
J39: ΣΤΑΥΡΟΣ | K39: ΚΟΥΝΑΛΑΚΗΣ | L39: stauroskoun@hotmail.com | M39: 40 | N39: 6946868881 | O39: kounalakis | P39: 1234 | AE39: ΤΑΞΙΔΙΩΤΙΚΗ ΓΕΩΓΡΑΦΙΑ ΚΑΙ ΤΑΞΙΔΙΩΤΙΚΟΙ ΟΔΗΓΟΙ | AF39: AERO104 | AG39: ΛΕΙΤΟΥΡΓΙΕΣ ΕΤΑΙΡΕΙΩΝ ΕΠΙΓΕΙΑΣ ΕΞΥΠΗΡΕΤΗΣΗΣ – ΕΞΥΠΗΡΕΤΗΣΗ ΕΠΙΒΑΤΩΝ/ΙΔΩΝ Ή ΠΕΛΑΤΩΝ/ΙΣΣΩΝ (CHECK IN/BAGGAGE HANDLING) | AH39: AERO114 | AJ39: ΤΑΞΙΔΙΩΤΙΚΗ ΓΕΩΓΡΑΦΙΑ ΚΑΙ ΤΑΞΙΔΙΩΤΙΚΟΙ ΟΔΗΓΟΙ | AK39: AERO104 | AL39: ΛΕΙΤΟΥΡΓΙΕΣ ΕΤΑΙΡΕΙΩΝ ΕΠΙΓΕΙΑΣ ΕΞΥΠΗΡΕΤΗΣΗΣ – ΕΞΥΠΗΡΕΤΗΣΗ ΕΠΙΒΑΤΩΝ/ΙΔΩΝ Ή ΠΕΛΑΤΩΝ/ΙΣΣΩΝ (ΑΝΑΧΩΡΗΣΗΣ/AIRSIDE) | AM39: SDO119
J40: ΜΙΧΑΛΗΣ | K40: ΚΥΠΡΑΙΟΣ | L40: michaleskypraios492@gmail.com | M40: 43 | N40: 6944098848 | O40: kypraios | P40: 1234 | AE40: ΟΡΓΑΝΩΣΗ ΚΑΙ ΛΕΙΤΟΥΡΓΙΑ ΤΟΥΡΙΣΤΙΚΟΥ ΓΡΑΦΕΙΟΥ ΚΑΙ ΑΕΡΟΠΟΡΙΚΗΣ ΕΤΑΙΡΕΙΑΣ | AF40: AERO105 | AG40: ΔΙΑΧΕΙΡΙΣΗ ΚΡΙΣΕΩΝ ΚΑΙ ΑΠΩΛΕΙΑ ΑΠΟΣΚΕΥΩΝ | AH40: AERO115 | AJ40: ΟΡΓΑΝΩΣΗ ΚΑΙ ΛΕΙΤΟΥΡΓΙΑ ΤΟΥΡΙΣΤΙΚΟΥ ΓΡΑΦΕΙΟΥ ΚΑΙ ΑΕΡΟΠΟΡΙΚΗΣ ΕΤΑΙΡΕΙΑΣ | AK40: AERO105 | AL40: ΠΡΟΒΛΕΨΗ ΖΗΤΗΣΗΣ ΑΕΡΟΠΟΡΙΚΩΝ ΕΙΣΙΤΗΡΙΩΝ ΚΑΙ ΑΝΑΛΥΣΗ ΑΓΟΡΑΣ | AM40: AERO125
J41: ΦΙΛΟΞΕΝΗ | K41: ΜΑΛΛΙΩΤΑΚΗ | L41: malliotxenia@gmail.com | M41: 44 | N41: 6993928303 | O41: malliotaki | P41: 1234 | AE41: ΤΟΥΡΙΣΤΙΚΟ ΚΑΙ ΑΕΡΟΠΟΡΙΚΟ ΜΑΡΚΕΤΙΝΓΚ | AF41: AERO106 | AG41: ΑΣΦΑΛΕΙΑ ΚΑΙ ΥΓΙΕΙΝΗ | AH41: AERO116 | AJ41: ΤΟΥΡΙΣΤΙΚΟ ΚΑΙ ΑΕΡΟΠΟΡΙΚΟ ΜΑΡΚΕΤΙΝΓΚ | AK41: AERO106 | AL41: ΛΕΙΤΟΥΡΓΙΕΣ ΕΤΑΙΡΕΙΩΝ ΕΠΙΓΕΙΑΣ ΕΞΥΠΗΡΕΤΗΣΗΣ – ΕΞΥΠΗΡΕΤΗΣΗ ΑΕΡΟΣΚΑΦΩΝ (ΑΝΕΦΟΔΙΑΣΜΟΣ, ΣΤΑΘΜΕΥΣΗ, РАМПА) | AM41: AERO126
J42: ΓΕΩΡΓΙΟΣ | K42: ΣΚΟΡΔΥΛΗΣ | L42: giwrgosskordulhs@gmail.com | M42: 76 | N42: 6949917351 | O42: skordulis | P42: 1234 | AE42: ΑΕΡΟΠΟΡΙΚΟ ΔΙΚΑΙΟ ΚΑΙ ΔΙΕΘΝΕΙΣ ΣΧΕΣΕΙΣ (IATA – UFTAA – ICAO – BSP) | AF42: AERO107 | AG42: ΕΙΣΑΓΩΓΗ ΣΤΑ ΣΥΣΤΗΜΑΤΑ ΚΡΑΤΗΣΕΩΝ ΑΕΡΟΠΟΡΙΚΩΝ ΕΙΣΙΤΗΡΙΩΝ | AH42: AERO117 | AJ42: ΑΕΡΟΠΟΡΙΚΟ ΔΙΚΑΙΟ ΚΑΙ ΔΙΕΘΝΕΙΣ ΣΧΕΣΕΙΣ (IATA – UFTAA – ICAO – BSP) | AK42: AERO107 | AL42: ΕΦΑΡΜΟΣΜΕΝΑ ΣΥΣΤΗΜΑΤΑ ΚΡΑΤΗΣΕΩΝ ΑΕΡΟΠΟΡΙΚΩΝ ΕΙΣΙΤΗΡΙΩΝ | AM42: AERO127
J43: ΓΕΩΡΓΙΑ | K43: ΣΚΟΥΛΑ | L43: georgia.sk1708@gmail.com | M43: 80 | N43: 6943445469 | O43: skoula | P43: 1234 | AE43: ΜΕΤΑΦΟΡΑ ΑΕΡΟΠΟΡΙΚΩΝ ΕΜΠΟΡΕΥΜΑΤΩΝ (CARGO) | AF43: AERO108 | AG43: ΕΙΣΑΓΩΓΗ ΣΤΗΝ ΚΑΤΑΣΚΕΥΗ ΑΕΡΟΠΟΡΙΚΟΥ ΝΑΥΛΟΥ ΚΑΙ ΤΙΜΟΛΟΓΗΣΗ ΑΕΡΟΠΟΡΙΚΩΝ ΕΙΣΙΤΗΡΙΩΝ | AH43: AERO118 | AJ43: ΜΕΤΑΦΟΡΑ ΑΕΡΟΠΟΡΙΚΩΝ ΕΜΠΟΡΕΥΜΑΤΩΝ (CARGO) | AK43: AERO108 | AL43: ΕΦΑΡΜΟΓΗ ΣΤΗΝ ΚΑΤΑΣΚΕΥΗ ΑΕΡΟΠΟΡΙΚΟΥ ΝΑΥΛΟΥ ΚΑΙ ΤΙΜΟΛΟΓΗΣΗ ΑΕΡΟΠΟΡΙΚΩΝ ΕΙΣΙΤΗΡΙΩΝ | AM43: AERO128
AE44: ΑΕΡΟΠΟΡΙΚΟΙ ΝΑΥΛΟΙ | AF44: AERO109 | AG44: ΠΡΑΚΤΙΚΗ ΕΦΑΡΜΟΓΗ ΣΤΗΝ ΕΙΔΙΚΟΤΗΤΑ | AH44: AERO110 | AJ44: ΑΕΡΟΠΟΡΙΚΟΙ ΝΑΥΛΟΙ | AK44: AERO109 | AL44: ΠΡΑΚΤΙΚΗ ΕΦΑΡΜΟΓΗ ΣΤΗΝ ΕΙΔΙΚΟΤΗΤΑ | AM44: AERO119
J45: ΤΕΧΝΙΚΟΣ ΜΑΓΕΙΡΙΚΗΣ ΤΕΧΝΗΣ (1ο ΕΤΟΣ) | AE45: ΠΡΑΚΤΙΚΗ ΕΦΑΡΜΟΓΗ ΣΤΗΝ ΕΙΔΙΚΟΤΗΤΑ (Α+Β ΕΞΑΜΗΝΟ) | AF45: AERO110 | AG45: ΓΡΑΜΜΑΤΕΙΑ | AH45: SDO111 | AJ45: ΠΡΑΚΤΙΚΗ ΕΦΑΡΜΟΓΗ ΣΤΗΝ ΕΙΔΙΚΟΤΗΤΑ (Α+Β ΕΞΑΜΗΝΟ) | AK45: AERO110 | AL45: ΓΡΑΜΜΑΤΕΙΑ | AM45: SDO111
J46: first | K46: last | L46: email | M46: id | N46: phone | O46: username | P46: password | AE46: ΓΡΑΜΜΑΤΕΙΑ | AF46: SDO111 | AJ46: ΓΡΑΜΜΑΤΕΙΑ | AK46: SDO111
J47: ΧΡΙΣΤΙΝΑ | K47: ΑΝΔΡΙΑΝΑΚΗ | L47: shamper2007@gmail.com | M47: 64 | N47: 6940054319 | O47: andrianaki | P47: 1234
J48: ΚΩΝΣΤΑΝΤΙΝΟΣ | K48: ΓΑΒΑΛΕΤΑΚΗΣ | L48: konstantinosgaba@gmail.com | M48: 65 | N48: 6975768226 | O48: gavaletakis | P48: 1234 | AJ48: ΣΤΕΛΕΧΟΣ ΔΙΟΙΚΗΣΗΣ ΚΑΙ ΟΙΚΟΝΟΜΙΑΣ
J49: ΓΙΩΡΓΟΣ | K49: ΚΑΠΛΑΝΙ | L49: kaplanisgiwrgos1@gmail.com | M49: 62 | N49: 6947244770 | O49: kaplani | P49: 1234 | AE49: ΣΤΕΛΕΧΟΣ ΔΙΟΙΚΗΣΗΣ ΚΑΙ ΟΙΚΟΝΟΜΙΑΣ | AJ49: ΜΑΘΗΜΑ | AK49: ΚΩΔΙΚΟΙ ΜΑΘΗΜΑΤΩΝ ΠΡΩΤΟ ΕΤΟΣ | AL49: ΜΑΘΗΜΑ | AM49: ΚΩΔΙΚΟΙ ΜΑΘΗΜΑΤΩΝ ΔΕΥΤΕΡΟ ΕΤΟΣ
J50: ΚΛΟΝΤΙΑΝ | K50: ΚΑΡΕΜΑΝΑΙ | L50: aleksgreqi@gmail.com | M50: 86 | N50: 6995394678 | O50: karemanai | P50: 1234 | AE50: ΜΑΘΗΜΑ | AF50: ΚΩΔΙΚΟΙ ΜΑΘΗΜΑΤΩΝ ΠΡΩΤΟ ΕΤΟΣ | AG50: ΜΑΘΗΜΑ | AH50: ΚΩΔΙΚΟΙ ΜΑΘΗΜΑΤΩΝ ΔΕΥΤΕΡΟ ΕΤΟΣ | AJ50: ΕΙΔΙΚΑ ΘΕΜΑΤΑ ΓΕΝΙΚΗΣ ΛΟΓΙΣΤΙΚΗΣ | AK50: SDO112 | AL50: ΕΠΙΧΕΙΡΗΜΑΤΙΚΟΤΗΤΑ & ΚΑΙΝΟΤΟΜΙΑ | AM50: SDO127
J51: ΧΡΗΣΤΟΣ | K51: ΚΟΥΜΑΚΗΣ | L51: koumchristos@gmail.com | M51: 90 | N51: 6949115068 | O51: koumakisc | P51: 1234 | AE51: ΕΙΣΑΓΩΓΗ ΣΤΗ ΓΕΝΙΚΗ ΛΟΓΙΣΤΙΚΗ | AF51: SDO103 | AG51: ΦΟΡΟΛΟΓΙΚΗ ΠΡΑΚΤΙΚΗ /ΦΟΡΟΛΟΓΙΚΕΣ ΕΦΑΡΜΟΓΕΣ | AH51: SDO120 | AJ51: ΕΜΠΟΡΙΚΟ ΔΙΚΑΙΟ | AK51: SDO113 | AL51: ΕΜΠΟΡΙΚΗ ΔΙΑΧΕΙΡΙΣΗ (WMS)-ΜΙΣΘΟΔΟΣΙΑ (PAYROLL) | AM51: SDO128
J52: ΔΗΜΗΤΡΙΟΣ | K52: ΣΤΥΛΙΑΡΑΣ | L52: styliaras11@gmail.com | M52: 63 | N52: 6947290911 | O52: styliaras | P52: 1234 | AE52: ΑΣΤΙΚΟ ΔΙΚΑΙΟ | AF52: SDO104 | AG52: ΛΟΓΙΣΤΙΚΗ ΕΤΑΙΡΕΙΩΝ | AH52: SDO121 | AJ52: ΕΙΔΙΚΑ ΘΕΜΑΤΑ ΟΙΚΟΝΟΜΙΚΩΝ ΜΑΘΗΜΑΤΙΚΩΝ | AK52: SDO114 | AL52: PROJECT MANAGEMENT | AM52: SDO129
J53: ΕΛΕΥΘΕΡΙΑ | K53: ΑΝΔΡΟΥΛΑΚΗ | L53: r_androulaki@yahoo.gr | N53: 6909081473 | O53: androulaki | P53: 1234 | AE53: ΕΙΣΑΓΩΓΗ ΣΤΑ ΟΙΚΟΝΟΜΙΚΑ ΜΑΘΗΜΑΤΙΚΑ | AF53: SDO105 | AG53: ΜΗΧΑΝΟΓΡΑΦΗΜΕΝΗ ΛΟΓΙΣΤΙΚΗ | AH53: SDO122 | AJ53: ΕΙΔΙΚΑ ΘΕΜΑΤΑ ΣΤΑΤΙΣΤΙΚΗΣ | AK53: SDO115 | AL53: ΧΡΗΜΑΤΟΟΙΚΟΝΟΜΙΚΗ ΔΙΟΙΚΗΣΗ – ΑΞΙΟΛΟΓΗΣΗ ΕΠΕΝΔΥΣΕΩΝ | AM53: SDO130
AE54: ΕΙΣΑΓΩΓΗ ΣΤΗΝ ΣΤΑΤΙΣΤΙΚΗ | AF54: SDO106 | AG54: ΛΟΓΙΣΤΙΚΗ ΚΟΣΤΟΥΣ | AH54: SDO123 | AJ54: ΕΙΔΙΚΑ ΘΕΜΑΤΑ ΔΙΟΙΚΗΣΗΣ ΕΠΙΧΕΙΡΗΣΕΩΝ | AK54: SDO116 | AL54: ΔΙΟΙΚΗΣΗ ΑΝΘΡΩΠΙΝΩΝ ΠΟΡΩΝ | AM54: SDO131
J55: ΣΤΕΛΕΧΟΣ ΔΙΟΙΚΗΣΗΣ ΚΑΙ ΟΙΚΟΝΟΜΙΑΣ (1ο ΕΤΟΣ) | AE55: ΕΙΣΑΓΩΓΗ ΣΤΗ ΔΙΟΙΚΗΣΗ ΕΠΙΧΕΙΡΗΣΕΩΝ | AF55: SDO107 | AG55: ΔΗΜΟΣΙΕΣ ΣΧΕΣΕΙΣ ΚΑΙ ΕΠΙΚΟΙΝΩΝΙΑ | AH55: SDO124 | AJ55: ΟΙΚΟΝΟΜΙΚΗ ΤΩΝ ΕΠΙΧΕΡΗΣΕΩΝ | AK55: SDO117 | AL55: ΕΙΔΙΚΑ ΘΕΜΑΤΑ ΛΟΓΙΣΤΙΚΩΝ ΦΥΛΛΩΝ | AM55: SDO132
J56: first | K56: last | L56: email | M56: id | N56: phone | O56: username | P56: password | AE56: ΕΠΑΓΓΕΛΜΑΤΙΚΕΣ ΔΕΞΙΟΤΗΤΕΣ ΜΕ ΤΗ ΧΡΗΣΗ ΛΟΓΙΣΤΙΚΩΝ ΦΥΛΛΩΝ | AF56: SDO108 | AG56: ΕΠΕΞΕΡΓΑΣΙΑ ΚΕΙΜΕΝΟΥ (Η/Υ) | AH56: SDO125 | AJ56: ΕΠΙΧΕΙΡΗΣΙΑΚΕΣ ΕΠΙΚΟΙΝΩΝΙΕΣ | AK56: SDO118 | AL56: ΠΡΑΚΤΙΚΗ ΕΦΑΡΜΟΓΗ ΣΤΗΝ ΕΙΔΙΚΟΤΗΤΑ (Δ ΕΞΑΜΗΝΟ) | AM56: SDO133
J57: ΚΛΕΙΩ | K57: ΚΕΝΔΡΙΣΤΑΚΗ | L57: kendristakek@gmail.com | M57: 81 | N57: 6973585676 | O57: kleio | P57: 1234 | AE57: ΠΡΑΚΤΙΚΗ ΕΦΑΡΜΟΓΗ ΣΤΗΝ ΕΙΔΙΚΟΤΗΤΑ | AF57: SDO109 | AG57: ΠΡΑΚΤΙΚΗ ΕΦΑΡΜΟΓΗ ΣΤΗΝ ΕΙΔΙΚΟΤΗΤΑ (Γ ΕΞΑΜΗΝΟ) | AH57: SDO126 | AJ57: ΓΡΑΜΜΑΤΕΙΑ | AK57: SDO111 | AL57: ΓΡΑΜΜΑΤΕΙΑ | AM57: SDO111
J58: ΧΑΡΙΔΗΜΟΣ ΕΜΜΑΝΟΥΗΛ | K58: ΜΑΝΙΟΥΔΑΚΗΣ | L58: charitosmanioudakes78@gmail.com | M58: 82 | N58: 6975993662 | O58: manioudakis | P58: 1234 | AE58: MARKETING | AF58: SDO110 | AG58: ΓΡΑΜΜΑΤΕΙΑ | AH58: SDO111
J59: ΠΑΥΛΙΝΑ | K59: ΜΩΥΣΑΚΗ | L59: paulinamoysaki123@gmail.com | M59: 74 | N59: 6985837967 | O59: moysaki | P59: 1234 | AE59: ΓΡΑΜΜΑΤΕΙΑ | AF59: SDO111
J60: ΜΑΡΙΑ | K60: ΠΑΠΑΔΑΚΗ | L60: papadakimar44@gmail.com | M60: 72 | N60: 6944918511 | O60: papadaki | P60: 1234
J61: ΕΜΜΑΝΟΥΕΛΑ | K61: ΡΙΖΟΥ | L61: emmanouellarizou28@yahoo.com | M61: 89 | N61: 6981865680 | O61: rizou | P61: 1234
J62: ΧΡΙΣΤΙΝΑ | K62: ΤΡΙΓΩΝΗ | L62: chtrigoni@gmail.com | M62: 66 | N62: 6955298183 | O62: trigoni | P62: 1234
J63: ΚΩΝΣΤΑΝΤΙΝΟΣ-ΜΑΡΙΟΣ | K63: ΤΣΙΚΑΝΔΥΛΑΚΗΣ | L63: tsikandilakisn@gmail.com | M63: 67 | N63: 6987401697 | O63: tsikandilakis | P63: 1234
J64: ΕΜΜΑΝΟΥΗΛ | K64: ΦΙΟΡΕΤΖΗΣ | L64: manolisfioretzis21@yahoo.gr | M64: 69 | N64: 6979541207 | O64: fioretzis | P64: 1234
J66: ΣΤΕΛΕΧΟΣ ΥΠΗΡΕΣΙΩΝ ΑΕΡΟΜΕΤΑΦΟΡΑΣ (2ο ΕΤΟΣ)
J67: ΜΑΡΙΑ | K67: ΜΑΝΩΛΑΚΑΚΗ | L67: manolakakimaria@yahoo.gr | M67: 46 | N67: 6947841222 | O67: manolakaki | P67: 1234
J68: ΜΑΡΙΑ | K68: ΜΑΡΑΓΚΑΚΗ | L68: mariamaragkaki@yahoo.gr | M68: 47 | N68: 6937357077 | O68: maragaki | P68: 1234
J69: ΚΩΝΣΤΑΝΤΙΝΑ | K69: ΣΜΥΡΝΑΚΗ | L69: nantiasmirnaki@gmail.com | M69: 48 | N69: 6978163340 | O69: smyrnaki | P69: 1234
J70: ΟΥΡΑΝΙΑ | K70: ΣΤΑΜΑΤΑΚΗ | L70: rania.stamatakiiii@gmail.com | M70: 49 | N70: 6986184307 | O70: stamataki | P70: 1234
J71: ΑΝΤΩΝΙΟΣ | K71: ΣΤΑΜΑΤΑΚΗΣ | L71: antonis.stamatakis2@yahoo.com | M71: 50 | N71: 6943696191 | O71: stamatakis | P71: 1234

Sheet ΠΡΟΤΥΠΟ ΕΓΓΡΑΦΗΣ USER ECLASS 
A1: first | B1: last | C1: email | D1: id | E1: phone | F1: username | G1: password
A2: ΚΑΤΕΡΙΝΑ | B2: ΠΕΤΡΟΠΟΥΛΟΥ | C2: petropoulou@katartisi.gr | E2: 6948372337 | F2: petropoulou | G2: 1234 | H2: ΑΥΤΌ ΕΊΝΑΙ ΈΝΑ ΠΑΡΑΔΕΙΓΜΑ ΕΓΓΡΑΦΗΣ ΤΟ ΟΠΟΙΟ ΘΑ ΔΙΑΓΡΑΦΕΙ ΓΙΑ ΝΑ ΠΕΡΑΣΤΟΥΝ ΤΑ ΝΕΑ ΣΤΟΙΧΕΙΑ

Sheet AMADEUS
A1: Α/Α | B1: ΟΝΟΜΑ | C1: ΕΠΩΝΥΜΟ | D1: EMAIL | E1: ΤΕΛΕΦΩΝΟ | F1: USERNAME | G1: Office_ID | H1: password | I1: url
A2: 1 | B2: ΜΑΡΙΑ | C2: ΜΑΝΩΛΑΚΑΚΗ | D2: manolakakimaria@yahoo.gr | E2: 6947841222 | F2: ISAEKEP005 | G2: HERLP2901 | H2: katartisi123 | I2: Amadeus Selling Platform Connect
A3: 2 | B3: ΜΑΡΙΑ | C3: ΜΑΡΑΓΚΑΚΗ | D3: mariamaragkaki@yahoo.gr | E3: 6937357077 | F3: ISAEKEP004 | G3: HERLP2901 | H3: katartisi123 | I3: Amadeus Selling Platform Connect
A4: 3 | B4: ΚΩΝΣΤΑΝΤΙΝΑ | C4: ΣΜΥΡΝΑΚΗ | D4: nantiasmirnaki@gmail.com | E4: 6978163340 | F4: ISAEKEP003 | G4: HERLP2901 | H4: katartisi123 | I4: Amadeus Selling Platform Connect | J4: Μόνο από το EDGE όχι από CHROME
A5: 4 | B5: ΟΥΡΑΝΙΑ | C5: ΣΤΑΜΑΤΑΚΗ | D5: rania.stamatakiiii@gmail.com | E5: 6986184307 | F5: ISAEKEP002 | G5: HERLP2901 | H5: katartisi123 | I5: Amadeus Selling Platform Connect
A6: 5 | B6: ΑΝΤΩΝΙΟΣ | C6: ΣΤΑΜΑΤΑΚΗΣ | D6: antonis.stamatakis2@yahoo.com | E6: 6943696191 | F6: ISAEKEP006 | G6: HERLP2901 | H6: katartisi123 | I6: Amadeus Selling Platform Connect
A7: 6 | B7: ΚΛΕΙΩ | C7: ΚΕΝΔΡΙΣΤΑΚΗ | D7: kendristakek@gmail.com | E7: 6973585676 | F7: ISAEKEP007 | G7: HERLP2901 | H7: katartisi123 | I7: Amadeus Selling Platform Connect
A8: 7 | B8: ΜΑΡΙΑ | C8: ΦΥΓΕΤΑΚΗ | D8: m.fygetaki@gmail.com | E8: 6955641311 | F8: ISAEKEP001 | G8: HERLP2901 | H8: katartisi123 | I8: Amadeus Selling Platform Connect
B11: MENOUN | E11: ΚΆΘΕ ΔΕΥΤΕΡΑ ΚΑΝΟΥΝ RESET
C12: ISAEKEP007 | D12: amadeus1
C13: ISAEKEP008 | D13: amadeus1
C14: ISAEKEP009 | D14: amadeus1
E15: ΓΙΑ ΤΟ RESET ΜΠΑΙΝΟΥΜΕ ΣΤΟ https://www.training.sellingplatformconnect.amadeus.com/login/?event=LOGIN_LOGOUT&OCTX=SKL ΠΑΤΑΜΕ ΤΑ ΣΤΟΙΧΕΙΑ ΓΙΑ ΤΟΝ ΛΟΓΑΡΙΑΣΜΟ ΈΝΑ ΈΝΑ ΚΑΙ ΜΕΤΑ ΒΑΖΟΥΜΕ ΣΤΟ PASSWORD αντίς katartisi123, ΤΟ amadeus1 ΚΑΙ ΜΕΤΑ ΚΑΝΟΥΜΕ ΥΠΟΤΙΘΕΤΕ ΝΕΟ ΚΩΔΙΚΟ ΑΛΛΑ ΕΜΕΙΣ ΒΑΖΟΥΜΕ ΞΑΝΑ ΤΟ ΙΔΙΟ katartisi123 ΚΑΙ ΤΟ ΞΑΝΑ ΕΠΙΒΕΒΑΙΩΣΟΥΜΕ ΚΑΙ ΜΕΤΑ ΤΟ ΚΑΝΟΥΜΕ ΞΑΝΑ ENTER Ή SIGN IN ΚΑΙ ΜΕΤΑ ΜΠΑΙΝΟΥΜΕ ΚΑΝΟΝΙΚΑ ΚΑΙ ΕΛΕΓΧΟΥΜΕ ΑΝ ΜΠΑΙΝΕΙ
A20: PIN ΓΙΑ ΕΞΥΠΗΡΕΤΗΣΗ | B20: 9621822
A21: ΤΗΛΕΦΩΝΟ ΕΞΥΠΗΡΕΤΗΣΗΣ | B21: 8508508011
A22: ΣΙΚΙΩΤΑΚΗ ΑΠΌ ΕΜΠΟΡΙΚΟ ΤΜΗΜΑ | B22: 6943293178

Sheet ΧΡΗΣΙΜΑ ΤΗΛΕΦΩΝΑ
A1: ΔΕ. ΤΕΧΝΙΚΩΝ ΣΧΟΛΩΝ | P1: ΠΑΣΠΑΡΑΚΗ | Q1: 6936517621 | R1: ΚΡΗΤΗ TV
A2: ΠΡΟΕΔΡΟΣ | D2: ΚΑΡΚΑΝΑΚΗΣ ΒΑΓΓΕΛΗΣ | G2: 6944302760 | J2: karkanakis@gmail.com, president@ebeh.gr | P2: ΚΟΥΜΑΝΤΑΚΗΣ/ ΣΚΟΥΡΑ | Q2: 2810398147/8 | R2: ΚΑΛΟ ΜΕΣΗΜΕΡΙ
A3: ΑΝΤΙΠΡΟΕΔΡΟΣ Α | D3: ΜΑΡΑΓΚΑΚΗΣ ΔΡΑΚΟΣ | G3: 6936984292 | J3: drakosmar@gmail.com
A4: ΓΕΝΙΚΟΣ ΓΡΑΜΜΑΤΕΑΣ | D4: ΣΙΦΡΗΣ ΓΕΩΡΓΙΟΣ | G4: 6943852500 | J4: sifrisgeo@gmail.com
A5: ΟΙΚΟΝΟΜΙΚΟΣ ΕΠΟΠΤΗΣ | D5: ΚΑΨΑΛΑΚΗΣ ΙΩΑΝΝΗΣ | G5: 6973384016 | J5: info@kapsalakis.gr
A6: ΜΕΛΟΣ | D6: ΜΠΡΙΤΖΟΛΑΚΗΣ ΣΤΕΦΑΝΟΣ | G6: 6988242650 | J6: sbritzolakis@gmail.com
A7: ΜΕΛΟΣ | D7: ΤΑΒΕΡΝΑΡΑΚΗΣ ΓΕΩΡΓΙΟΣ | G7: 6974062556 | J7: geo.tavern@gmail.com
A11: ΕΡΓΑΣΙΕΣ ΓΙΑ ΤΟ ΚΤΉΡΙΟ
A12: ΟΝΟΜΑΤΕΠΩΝΥΜΟ | D12: ΤΗΛΕΦΩΝΟ | F12: ΙΔΙΟΤΗΤΑ
A13: Μπρίνταλος Γιώργος | D13: 6945325959 | F13: φύλακας
A14: ΤΕΧΝΙΚΟΣ ΝΕΡΟΥ ΡΟΥΒΑΣ | D14: 2894041090 | F14: συντηρηση ψυκτών νερού ΡΟΥΒΑΣ
A15: Σιδεράκης Κώστας | D15: 6977465232 | F15: ψυκτικός | I15: ΑΝ ΧΑΛΑΣΕΙ ΨΥΓΕΙΟ ΚΛΠ
A16: Καρουζάκης Γεώργιος | D16: 6974113818 | F16: αλουμινάς
A17: Μασαούτης Βασίλειος | D17: 6976605327 | F17: ηλεκτρολόγος | I17: ΑΝ ΧΑΛΑΣΟΥΝ ΤΑ ΦΩΤΑ ΚΛΠ
A18: Καλούδης Ιωάννης | D18: 6945657115 | F18: μηχανολόγος
A19: Στεφανάκης | D19: 6978895121 | F19: επισκευή απολυμαντικών wc
A20: Βασίλης - Ηλίας | D20: 2810360026-027 | F20: τεχνικός εκτυπωτή
A21: Βολοσυράκης Μανόλης | D21: 6977611219 | F21: υδραυλικός
A22: Καλέργης Δημήτριος | D22: 6936740074 | F22: υδραυλικός
A23: Τζομπανάκης Ιωάννης | D23: 6977392564 | F23: υδραυλικος
A24: Χάρης Σμυρλής (παλιός συντηρητής) | D24: 6944567262 | F24: ηλεκτρολόγος κ.α.
A25: Χρήστος Ζαχαράκης | D25: 6944728168 | F25: Οικοδομικές εργασίες, ελαιογρωματισμοί
A26: Λεονταράκης Τάσος | D26: 6947916445 | F26: Τεχνικός Ασφαλείας
A27: miele | D27: 6946786858 | F27: επισκευές σε γκαραζόπορτες | I27: ΓΙΑ ΓΚΑΡΑΖΟΠΟΡΤΑ
A28: Καλογεράκης Γιώργος | D28: 6972252362/2813014649 | F28: φυάλες υγραερίου κτλ
A29: Μονιάκης Μανώλης | D29: 6973474468 | F29: περιφράξεις
A30: Λεκάκης | D30: 6948003041 | F30: ξυλουργός
A31: Καπετάνιος | D31: 6946796673 | F31: ηλεκτρολόγος
A32: Κώστας | D32: 6932520692 | F32: υδροφόρα
A33: Γρηγορέλης Χάρης | D33: 6932989892 | F33: απολύμανση
A34: Ηλίας | D34: 6977807144 | F34: αυτόματος πωλητής(ψύκτης)
A35: Σάββας | D35: 6945462487 | F35: κηπουρός
A36: Σταματάκη Ραφαέλα | D36: 6946352918 | F36: CANDIA καθαριότητα
A37: Σταματάκης Γεώργιος | D37: 6984498833 | F37: CANDIA καθαριότητα
A38: Αβραάμ Νίκος | D38: 6948004343 | F38: πλακατζής
A39: Αβραάμ Γρηγόριος | D39: 2810314476, 6932250113 | F39: ασφάλεια κτιρίου
A40: Καρίτης | D40: 6947004574 | F40: συντήρηση
A41: Καραπιπεράκης | D41: 6972310425 | F41: Δίκτυα. ΙΤ Τεχνικών σχολών
A42: Αμπαρτζάκη Στέλλα | D42: stellaampartzaki@hotmail.com 2810240140/6944635028 | F42: Εξωτερικό Λογιστήριο
A43: Αστρινάκης Γιάννης | D43: 6953003616 | F43: γυψοσανίδες
A44: Κώστας | F44: αμοβολή
A45: Μιχάλης | F45: μόνωση
A46: Δολαψάκης | F46: ηλεκτρολόγος
A47: Αρμάντο Μπαϊράμη LUXUS Cleaning | D47: luxuscleaning13@gmail.com 6992327304 | F47: καθαριότητα
A48: Ηλίας | D48: 6983515872 | F48: Συντήρηση αυτόματου πωλητή
A49: Ζαφείρης | D49: 6974825469 | F49: υδραυλικός | I49: ΑΝ ΧΑΛΑΣΟΥΝ ΒΡΙΣΕΣ ΚΛΠ
A50: ΤΕΧΝΙΚΟ ΤΜΗΜΑ ΠΗΓΑΣΟΥ | D50: 2103442018 | F50: ΠΗΓΑΣΟΣ
A51: Κοτανίδη ΥΠΟΥΡΓΕΙΟ | D51: 2103442418, ekotanidi@minedu.gov.gr | F51: ΠΗΓΑΣΟΣ | I51: ekotanidi@minedu.gov.gr
A52: Καράτζης Παντελής KMG | D52: 6985016410 | F52: ΕΊΝΑΙ ΥΠΕΥΘΥΝΟΣ ΓΙΑ ΤΑ ΔΙΚΤΥΑ (ΠΧ ΌΧΙ INTERNET)
A53: Αντώνης Καλογερακης | D53: 2813022652, 6989416655 | F53: Βοήθεια στην διαχείρηση social media | I53: socialbuildersgr@gmail.com | J53: info@socialbuilders.gr
A54: Μελεσσανάκη Έλενα | D54: 2810280280, 6909851880 | F54: TASTE ACADEMY ΓΡΑΜΜΑΤΕΙΑ
A55: ΛΟΓΟΘΕΤΗΣ ΑΠΌ ΠΑΡΑΛΛΗΛΟ | D55: 2109410114 | F55: ΣΧΕΔΙΑΣΤΗΡΙΑ
A56: ΣΚΟΥΝΤΗΣ - ΚΡΙΒΕΚ | D56: 6978995103 | F56: KRIVEK
A57: ΧΑΛΙΛΗΣ - CLEAN HEAVEN | D57: 6943668562 | F57: ΚΑΘΑΡΙΟΤΗΤΑ
A59: ΠΡΟΜΗΘΕΥΤΕΣ ΤΗΛΕΦΩΝΑ
A60: Προμηθευτής | B60: Είδος/Προϊόντα | C60: email | D60: Τηλέφωνο
A61: Johnson + Κωστάκης Γιάννης-6937220264 | B61: απορριπαντικά,σφουγγάρια,σακούλες | D61: 2810381371
A62: Αλιμπράντης Βαγγέλης Αθήνα | B62: Ζαχαρόπαστα, είδη διακόσμησης | D62: 6944458051
A63: Ανδρουλάκης Γιάννης | B63: Έλαια-ηλιέλαια | C63: androulakis@hotmail.com | D63: 6948100135
A64: Αυγοδιατροφική ΣΠ FOODS | B64: Αυγό, παστεριωμένο κρόκο και ασπράδι | C64: papasxoi@gmail.com | D64: 6947378738
A65: Βελιβασάκης ΑΕ | B65: Άλευρα, άχνη, κρέμα γάλακτος, τυριά | C65: office@velivasakis.com yannis@velivasakis.com | D65: 6947304604/2810 542810
A66: Βιδάκης Γιάννης | B66: Ξηροί καρποί | C66: vidakis@vidakis.gr | D66: 2810257410/6977559017
A67: Βιοερευνητικά εργαστήρια Στεφανάκη Στέλλα | B67: Ανάλυση νερού-χημείο | C67: desk@biolabcrete.gr | D67: 6948008997
A68: Γιώργος Ασπυρτάκης | B68: Διακρίβωση οργάνων-Metrocal | D68: 6974067609
A69: Δασκαλάκης | B69: Ψάρια, Θαλασσινά, κατεψυγμένα | D69: 2810333094-95
A70: Ηλιάδης Νίκος | B70: κάβα-ποτά | C70: sales@enopolio.gr | D70: 6937265582
A71: Καλημέρα Φρούτα | B71: Φρούτα-Λαχανικά | C71: accounts@kalimerafrouta.gr | D71: 6930818929
A72: Καλουδάκης Μηνάς | B72: Α' ύλες Ζαχαροπλαστικής/Είδη συσκευασίας | C72: orders@kaloudakis.com | D72: 2810222705/6973089597
A73: Κορώνη | B73: Α' ύλες Ζαχαροπλαστικής/Είδη συσκευασίας | C73: info@koronisa.gr | D73: 2810261410/6976972162
A74: Κουρλετάκης Μανώλης | B74: έλαια, μαργαρίνη | D74: 6932768313
A75: Κρητικός Κόμβος-ΒΑΚΑΝΑ | B75: υγρό καθαριστικό για inox | D75: 2810382013
A76: Κωστάκης Γιάννης | B76: μίγματα απορριπαντικών/johnson | D76: 6937220264
A77: Μπελιμπασάκης Δημήτρης cerci | B77: Α' ύλες κρέμα γάλακτος-σοκολάτα | D77: 6978946962
A78: Μύλοι Κρήτης (κος Παπαπαναγής) | B78: Άλευρα | C78: ddp@mills.gr
A79: Πανακάκης | B79: Μπαχαρικά-αλάτι | C79: panakakis.emm@gmail.com | D79: 2810380494
A80: Πανακάκης Μανώλης | B80: Α' ύλες Ζαχαροπλαστικής/μαγειρικής | D80: 6936903496
A81: Παρλαμάς Γιάννης | B81: Α' ύλες Ζαχαροπλαστικής/Είδη συσκευασίας | C81: parlamas@gmail.com | D81: 2810222421/6944227245
A82: Πουράτος HELLAS | B82: Σοκολάτες | C82: kvafeiadis@puratos.com | D82: 6936759820
A83: Προκοπάκης Γιάννης | B83: τυροκομικά-μυζήθρα | D83: 6947286614
A84: Ρινακάκης | B84: Φρούτα-Λαχανικά | D84: 2810210426
A85: Σιδέρης Χαράλαμπος | B85: φύλλο κρούστας-καταϊφι | D85: 6972096317
A86: Σταθάκης | B86: Μπαχαρικά | C86: info@stathakis-market.gr | D86: 2810281343/6977428271
A87: Σταυρακάκης Μύρων | B87: Α' ύλες Ζαχαροπλαστικής | D87: 6973552131
A88: Συλιγάρδος ΟΕ (Νίκος) | B88: φρέσκο αιγοπρόβιο γάλα,τυροκομικά, μυζήθρα | D88: 6973556169
A89: Σαριδάκης Γιάννης | B89: Στολές εργασίας | C89: info@sww.gr | D89: 6998488488/2810261000

Sheet ΜΑΘΗΜΑΤΑ ΕΞΑΜΗΝΩΝ
A1: ΧΕΙΜΕΡΙΝΟ ΕΞΑΜΗΝΟ | K1: ΕΑΡΙΝΟ ΕΞΑΜΗΝΟ
A2: ΤΜΗΜΑ | B2: ΕΞΑΜΗΝΟ | C2: ΜΑΘΗΜΑ | D2: ΚΑΘΗΓΗΤΗΣ | E2: ΠΤΥΧΙΟ | F2: ΩΡΕΣ | G2: ΚΩΔΙΚΟΣ ECLASS | H2: ΑΠΟΥΣΙΕΣ | K2: ΤΜΗΜΑ | L2: ΕΞΑΜΗΝΟ | M2: ΜΑΘΗΜΑ | N2: ΚΑΘΗΓΗΤΗΣ | O2: ΠΤΥΧΙΟ | P2: ΩΡΕΣ | Q2: ΚΩΔΙΚΟΣ ECLASS | R2: ΑΠΟΥΣΙΕΣ
A3: ΕΣΩΤΕΡΙΚΗ ΑΡΧΙΤΕΚΤΟΝΙΚΗ ΚΑΙ ΔΙΑΚΟΣΜΗΣΗ ΚΑΙ ΣΧΕΔΙΑΣΜΟΣ ΑΝΤΙΚΕΙΜΕΝΟΥ | B3: ΕΣΩΤΕΡΙΚΗ ΑΡΧΙΤΕΚΤΟΝΙΚΗ ΚΑΙ ΔΙΑΚΟΣΜΗΣΗ ΚΑΙ ΣΧΕΔΙΑΣΜΟΣ ΑΝΤΙΚΕΙΜΕΝΟΥ | C3: ΕΣΩΤΕΡΙΚΗ ΑΡΧΙΤΕΚΤΟΝΙΚΗ ΚΑΙ ΔΙΑΚΟΣΜΗΣΗ ΚΑΙ ΣΧΕΔΙΑΣΜΟΣ ΑΝΤΙΚΕΙΜΕΝΟΥ | D3: ΕΣΩΤΕΡΙΚΗ ΑΡΧΙΤΕΚΤΟΝΙΚΗ ΚΑΙ ΔΙΑΚΟΣΜΗΣΗ ΚΑΙ ΣΧΕΔΙΑΣΜΟΣ ΑΝΤΙΚΕΙΜΕΝΟΥ | E3: ΕΣΩΤΕΡΙΚΗ ΑΡΧΙΤΕΚΤΟΝΙΚΗ ΚΑΙ ΔΙΑΚΟΣΜΗΣΗ ΚΑΙ ΣΧΕΔΙΑΣΜΟΣ ΑΝΤΙΚΕΙΜΕΝΟΥ | K3: ΕΣΩΤΕΡΙΚΗ ΑΡΧΙΤΕΚΤΟΝΙΚΗ ΚΑΙ ΔΙΑΚΟΣΜΗΣΗ | L3: ΕΣΩΤΕΡΙΚΗ ΑΡΧΙΤΕΚΤΟΝΙΚΗ ΚΑΙ ΔΙΑΚΟΣΜΗΣΗ | M3: ΕΣΩΤΕΡΙΚΗ ΑΡΧΙΤΕΚΤΟΝΙΚΗ ΚΑΙ ΔΙΑΚΟΣΜΗΣΗ | N3: ΕΣΩΤΕΡΙΚΗ ΑΡΧΙΤΕΚΤΟΝΙΚΗ ΚΑΙ ΔΙΑΚΟΣΜΗΣΗ | O3: ΕΣΩΤΕΡΙΚΗ ΑΡΧΙΤΕΚΤΟΝΙΚΗ ΚΑΙ ΔΙΑΚΟΣΜΗΣΗ
A4: ΕΣΩΤΕΡΙΚΗ ΑΡΧΙΤΕΚΤΟΝΙΚΗ ΚΑΙ ΔΙΑΚΟΣΜΗΣΗ | B4: 1ο | C4: ΦΥΣΙΚΑ ΠΕΤΡΩΜΑΤΑ | D4: ΛΥΡΑΤΖΑΚΗ | E4: Πτυχίο Ανώτατης Εκπαίδευσης ΤΕΙ/ΑΕΙ (Επίπεδο 6), νέου ενιαίου κλάδου εκπαιδευτικών ΠΕ89 Εφαρμοσμένων Τεχνών, από ειδικότητες ΠΕ89.01 Καλλιτεχνικών Σπουδών, κατά προτεραιότητα ειδικότητας Διακοσμητικής ΑΤΕΙ/ΑΕΙ, ΠΕ 89.27 ή ΠΕ0004 ή Εσωτερικής Αρχιτεκτονικής Διακόσμησης και Σχεδιασμού Αντικειμένων ΑΤΕΙ/ΑΕΙ, ελλείψει αυτών, ειδικότητας Εσωτερικής Αρχιτεκτονικής ΑΕΙ, ελλείψει αυτών, από νέο ενιαίο κλάδο εκπαιδευτικών ΠΕ 81 Πολιτικών Μηχανικών – Αρχιτεκτόνων μόνο ειδικότητας Αρχιτεκτόνων Μηχανικών ΑΕΙ. | F4: 2 | G4: ARCH101 | H4: 5 | K4: ΕΣΩΤΕΡΙΚΗ ΑΡΧΙΤΕΚΤΟΝΙΚΗ ΚΑΙ ΔΙΑΚΟΣΜΗΣΗ | L4: 2ο | M4: ΠΑΡΑΓΩΓΑ ΥΛΙΚΑ | O4: Πτυχίο Ανώτατης Εκπαίδευσης ΤΕΙ/ΑΕΙ (Επίπεδο 6), νέου ενιαίου κλάδου εκπαιδευτικών ΠΕ89 Εφαρμοσμένων Τεχνών, από ειδικότητες ΠΕ89.01 Καλλιτεχνικών Σπουδών, κατά προτεραιότητα ειδικότητας Διακοσμητικής ΑΤΕΙ/ΑΕΙ, ΠΕ 89.27 ή ΠΕ0004 ή Εσωτερικής Αρχιτεκτονικής Διακόσμησης και Σχεδιασμού Αντικειμένων ΑΤΕΙ/ΑΕΙ, ελλείψει αυτών, ειδικότητας Εσωτερικής Αρχιτεκτονικής ΑΕΙ, ελλείψει αυτών, από νέο ενιαίο κλάδο εκπαιδευτικών ΠΕ 81 Πολιτικών Μηχανικών – Αρχιτεκτόνων μόνο ειδικότητας Αρχιτεκτόνων Μηχανικών ΑΕΙ. | P4: 2 | Q4: ARCH114
A5: ΕΣΩΤΕΡΙΚΗ ΑΡΧΙΤΕΚΤΟΝΙΚΗ ΚΑΙ ΔΙΑΚΟΣΜΗΣΗ | B5: 1ο | C5: ΠΑΛΑΙΟΤΕΡΟΙ ΠΟΛΙΤΙΣΜΟΙ ΚΑΙ ΤΕΧΝΗ | D5: ΧΑΤΖΗΝΤΕΒΕ | E5: Πτυχίο Ανώτατης Εκπαίδευσης ΤΕΙ/ΑΕΙ (Επίπεδο 6), νέου ενιαίου κλάδου εκπαιδευτικών ΠΕ89 Εφαρμοσμένων Τεχνών, από ειδικότητες ΠΕ89.01 Καλλιτεχνικών Σπουδών, κατά προτεραιότητα ειδικότητας Διακοσμητικής ΑΤΕΙ/ΑΕΙ, ΠΕ 89.27 ή ΠΕ0004 ή Εσωτερικής Αρχιτεκτονικής Διακόσμησης και Σχεδιασμού Αντικειμένων ΑΤΕΙ/ΑΕΙ, ελλείψει αυτών, ειδικότητας Εσωτερικής Αρχιτεκτονικής ΑΕΙ, ελλείψει αυτών, από το νέο ενιαίο κλάδο εκπαιδευτικών ΠΕ 81 Πολιτικών Μηχανικών – Αρχιτεκτόνων μόνο ειδικότητας Αρχιτεκτόνων Μηχανικών ΑΕΙ, ελλείψει αυτών, από το νέο ενιαίο κλάδο εκπαιδευτικών ΠΕ08 ΑΕΙ. | F5: 2 | G5: ARCH102 | H5: 5 | K5: ΕΣΩΤΕΡΙΚΗ ΑΡΧΙΤΕΚΤΟΝΙΚΗ ΚΑΙ ΔΙΑΚΟΣΜΗΣΗ | L5: 2ο | M5: ΑΝΑΓΕΝΝΗΣΗ ΚΑΙ ΝΕΟΤΕΡΗ ΤΕΧΝΗ | O5: Πτυχίο Ανώτατης Εκπαίδευσης ΤΕΙ/ΑΕΙ (Επίπεδο 6), νέου ενιαίου κλάδου εκπαιδευτικών ΠΕ89 Εφαρμοσμένων Τεχνών, από ειδικότητες ΠΕ89.01 Καλλιτεχνικών Σπουδών, κατά προτεραιότητα ειδικότητας Διακοσμητικής ΑΤΕΙ/ΑΕΙ, ΠΕ 89.27 ή ΠΕ0004 ή Εσωτερικής Αρχιτεκτονικής Διακόσμησης και Σχεδιασμού Αντικειμένων ΑΤΕΙ/ΑΕΙ, ελλείψει αυτών, ειδικότητας Εσωτερικής Αρχιτεκτονικής ΑΕΙ, ελλείψει αυτών, από το νέο ενιαίο κλάδο εκπαιδευτικών ΠΕ 81 Πολιτικών Μηχανικών – Αρχιτεκτόνων μόνο ειδικότητας Αρχιτεκτόνων Μηχανικών ΑΕΙ, ελλείψει αυτών, από το νέο ενιαίο κλάδο εκπαιδευτικών ΠΕ08 ΑΕΙ. | P5: 2 | Q5: ARCH115
A6: ΕΣΩΤΕΡΙΚΗ ΑΡΧΙΤΕΚΤΟΝΙΚΗ ΚΑΙ ΔΙΑΚΟΣΜΗΣΗ | B6: 1ο | C6: ΓΡΑΜΜΙΚΟ ΣΧΕΔΙΟ | D6: ΛΥΡΑΤΖΑΚΗ | E6: Πτυχίο Ανώτατης Εκπαίδευσης ΤΕΙ/ΑΕΙ (Επίπεδο 6), νέου ενιαίου κλάδου εκπαιδευτικών ΠΕ89 Εφαρμοσμένων Τεχνών, από ειδικότητες ΠΕ89.01 Καλλιτεχνικών Σπουδών, κατά προτεραιότητα ειδικότητας Διακοσμητικής ΑΤΕΙ/ΑΕΙ, ΠΕ 89.27 ή ΠΕ0004 ή Εσωτερικής Αρχιτεκτονικής Διακόσμησης και Σχεδιασμού Αντικειμένων ΑΤΕΙ/ΑΕΙ, ελλείψει αυτών, ειδικότητας Εσωτερικής Αρχιτεκτονικής ΑΕΙ, ελλείψει αυτών, από το νέο ενιαίο κλάδο εκπαιδευτικών ΠΕ08 (εκτός της ειδικότητας πτυχίου Τμήματος Θεωρίας και Ιστορίας της Τέχνης της ΑΣΚΤ ΑΕΙ). | F6: 4 | G6: ARCH103 | H6: 9 | K6: ΕΣΩΤΕΡΙΚΗ ΑΡΧΙΤΕΚΤΟΝΙΚΗ ΚΑΙ ΔΙΑΚΟΣΜΗΣΗ | L6: 2ο | M6: ΜΕΘΟΔΟΛΟΓΙΑ ΜΕΛΕΤΗΣ ΔΙΑΚΟΣΜΗΣΗΣ | O6: Πτυχίο Ανώτατης Εκπαίδευσης ΤΕΙ/ΑΕΙ (Επίπεδο 6), νέου ενιαίου κλάδου εκπαιδευτικών ΠΕ89 Εφαρμοσμένων Τεχνών, από ειδικότητες ΠΕ89.01 Καλλιτεχνικών Σπουδών, κατά προτεραιότητα ειδικότητας Διακοσμητικής ΑΤΕΙ/ΑΕΙ, ΠΕ 89.27 ή ΠΕ0004 ή Εσωτερικής Αρχιτεκτονικής Διακόσμησης και Σχεδιασμού Αντικειμένων ΑΤΕΙ/ΑΕΙ, ελλείψει αυτών, ειδικότητας Εσωτερικής Αρχιτεκτονικής ΑΕΙ. | P6: 2 | Q6: ARCH116
A7: ΕΣΩΤΕΡΙΚΗ ΑΡΧΙΤΕΚΤΟΝΙΚΗ ΚΑΙ ΔΙΑΚΟΣΜΗΣΗ | B7: 1ο | C7: ΕΛΕΥΘΕΡΟ ΚΑΙ ΒΑΣΙΚΟ ΣΧΕΔΙΟ | D7: ΧΑΤΖΗΝΤΕΒΕ | E7: Πτυχίο Ανώτατης Εκπαίδευσης ΤΕΙ/ΑΕΙ (Επίπεδο 6), νέου ενιαίου κλάδου εκπαιδευτικών ΠΕ89 Εφαρμοσμένων Τεχνών, από ειδικότητες ΠΕ89.01 Καλλιτεχνικών Σπουδών, κατά προτεραιότητα ειδικότητας Διακοσμητικής ΑΤΕΙ/ΑΕΙ, ΠΕ 89.27 ή ΠΕ0004 ή Εσωτερικής Αρχιτεκτονικής Διακόσμησης και Σχεδιασμού Αντικειμένων ΑΤΕΙ/ΑΕΙ, ελλείψει αυτών, ειδικότητας Εσωτερικής Αρχιτεκτονικής ΑΕΙ, ελλείψει αυτών, από το νέο ενιαίο κλάδο εκπαιδευτικών ΠΕ08 (εκτός της ειδικότητας πτυχίου Τμήματος Θεωρίας και Ιστορίας της Τέχνης της ΑΣΚΤ ΑΕΙ). | F7: 4 | G7: ARCH104 | H7: 9 | K7: ΕΣΩΤΕΡΙΚΗ ΑΡΧΙΤΕΚΤΟΝΙΚΗ ΚΑΙ ΔΙΑΚΟΣΜΗΣΗ | L7: 2ο | M7: ΤΡΙΣΔΙΑΣΤΑΤΗ ΔΙΑΚΟΣΜΗΤΙΚΗ ΑΠΕΙΚΟΝΙΣΗ | O7: Πτυχίο Ανώτατης Εκπαίδευσης ΤΕΙ/ΑΕΙ (Επίπεδο 6), νέου ενιαίου κλάδου εκπαιδευτικών ΠΕ89 Εφαρμοσμένων Τεχνών, από ειδικότητες ΠΕ89.01 Καλλιτεχνικών Σπουδών, κατά προτεραιότητα ειδικότητας Διακοσμητικής ΑΤΕΙ/ΑΕΙ, ΠΕ 89.27 ή ΠΕ0004 ή Εσωτερικής Αρχιτεκτονικής Διακόσμησης και Σχεδιασμού Αντικειμένων ΑΤΕΙ/ΑΕΙ, ελλείψει αυτών, ειδικότητας Εσωτερικής Αρχιτεκτονικής ΑΕΙ, ελλείψει αυτών, από το νέο ενιαίο κλάδο εκπαιδευτικών ΠΕ 81 Πολιτικών Μηχανικών – Αρχιτεκτόνων μόνο ειδικότητας Αρχιτεκτόνων Μηχανικών ΑΕΙ. | P7: 3 | Q7: ARCH117
A8: ΕΣΩΤΕΡΙΚΗ ΑΡΧΙΤΕΚΤΟΝΙΚΗ ΚΑΙ ΔΙΑΚΟΣΜΗΣΗ | B8: 1ο | C8: ΧΡΩΜΑ ΚΑΙ ΔΙΑΚΟΣΜΗΤΙΚΕΣ ΕΦΑΡΜΟΓΕΣ | D8: ΧΑΤΖΗΝΤΕΒΕ | E8: Πτυχίο Ανώτατης Εκπαίδευσης ΤΕΙ/ΑΕΙ (Επίπεδο 6), νέου ενιαίου κλάδου εκπαιδευτικών ΠΕ89 Εφαρμοσμένων Τεχνών, από ειδικότητες ΠΕ89.01 Καλλιτεχνικών Σπουδών, κατά προτεραιότητα ειδικότητας Διακοσμητικής ΑΤΕΙ/ΑΕΙ, ΠΕ 89.27 ή ΠΕ0004 ή Εσωτερικής Αρχιτεκτονικής Διακόσμησης και Σχεδιασμού Αντικειμένων ΑΤΕΙ/ΑΕΙ, ελλείψει αυτών, ειδικότητας Εσωτερικής Αρχιτεκτονικής ΑΕΙ. | F8: 4 | G8: ARCH105 | H8: 9 | K8: ΕΣΩΤΕΡΙΚΗ ΑΡΧΙΤΕΚΤΟΝΙΚΗ ΚΑΙ ΔΙΑΚΟΣΜΗΣΗ | L8: 2ο | M8: ΔΙΣΔΙΑΣΤΑΤΗ ΨΗΦΙΑΚΗ ΣΧΕΔΙΑΣΗ | O8: Πτυχίο Ανώτατης Εκπαίδευσης ΤΕΙ/ΑΕΙ (Επίπεδο 6), νέου ενιαίου κλάδου εκπαιδευτικών ΠΕ89 Εφαρμοσμένων Τεχνών, από ειδικότητες ΠΕ89.01 Καλλιτεχνικών Σπουδών, κατά προτεραιότητα ειδικότητας Διακοσμητικής ΑΤΕΙ/ΑΕΙ, ΠΕ 89.27 ή ΠΕ0004 ή Εσωτερικής Αρχιτεκτονικής Διακόσμησης και Σχεδιασμού Αντικειμένων ΑΤΕΙ/ΑΕΙ, ελλείψει αυτών, ειδικότητας Εσωτερικής Αρχιτεκτονικής ΑΕΙ, ελλείψει αυτών, από το νέο ενιαίο κλάδο εκπαιδευτικών ΠΕ 81 Πολιτικών Μηχανικών – Αρχιτεκτόνων μόνο ειδικότητας Αρχιτεκτόνων Μηχανικών ΑΕΙ. | P8: 4 | Q8: ARCH124
A9: ΕΣΩΤΕΡΙΚΗ ΑΡΧΙΤΕΚΤΟΝΙΚΗ ΚΑΙ ΔΙΑΚΟΣΜΗΣΗ | B9: 1ο | C9: ΠΡΑΚΤΙΚΗ ΕΦΑΡΜΟΓΗ σε χώρο βιτρίνας | D9: ΜΠΙΤΖΟΥ | E9: Πτυχίο Ανώτατης Εκπαίδευσης ΤΕΙ/ΑΕΙ (Επίπεδο 6), νέου ενιαίου κλάδου εκπαιδευτικών ΠΕ89 Εφαρμοσμένων Τεχνών, από ειδικότητες ΠΕ89.01 Καλλιτεχνικών Σπουδών, κατά προτεραιότητα ειδικότητας Διακοσμητικής ΑΤΕΙ/ΑΕΙ, ΠΕ 89.27 ή ΠΕ0004 ή Εσωτερικής Αρχιτεκτονικής Διακόσμησης και Σχεδιασμού Αντικειμένων ΑΤΕΙ/ΑΕΙ, ελλείψει αυτών, ειδικότητας Εσωτερικής Αρχιτεκτονικής ΑΕΙ. | F9: 4 | G9: ARCH106 | H9: 9 | K9: ΕΣΩΤΕΡΙΚΗ ΑΡΧΙΤΕΚΤΟΝΙΚΗ ΚΑΙ ΔΙΑΚΟΣΜΗΣΗ | L9: 2ο | M9: ΔΟΜΙΚΑ ΣΤΟΙΧΕΙΑ ΕΣΩΤΕΡΙΚΩΝ ΧΩΡΩΝ | O9: Πτυχίο Ανώτατης Εκπαίδευσης ΤΕΙ/ΑΕΙ (Επίπεδο 6), νέου ενιαίου κλάδου εκπαιδευτικών ΠΕ89 Εφαρμοσμένων Τεχνών, από ειδικότητες ΠΕ89.01 Καλλιτεχνικών Σπουδών, κατά προτεραιότητα ειδικότητας Διακοσμητικής ΑΤΕΙ/ΑΕΙ, ΠΕ 89.27 ή ΠΕ0004 ή Εσωτερικής Αρχιτεκτονικής Διακόσμησης και Σχεδιασμού Αντικειμένων ΑΤΕΙ/ΑΕΙ, ελλείψει αυτών, ειδικότητας Εσωτερικής Αρχιτεκτονικής ΑΕΙ, ελλείψει αυτών, από το νέο ενιαίο κλάδο εκπαιδευτικών ΠΕ 81 Πολιτικών Μηχανικών – Αρχιτεκτόνων μόνο ειδικότητας Αρχιτεκτόνων Μηχανικών ΑΕΙ. | P9: 3 | Q9: ARCH118
A10: ΕΣΩΤΕΡΙΚΗ ΑΡΧΙΤΕΚΤΟΝΙΚΗ ΚΑΙ ΔΙΑΚΟΣΜΗΣΗ | B10: 3ο | C10: ΤΕΧΝΗΤΑ ΥΛΙΚΑ | D10: ΤΖΑΝΑΚΗ | E10: Πτυχίο Ανώτατης Εκπαίδευσης ΤΕΙ/ΑΕΙ (Επίπεδο 6), νέου ενιαίου κλάδου εκπαιδευτικών ΠΕ89 Εφαρμοσμένων Τεχνών, από ειδικότητες ΠΕ89.01 Καλλιτεχνικών Σπουδών, κατά προτεραιότητα ειδικότητας Διακοσμητικής ΑΤΕΙ/ΑΕΙ, ΠΕ 89.27 ή ΠΕ0004 ή Εσωτερικής Αρχιτεκτονικής Διακόσμησης και Σχεδιασμού Αντικειμένων ΑΤΕΙ/ΑΕΙ, ελλείψει αυτών, ειδικότητας Εσωτερικής Αρχιτεκτονικής ΑΕΙ, ελλείψει αυτών, από νέο ενιαίο κλάδο εκπαιδευτικών ΠΕ 81 Πολιτικών Μηχανικών – Αρχιτεκτόνων μόνο ειδικότητας Αρχιτεκτόνων Μηχανικών ΑΕΙ. | F10: 2 | G10: ARCH107 | H10: 5 | K10: ΕΣΩΤΕΡΙΚΗ ΑΡΧΙΤΕΚΤΟΝΙΚΗ ΚΑΙ ΔΙΑΚΟΣΜΗΣΗ | L10: 2ο | M10: ΠΡΑΚΤΙΚΗ ΕΦΑΡΜΟΓΗ ΣΕ ΧΩΡΟΥΣ ΚΑΤΟΙΚΙΑΣ | O10: Πτυχίο Ανώτατης Εκπαίδευσης ΤΕΙ/ΑΕΙ (Επίπεδο 6), νέου ενιαίου κλάδου εκπαιδευτικών ΠΕ89 Εφαρμοσμένων Τεχνών, από ειδικότητες ΠΕ89.01 Καλλιτεχνικών Σπουδών, κατά προτεραιότητα ειδικότητας Διακοσμητικής ΑΤΕΙ/ΑΕΙ, ΠΕ 89.27 ή ΠΕ0004 ή Εσωτερικής Αρχιτεκτονικής Διακόσμησης και Σχεδιασμού Αντικειμένων ΑΤΕΙ/ΑΕΙ, ελλείψει αυτών, ειδικότητας Εσωτερικής Αρχιτεκτονικής ΑΕΙ. | P10: 4 | Q10: ARCH119
A11: ΕΣΩΤΕΡΙΚΗ ΑΡΧΙΤΕΚΤΟΝΙΚΗ ΚΑΙ ΔΙΑΚΟΣΜΗΣΗ | B11: 3ο | C11: ΣΥΓΧΡΟΝΗ ΚΑΙ ΕΛΛΗΝΙΚΗ ΤΕΧΝΗ | D11: ΜΠΙΤΖΟΥ | E11: Επίπεδο σπουδών εκπαιδευτή/τριας κατά το Εθνικό Πλαίσιο Προσόντων: Πτυχίο Ανώτατης Εκπαίδευσης ΤΕΙ/ΑΕΙ (Επίπεδο 6), νέου ενιαίου κλάδου εκπαιδευτικών ΠΕ89 Εφαρμοσμένων Τεχνών, από ειδικότητες ΠΕ89.01 Καλλιτεχνικών Σπουδών, κατά προτεραιότητα ειδικότητας Διακοσμητικής ΑΤΕΙ/ΑΕΙ, ΠΕ 89.27 ή ΠΕ0004 ή Εσωτερικής Αρχιτεκτονικής Διακόσμησης και Σχεδιασμού Αντικειμένων ΑΤΕΙ/ΑΕΙ, ελλείψει αυτών, ειδικότητας Εσωτερικής Αρχιτεκτονικής ΑΕΙ, ελλείψει αυτών, από το νέο ενιαίο κλάδο εκπαιδευτικών ΠΕ 81 Πολιτικών Μηχανικών – Αρχιτεκτόνων μόνο ειδικότητας Αρχιτεκτόνων Μηχανικών ΑΕΙ, ελλείψει αυτών, από το νέο ενιαίο κλάδο εκπαιδευτικών ΠΕ08 ΑΕΙ. | F11: 2 | G11: ARCH108 | H11: 5 | K11: ΕΣΩΤΕΡΙΚΗ ΑΡΧΙΤΕΚΤΟΝΙΚΗ ΚΑΙ ΔΙΑΚΟΣΜΗΣΗ | L11: 4ο | M11: ΟΡΓΑΝΩΣΗ ΕΡΓΟΥ | O11: Πτυχίο Ανώτατης Εκπαίδευσης ΤΕΙ/ΑΕΙ (Επίπεδο 6), νέου ενιαίου κλάδου εκπαιδευτικών ΠΕ89 Εφαρμοσμένων Τεχνών, από ειδικότητες ΠΕ89.01 Καλλιτεχνικών Σπουδών, κατά προτεραιότητα ειδικότητας Διακοσμητικής ΑΤΕΙ/ΑΕΙ, ΠΕ 89.27 ή ΠΕ0004 ή Εσωτερικής Αρχιτεκτονικής Διακόσμησης και Σχεδιασμού Αντικειμένων ΑΤΕΙ/ΑΕΙ, ελλείψει αυτών, ειδικότητας Εσωτερικής Αρχιτεκτονικής ΑΕΙ, ελλείψει αυτών, από το νέο ενιαίο κλάδο εκπαιδευτικών ΠΕ 81 Πολιτικών Μηχανικών – Αρχιτεκτόνων μόνο ειδικότητας Αρχιτεκτόνων Μηχανικών ΑΕΙ. | P11: 2 | Q11: ARCH120
A12: ΕΣΩΤΕΡΙΚΗ ΑΡΧΙΤΕΚΤΟΝΙΚΗ ΚΑΙ ΔΙΑΚΟΣΜΗΣΗ | B12: 3ο | C12: ΤΡΙΣΔΙΑΣΤΑΤΗ ΨΗΦΙΑΚΗ ΣΧΕΔΙΑΣΗ | D12: ΜΠΙΤΖΟΥ | E12: Πτυχίο Ανώτατης Εκπαίδευσης ΤΕΙ/ΑΕΙ (Επίπεδο 6), νέου ενιαίου κλάδου εκπαιδευτικών ΠΕ89 Εφαρμοσμένων Τεχνών, από ειδικότητες ΠΕ89.01 Καλλιτεχνικών Σπουδών, κατά προτεραιότητα ειδικότητας Διακοσμητικής ΑΤΕΙ/ΑΕΙ, ΠΕ 89.27 ή ΠΕ0004 ή Εσωτερικής Αρχιτεκτονικής Διακόσμησης και Σχεδιασμού Αντικειμένων ΑΤΕΙ/ΑΕΙ, ελλείψει αυτών, ειδικότητας Εσωτερικής Αρχιτεκτονικής ΑΕΙ, ελλείψει αυτών, από το νέο ενιαίο κλάδο εκπαιδευτικών ΠΕ 81 Πολιτικών Μηχανικών – Αρχιτεκτόνων μόνο ειδικότητας Αρχιτεκτόνων Μηχανικών ΑΕΙ. | F12: 4 | G12: ARCH109 | H12: 9 | K12: ΕΣΩΤΕΡΙΚΗ ΑΡΧΙΤΕΚΤΟΝΙΚΗ ΚΑΙ ΔΙΑΚΟΣΜΗΣΗ | L12: 4ο | M12: ΔΙΑΚΟΣΜΗΤΙΚΕΣ ΜΕΤΑΒΛΗΤΕΣ ΕΦΑΡΜΟΓΕΣ | O12: Πτυχίο Ανώτατης Εκπαίδευσης ΤΕΙ/ΑΕΙ (Επίπεδο 6), νέου ενιαίου κλάδου εκπαιδευτικών ΠΕ89 Εφαρμοσμένων Τεχνών, από ειδικότητες ΠΕ89.01 Καλλιτεχνικών Σπουδών, κατά προτεραιότητα ειδικότητας Διακοσμητικής ΑΤΕΙ/ΑΕΙ, ΠΕ 89.27 ή ΠΕ0004 ή Εσωτερικής Αρχιτεκτονικής Διακόσμησης και Σχεδιασμού Αντικειμένων ΑΤΕΙ/ΑΕΙ, ελλείψει αυτών, ειδικότητας Εσωτερικής Αρχιτεκτονικής ΑΕΙ. | P12: 5 | Q12: ARCH121
A13: ΕΣΩΤΕΡΙΚΗ ΑΡΧΙΤΕΚΤΟΝΙΚΗ ΚΑΙ ΔΙΑΚΟΣΜΗΣΗ | B13: 3ο | C13: ΚΑΤΑΣΚΕΥΑΣΤΙΚΟ ΣΧΕΔΙΟ ΕΣΩΤΕΡΙΚΩΝ ΧΩΡΩΝ | D13: ΤΖΑΝΑΚΗ | E13: Πτυχίο Ανώτατης Εκπαίδευσης ΤΕΙ/ΑΕΙ (Επίπεδο 6), νέου ενιαίου κλάδου εκπαιδευτικών ΠΕ89 Εφαρμοσμένων Τεχνών, από ειδικότητες ΠΕ89.01 Καλλιτεχνικών Σπουδών, κατά προτεραιότητα ειδικότητας Διακοσμητικής ΑΤΕΙ/ΑΕΙ, ΠΕ 89.27 ή ΠΕ0004 ή Εσωτερικής Αρχιτεκτονικής Διακόσμησης και Σχεδιασμού Αντικειμένων ΑΤΕΙ/ΑΕΙ, ελλείψει αυτών, ειδικότητας Εσωτερικής Αρχιτεκτονικής ΑΕΙ, ελλείψει αυτών, από νέο ενιαίο κλάδο εκπαιδευτικών ΠΕ 81 Πολιτικών Μηχανικών – Αρχιτεκτόνων μόνο ειδικότητας Αρχιτεκτόνων Μηχανικών ΑΕΙ. | F13: 3 | G13: ARCH110 | H13: 7 | K13: ΕΣΩΤΕΡΙΚΗ ΑΡΧΙΤΕΚΤΟΝΙΚΗ ΚΑΙ ΔΙΑΚΟΣΜΗΣΗ | L13: 4ο | M13: ΨΗΦΙΑΚΟΣ ΦΩΤΟΡΕΑΛΙΣΜΟΣ | O13: Πτυχίο Ανώτατης Εκπαίδευσης ΤΕΙ/ΑΕΙ (Επίπεδο 6), νέου ενιαίου κλάδου εκπαιδευτικών ΠΕ89 Εφαρμοσμένων Τεχνών, από ειδικότητες ΠΕ89.01 Καλλιτεχνικών Σπουδών, κατά προτεραιότητα ειδικότητας Διακοσμητικής ΑΤΕΙ/ΑΕΙ, ΠΕ 89.27 ή ΠΕ0004 ή Εσωτερικής Αρχιτεκτονικής Διακόσμησης και Σχεδιασμού Αντικειμένων ΑΤΕΙ/ΑΕΙ, ελλείψει αυτών, ειδικότητας Εσωτερικής Αρχιτεκτονικής ΑΕΙ. | P13: 4 | Q13: ARCH122
A14: ΕΣΩΤΕΡΙΚΗ ΑΡΧΙΤΕΚΤΟΝΙΚΗ ΚΑΙ ΔΙΑΚΟΣΜΗΣΗ | B14: 3ο | C14: ΔΙΑΚΟΣΜΗΤΙΚΕΣ ΕΦΑΡΜΟΓΕΣ ΧΡΗΣΤΙΚΩΝ ΑΝΤΙΚΕΙΜΕΝΩΝ | D14: ΣΚΟΡΔΟΥ | E14: Πτυχίο Ανώτατης Εκπαίδευσης ΤΕΙ/ΑΕΙ (Επίπεδο 6), νέου ενιαίου κλάδου εκπαιδευτικών ΠΕ89 Εφαρμοσμένων Τεχνών, από ειδικότητες ΠΕ89.01 Καλλιτεχνικών Σπουδών, κατά προτεραιότητα ειδικότητας Διακοσμητικής ΑΤΕΙ/ΑΕΙ, ΠΕ 89.27 ή ΠΕ0004 ή Εσωτερικής Αρχιτεκτονικής Διακόσμησης και Σχεδιασμού Αντικειμένων ΑΤΕΙ/ΑΕΙ, ελλείψει αυτών, ειδικότητας Εσωτερικής Αρχιτεκτονικής ΑΕΙ, ελλείψει αυτών, από ειδικότητες ΠΕ89.02 Σχεδιασμού και Παραγωγής Προϊόντων, μόνο ειδικότητος ΠΕ18.44 Σχεδιασμού και Τεχνολογίας Ξύλου και Επίπλου ΑΤΕΙ. | F14: 5 | G14: ARCH111 | H14: 11 | K14: ΕΣΩΤΕΡΙΚΗ ΑΡΧΙΤΕΚΤΟΝΙΚΗ ΚΑΙ ΔΙΑΚΟΣΜΗΣΗ | L14: 4ο | M14: ΔΙΑΚΟΣΜΗΤΙΚΟ ΣΧΕΔΙΟ - ΦΩΤΙΣΜΟΣ | O14: - | P14: 4 | Q14: ARCH125
A15: ΕΣΩΤΕΡΙΚΗ ΑΡΧΙΤΕΚΤΟΝΙΚΗ ΚΑΙ ΔΙΑΚΟΣΜΗΣΗ | B15: 3ο | C15: ΠΡΑΚΤΙΚΗ ΕΦΑΡΜΟΓΗ ΣΕ ΧΩΡΟΥΣ ΕΡΓΑΣΙΑΣ | D15: ΣΚΟΡΔΟΥ | E15: Πτυχίο Ανώτατης Εκπαίδευσης ΤΕΙ/ΑΕΙ (Επίπεδο 6), νέου ενιαίου κλάδου εκπαιδευτικών ΠΕ89 Εφαρμοσμένων Τεχνών, από ειδικότητες ΠΕ89.01 Καλλιτεχνικών Σπουδών, κατά προτεραιότητα ειδικότητας Διακοσμητικής ΑΤΕΙ/ΑΕΙ, ΠΕ 89.27 ή ΠΕ0004 ή Εσωτερικής Αρχιτεκτονικής Διακόσμησης και Σχεδιασμού Αντικειμένων ΑΤΕΙ/ΑΕΙ, ελλείψει αυτών, ειδικότητας Εσωτερικής Αρχιτεκτονικής ΑΕΙ | F15: 4 | G15: ARCH112 | H15: 9 | K15: ΕΣΩΤΕΡΙΚΗ ΑΡΧΙΤΕΚΤΟΝΙΚΗ ΚΑΙ ΔΙΑΚΟΣΜΗΣΗ | L15: 4ο | M15: ΠΡΑΚΤΙΚΗ ΕΦΑΡΜΟΓΗ ΣΕ ΧΩΡΟΥΣ ΦΙΛΟΞΕΝΙΑΣ | O15: Πτυχίο Ανώτατης Εκπαίδευσης ΤΕΙ/ΑΕΙ (Επίπεδο 6), νέου ενιαίου κλάδου εκπαιδευτικών ΠΕ89 Εφαρμοσμένων Τεχνών, από ειδικότητες ΠΕ89.01 Καλλιτεχνικών Σπουδών, κατά προτεραιότητα ειδικότητας Διακοσμητικής ΑΤΕΙ/ΑΕΙ, ΠΕ 89.27 ή ΠΕ0004 ή Εσωτερικής Αρχιτεκτονικής Διακόσμησης και Σχεδιασμού Αντικειμένων ΑΤΕΙ/ΑΕΙ, ελλείψει αυτών, ειδικότητας Εσωτερικής Αρχιτεκτονικής ΑΕΙ. | P15: 5 | Q15: ARCH123
A16: ΣΤΕΛΕΧΟΣ ΥΠΗΡΕΣΙΩΝ ΑΕΡΟΜΕΤΑΦΟΡΑΣ | B16: ΣΤΕΛΕΧΟΣ ΥΠΗΡΕΣΙΩΝ ΑΕΡΟΜΕΤΑΦΟΡΑΣ | C16: ΣΤΕΛΕΧΟΣ ΥΠΗΡΕΣΙΩΝ ΑΕΡΟΜΕΤΑΦΟΡΑΣ | D16: ΣΤΕΛΕΧΟΣ ΥΠΗΡΕΣΙΩΝ ΑΕΡΟΜΕΤΑΦΟΡΑΣ | E16: ΣΤΕΛΕΧΟΣ ΥΠΗΡΕΣΙΩΝ ΑΕΡΟΜΕΤΑΦΟΡΑΣ | K16: ΣΤΕΛΕΧΟΣ ΥΠΗΡΕΣΙΩΝ ΑΕΡΟΜΕΤΑΦΟΡΑΣ | L16: ΣΤΕΛΕΧΟΣ ΥΠΗΡΕΣΙΩΝ ΑΕΡΟΜΕΤΑΦΟΡΑΣ | M16: ΣΤΕΛΕΧΟΣ ΥΠΗΡΕΣΙΩΝ ΑΕΡΟΜΕΤΑΦΟΡΑΣ | N16: ΣΤΕΛΕΧΟΣ ΥΠΗΡΕΣΙΩΝ ΑΕΡΟΜΕΤΑΦΟΡΑΣ | O16: ΣΤΕΛΕΧΟΣ ΥΠΗΡΕΣΙΩΝ ΑΕΡΟΜΕΤΑΦΟΡΑΣ | P16: ΣΤΕΛΕΧΟΣ ΥΠΗΡΕΣΙΩΝ ΑΕΡΟΜΕΤΑΦΟΡΑΣ
A17: ΣΤΕΛΕΧΟΣ ΥΠΗΡΕΣΙΩΝ ΑΕΡΟΜΕΤΑΦΟΡΑΣ | B17: 1ο | C17: BUSINESS ENGLISH AND TOURISM TERMINOLOGY Α + Β ΕΞΑΜΗΝΟ | D17: ΜΠΟΥΧΑΛΑΚΗΣ ΜΑΝΩΛΗΣ | E17: Πτυχιούχοι Ανώτατης Εκπαίδευσης ΑΕΙ/ΤΕΙ αγγλικής γλώσσας και φιλολογίας, του κλάδου εκπαιδευτικών ΠΕ Αγγλικής Γλώσσας ή εκπαιδευτικής επάρκειας. | F17: 2 | G17: AERO101 | K17: ΣΤΕΛΕΧΟΣ ΥΠΗΡΕΣΙΩΝ ΑΕΡΟΜΕΤΑΦΟΡΑΣ | L17: 2ο | M17: BUSINESS ENGLISH AND TOURISM TERMINOLOGY Α + Β ΕΞΑΜΗΝΟ | O17: Πτυχιούχοι Ανώτατης Εκπαίδευσης ΑΕΙ/ΤΕΙ αγγλικής γλώσσας και φιλολογίας, του κλάδου εκπαιδευτικών ΠΕ Αγγλικής Γλώσσας. | P17: 2 | Q17: AERO101
A18: ΣΤΕΛΕΧΟΣ ΥΠΗΡΕΣΙΩΝ ΑΕΡΟΜΕΤΑΦΟΡΑΣ | B18: 1ο | C18: ΓΑΛΛΙΚΑ Α + Β ΕΞΑΜΗΝΟ | D18: ΣΑΒΑ ΜΙΚΑΕΛΑ | E18: Πτυχιούχοι Ανώτατης Εκπαίδευσης ΑΕΙ/ΤΕΙ γαλλικής γλώσσας και φιλολογίας, του κλάδου εκπαιδευτικών ΠΕ Γαλλικής Γλώσσας. | F18: 2 | G18: AERO102 | K18: ΣΤΕΛΕΧΟΣ ΥΠΗΡΕΣΙΩΝ ΑΕΡΟΜΕΤΑΦΟΡΑΣ | L18: 2ο | M18: ΓΑΛΛΙΚΑ Α + Β ΕΞΑΜΗΝΟ | O18: Πτυχιούχοι Ανώτατης Εκπαίδευσης ΑΕΙ/ΤΕΙ γαλλικής γλώσσας και φιλολογίας, του κλάδου εκπαιδευτικών ΠΕ Γαλλικής Γλώσσας. | P18: 2 | Q18: AERO102
A19: ΣΤΕΛΕΧΟΣ ΥΠΗΡΕΣΙΩΝ ΑΕΡΟΜΕΤΑΦΟΡΑΣ | B19: 1ο | C19: ΤΟΥΡΙΣΜΟΣ ΚΑΙ ΑΕΡΟΠΟΡΙΚΗ ΒΙΟΜΗΧΑΝΙΑ ΜΕΤΑΦΟΡΩΝ Α + Β ΕΞΑΜΗΝΟ | D19: ΜΑΡΚΑΚΗ ΤΡΥΠΑΚΗ ΠΕΛΑΓΙΑ | E19: Κατά προτεραιότητα, πτυχιούχοι Ανώτατης Εκπαίδευσης ΑΕΙ/ΤΕΙ κατεύθυνσης διοίκησης τουρισμού ή και τουριστικών επιχειρήσεων του ενοποιημένου κλάδου εκπαιδευτικών ΠΕ Οικονομίας. Ελλείψει των προηγουμένων, πτυχιούχοι τουριστικής κατεύθυνσης είτε Ανωτέρων Σχολών, είτε Ινστιτούτων Επαγγελματικής Κατάρτισης (με πιστοποίηση αρχικής επαγγελματικής κατάρτισης αποφοίτων ΙΕΚ), είτε Επαγγελματικής Ειδικότητας (απόφοιτοι τάξης μαθητείας ΕΠΑΛ) με πενταετή επαγγελματική προϋπηρεσία σε ανάλογο αντικείμενο. | F19: 2 | G19: AERO103 | K19: ΣΤΕΛΕΧΟΣ ΥΠΗΡΕΣΙΩΝ ΑΕΡΟΜΕΤΑΦΟΡΑΣ | L19: 2ο | M19: ΤΟΥΡΙΣΜΟΣ ΚΑΙ ΑΕΡΟΠΟΡΙΚΗ ΒΙΟΜΗΧΑΝΙΑ ΜΕΤΑΦΟΡΩΝ Α + Β ΕΞΑΜΗΝΟ | O19: Κατά προτεραιότητα, πτυχιούχοι Ανώτατης Εκπαίδευσης ΑΕΙ/ΤΕΙ κατεύθυνσης διοίκησης τουρισμού ή και τουριστικών επιχειρήσεων του ενοποιημένου κλάδου εκπαιδευτικών ΠΕ Οικονομίας. Ελλείψει των προηγουμένων, πτυχιούχοι τουριστικής κατεύθυνσης είτε Ανωτέρων Σχολών, είτε Ινστιτούτων Επαγγελματικής Κατάρτισης (με πιστοποίηση αρχικής επαγγελματικής κατάρτισης αποφοίτων ΙΕΚ), είτε Επαγγελματικής Ειδικότητας (απόφοιτοι τάξης μαθητείας ΕΠΑΛ) με πενταετή επαγγελματική προϋπηρεσία σε ανάλογο αντικείμενο | P19: 2 | Q19: AERO103
A20: ΣΤΕΛΕΧΟΣ ΥΠΗΡΕΣΙΩΝ ΑΕΡΟΜΕΤΑΦΟΡΑΣ | B20: 1ο | C20: ΤΑΞΙΔΙΩΤΙΚΗ ΓΕΩΓΡΑΦΙΑ ΚΑΙ ΤΑΞΙΔΙΩΤΙΚΟΙ ΟΔΗΓΟΙ Α + Β ΕΞΑΜΗΝΟ | D20: ΜΑΡΚΑΚΗ ΤΡΥΠΑΚΗ ΠΕΛΑΓΙΑ | E20: Κατά προτεραιότητα, πτυχιούχοι Ανώτατης Εκπαίδευσης ΑΕΙ/ΤΕΙ κατεύθυνσης διοίκησης τουρισμού ή και τουριστικών επιχειρήσεων του ενοποιημένου κλάδου εκπαιδευτικών ΠΕ Οικονομίας. Ελλείψει των προηγουμένων, πτυχιούχοι τουριστικής κατεύθυνσης, είτε Ανωτέρων Σχολών, είτε Ινστιτούτων Επαγγελματικής Κατάρτισης (με πιστοποίηση αρχικής επαγγελματικής κατάρτισης αποφοίτων ΙΕΚ), είτε Επαγγελματικής Ειδικότητας (απόφοιτοι τάξης μαθητείας ΕΠΑΛ) με πενταετή επαγγελματική προϋπηρεσία σε ανάλογο αντικείμενο. | F20: 2 | G20: AERO104 | K20: ΣΤΕΛΕΧΟΣ ΥΠΗΡΕΣΙΩΝ ΑΕΡΟΜΕΤΑΦΟΡΑΣ | L20: 2ο | M20: ΤΑΞΙΔΙΩΤΙΚΗ ΓΕΩΓΡΑΦΙΑ ΚΑΙ ΤΑΞΙΔΙΩΤΙΚΟΙ ΟΔΗΓΟΙ Α + Β ΕΞΑΜΗΝΟ | O20: Κατά προτεραιότητα, πτυχιούχοι Ανώτατης Εκπαίδευσης ΑΕΙ/ΤΕΙ κατεύθυνσης διοίκησης τουρισμού ή και τουριστικών επιχειρήσεων του ενοποιημένου κλάδου εκπαιδευτικών ΠΕ Οικονομίας. Ελλείψει των προηγουμένων, πτυχιούχοι τουριστικής κατεύθυνσης είτε Ανωτέρων Σχολών, είτε Ινστιτούτων Επαγγελματικής Κατάρτισης (με πιστοποίηση αρχικής επαγγελματικής κατάρτισης αποφοίτων ΙΕΚ), είτε Επαγγελματικής Ειδικότητας (απόφοιτοι τάξης μαθητείας ΕΠΑΛ) με πενταετή επαγγελματική προϋπηρεσία σε ανάλογο αντικείμενο. | P20: 2 | Q20: AERO104
A21: ΣΤΕΛΕΧΟΣ ΥΠΗΡΕΣΙΩΝ ΑΕΡΟΜΕΤΑΦΟΡΑΣ | B21: 1ο | C21: ΟΡΓΑΝΩΣΗ ΚΑΙ ΛΕΙΤΟΥΡΓΙΑ ΤΟΥΡΙΣΤΙΚΟΥ ΓΡΑΦΕΙΟΥ ΚΑΙ ΑΕΡΟΠΟΡΙΚΗΣ ΕΤΑΙΡΕΙΑΣ Α + Β ΕΞΑΜΗΝΟ | D21: ΜΑΡΚΑΚΗ ΤΡΥΠΑΚΗ ΠΕΛΑΓΙΑ | E21: Κατά προτεραιότητα, πτυχιούχοι Ανώτατης Εκπαίδευσης ΑΕΙ/ΤΕΙ κατεύθυνσης διοίκησης τουρισμού ή και τουριστικών επιχειρήσεων του ενοποιημένου κλάδου εκπαιδευτικών ΠΕ Οικονομίας. Ελλείψει των προηγουμένων, πτυχιούχοι τουριστικής κατεύθυνσης, είτε Ανωτέρων Σχολών, είτε Ινστιτούτων Επαγγελματικής Κατάρτισης (με πιστοποίηση αρχικής επαγγελματικής κατάρτισης αποφοίτων ΙΕΚ), είτε Επαγγελματικής Ειδικότητας (απόφοιτοι τάξης μαθητείας ΕΠΑΛ) με πενταετή επαγγελματική προϋπηρεσία σε ανάλογο αντικείμενο. | F21: 2 | G21: AERO105 | K21: ΣΤΕΛΕΧΟΣ ΥΠΗΡΕΣΙΩΝ ΑΕΡΟΜΕΤΑΦΟΡΑΣ | L21: 2ο | M21: ΟΡΓΑΝΩΣΗ ΚΑΙ ΛΕΙΤΟΥΡΓΙΑ ΤΟΥΡΙΣΤΙΚΟΥ ΓΡΑΦΕΙΟΥ ΚΑΙ ΑΕΡΟΠΟΡΙΚΗΣ ΕΤΑΙΡΕΙΑΣ Α + Β ΕΞΑΜΗΝΟ | O21: Κατά προτεραιότητα, πτυχιούχοι Ανώτατης Εκπαίδευσης ΑΕΙ/ΤΕΙ κατεύθυνσης διοίκησης τουρισμού ή και τουριστικών επιχειρήσεων του ενοποιημένου κλάδου εκπαιδευτικών ΠΕ Οικονομίας. Ελλείψει των προηγουμένων, πτυχιούχοι τουριστικής κατεύθυνσης (Επιπέδου 5), είτε Ανωτέρων Σχολών, είτε Ινστιτούτων Επαγγελματικής Κατάρτισης (με πιστοποίηση αρχικής επαγγελματικής κατάρτισης αποφοίτων ΙΕΚ), είτε Επαγγελματικής Ειδικότητας (απόφοιτοι τάξης μαθητείας ΕΠΑΛ) με πενταετή επαγγελματική προϋπηρεσία σε ανάλογο αντικείμενο. | P21: 2 | Q21: AERO105
A22: ΣΤΕΛΕΧΟΣ ΥΠΗΡΕΣΙΩΝ ΑΕΡΟΜΕΤΑΦΟΡΑΣ | B22: 1ο | C22: ΤΟΥΡΙΣΤΙΚΟ ΚΑΙ ΑΕΡΟΠΟΡΙΚΟ ΜΑΡΚΕΤΙΝΓΚ Α + Β ΕΞΑΜΗΝΟ | D22: ΜΑΡΚΑΚΗ ΤΡΥΠΑΚΗ ΠΕΛΑΓΙΑ | E22: Κατά προτεραιότητα, πτυχιούχοι Ανώτατης Εκπαίδευσης ΑΕΙ/ΤΕΙ κατεύθυνσης διοίκησης τουρισμού ή και τουριστικών επιχειρήσεων του ενοποιημένου κλάδου εκπαιδευτικών ΠΕ 80: Οικονομίας. Ελλείψει των προηγουμένων, πτυχιούχοι Ανώτατης. Εκπαίδευσης ΑΕΙ/ΤΕΙ κατεύθυνσης εμπορίας και διαφήμισης (marketing) του ενοποιημένου κλάδου εκπαιδευτικών ΠΕ Οικονομίας. Ελλείψει των προηγουμένων, Πτυχιούχοι Ανώτατης Εκπαίδευσης ΑΕΙ/ΤΕΙ κατεύθυνσης διοίκησης επιχειρήσεων ή λογιστικής του ενοποιημένου κλάδου εκπαιδευτικών ΠΕ Οικονομίας. Ελλείψει των προηγουμένων, πτυχιούχοι τουριστικής κατεύθυνσης είτε Ανωτέρων Σχολών, είτε Ινστιτούτων Επαγγελματικής Κατάρτισης (με πιστοποίηση αρχικής επαγγελματικής κατάρτισης αποφοίτων ΙΕΚ), είτε Επαγγελματικής Ειδικότητας (απόφοιτοι τάξης μαθητείας ΕΠΑΛ) με πενταετή επαγγελματική προϋπηρεσία σε ανάλογο αντικείμενο. | F22: 1 | G22: AERO106 | K22: ΣΤΕΛΕΧΟΣ ΥΠΗΡΕΣΙΩΝ ΑΕΡΟΜΕΤΑΦΟΡΑΣ | L22: 2ο | M22: ΤΟΥΡΙΣΤΙΚΟ ΚΑΙ ΑΕΡΟΠΟΡΙΚΟ ΜΑΡΚΕΤΙΝΓΚ Α + Β ΕΞΑΜΗΝΟ | O22: Κατά προτεραιότητα, πτυχιούχοι Ανώτατης Εκπαίδευσης ΑΕΙ/ΤΕΙ (Επιπέδου 6) κατεύθυνσης διοίκησης τουρισμού ή και τουριστικών επιχειρήσεων του ενοποιημένου κλάδου εκπαιδευτικών ΠΕ Οικονομίας. Ελλείψει των προηγουμένων, πτυχιούχοι Ανώτατης Εκπαίδευσης ΑΕΙ/ΤΕΙ (Επιπέδου 6) κατεύθυνσης εμπορίας και διαφήμισης (marketing) του ενοποιημένου κλάδου εκπαιδευτικών ΠΕ Οικονομίας. Ελλείψει των προηγουμένων, Πτυχιούχοι Ανώτατης Εκπαίδευσης ΑΕΙ/ΤΕΙ (Επιπέδου 6) κατεύθυνσης διοίκησης επιχειρήσεων ή λογιστικής του ενοποιημένου κλάδου εκπαιδευτικών ΠΕ Οικονομίας. Ελλείψει των προηγουμένων, πτυχιούχοι τουριστικής κατεύθυνσης (Επιπέδου 5), είτε Ανωτέρων Σχολών, είτε Ινστιτούτων Επαγγελματικής Κατάρτισης (με πιστοποίηση αρχικής επαγγελματικής κατάρτισης αποφοίτων ΙΕΚ), είτε Επαγγελματικής Ειδικότητας (απόφοιτοι τάξης μαθητείας ΕΠΑΛ) με πενταετή επαγγελματική προϋπηρεσία σε ανάλογο αντικείμενο. | P22: 1 | Q22: AERO106
A23: ΣΤΕΛΕΧΟΣ ΥΠΗΡΕΣΙΩΝ ΑΕΡΟΜΕΤΑΦΟΡΑΣ | B23: 1ο | C23: ΑΕΡΟΠΟΡΙΚΟ ΔΙΚΑΙΟ ΚΑΙ ΔΙΕΘΝΕΙΣ ΣΧΕΣΕΙΣ (IATA – UFTAA – ICAO – BSP) Α + Β ΕΞΑΜΗΝΟ | D23: ΚΑΛΟΓΕΡΑΚΗΣ ΜΙΧΑΛΗΣ | E23: Πτυχιούχοι Ανώτατης Εκπαίδευσης ΑΕΙ/ΤΕΙ κατεύθυνσης νομικής και πολιτικών επιστημών του ενοποιημένου κλάδου εκπαιδευτικών ΠΕ Κοινωνικών Επιστημών. | F23: 2 | G23: AERO107 | K23: ΣΤΕΛΕΧΟΣ ΥΠΗΡΕΣΙΩΝ ΑΕΡΟΜΕΤΑΦΟΡΑΣ | L23: 2ο | M23: ΑΕΡΟΠΟΡΙΚΟ ΔΙΚΑΙΟ ΚΑΙ ΔΙΕΘΝΕΙΣ ΣΧΕΣΕΙΣ (IATA – UFTAA – ICAO – BSP) Α + Β ΕΞΑΜΗΝΟ | O23: Πτυχιούχοι Ανώτατης Εκπαίδευσης ΑΕΙ/ΤΕΙ (Επιπέδου 6) κατεύθυνσης νομικής και πολιτικών επιστημών του ενοποιημένου κλάδου εκπαιδευτικών ΠΕ Κοινωνικών Επιστημών. | P23: 2 | Q23: AERO107
A24: ΣΤΕΛΕΧΟΣ ΥΠΗΡΕΣΙΩΝ ΑΕΡΟΜΕΤΑΦΟΡΑΣ | B24: 1ο | C24: ΜΕΤΑΦΟΡΑ ΕΜΠΟΡΕΥΜΑΤΩΝ CARGO Α + Β ΕΞΑΜΗΝΟ | D24: ΜΑΡΚΑΚΗ ΤΡΥΠΑΚΗ ΠΕΛΑΓΙΑ | E24: Κατά προτεραιότητα, πτυχιούχοι Ανώτατης Εκπαίδευσης ΑΕΙ/ΤΕΙ κατεύθυνσης διοίκησης τουρισμού ή και τουριστικών επιχειρήσεων του ενοποιημένου κλάδου εκπαιδευτικών ΠΕ Οικονομίας. Ελλείψει των προηγουμένων, πτυχιούχοι τουριστικής κατεύθυνσης είτε Ανωτέρων Σχολών, είτε Ινστιτούτων Επαγγελματικής Κατάρτισης (με πιστοποίηση αρχικής επαγγελματικής κατάρτισης αποφοίτων ΙΕΚ), είτε Επαγγελματικής Ειδικότητας (απόφοιτοι τάξης μαθητείας ΕΠΑΛ) με πενταετή επαγγελματική προϋπηρεσία σε ανάλογο αντικείμενο. | F24: 2 | G24: AERO108 | K24: ΣΤΕΛΕΧΟΣ ΥΠΗΡΕΣΙΩΝ ΑΕΡΟΜΕΤΑΦΟΡΑΣ | L24: 2ο | M24: ΜΕΤΑΦΟΡΑ ΕΜΠΟΡΕΥΜΑΤΩΝ CARGO Α + Β ΕΞΑΜΗΝΟ | O24: Κατά προτεραιότητα, πτυχιούχοι Ανώτατης Εκπαίδευσης ΑΕΙ/ΤΕΙ (Επιπέδου 6) κατεύθυνσης διοίκησης τουρισμού ή και τουριστικών επιχειρήσεων του ενοποιημένου κλάδου εκπαιδευτικών ΠΕ Οικονομίας. Ελλείψει των προηγουμένων, πτυχιούχοι τουριστικής κατεύθυνσης (Επιπέδου 5), είτε Ανωτέρων Σχολών, είτε Ινστιτούτων Επαγγελματικής Κατάρτισης (με πιστοποίηση αρχικής επαγγελματικής κατάρτισης αποφοίτων ΙΕΚ), είτε Επαγγελματικής Ειδικότητας (απόφοιτοι τάξης μαθητείας ΕΠΑΛ) με πενταετή επαγγελματική προϋπηρεσία σε ανάλογο αντικείμενο. | P24: 2 | Q24: AERO108
A25: ΣΤΕΛΕΧΟΣ ΥΠΗΡΕΣΙΩΝ ΑΕΡΟΜΕΤΑΦΟΡΑΣ | B25: 1ο | C25: ΑΕΡΟΠΟΡΙΚΟΙ ΝΑΥΛΟΙ Α + Β ΕΞΑΜΗΝΟ | D25: ΡΕΠΑΝΑΚΗ ΝΤΕΠΗ | E25: Κατά προτεραιότητα, πτυχιούχοι Ανώτατης Εκπαίδευσης ΑΕΙ/ΤΕΙ κατεύθυνσης διοίκησης τουρισμού ή και τουριστικών επιχειρήσεων του ενοποιημένου κλάδου εκπαιδευτικών ΠΕ Οικονομίας. Ελλείψει των προηγουμένων, πτυχιούχοι τουριστικής κατεύθυνσης είτε Ανωτέρων Σχολών, είτε Ινστιτούτων Επαγγελματικής Κατάρτισης (με πιστοποίηση αρχικής επαγγελματικής κατάρτισης αποφοίτων ΙΕΚ), είτε Επαγγελματικής Ειδικότητας (απόφοιτοι τάξης μαθητείας ΕΠΑΛ) με πενταετή επαγγελματική προϋπηρεσία σε ανάλογο αντικείμενο. | F25: 2 | G25: AERO109 | K25: ΣΤΕΛΕΧΟΣ ΥΠΗΡΕΣΙΩΝ ΑΕΡΟΜΕΤΑΦΟΡΑΣ | L25: 2ο | M25: ΑΕΡΟΠΟΡΙΚΟΙ ΝΑΥΛΟΙ Α + Β ΕΞΑΜΗΝΟ | O25: Κατά προτεραιότητα, πτυχιούχοι Ανώτατης Εκπαίδευσης ΑΕΙ/ΤΕΙ (Επιπέδου 6) κατεύθυνσης διοίκησης τουρισμού ή και τουριστικών επιχειρήσεων του ενοποιημένου κλάδου εκπαιδευτικών ΠΕ Οικονομίας. Ελλείψει των προηγουμένων, πτυχιούχοι τουριστικής κατεύθυνσης (Επιπέδου 5), είτε Ανωτέρων Σχολών, είτε Ινστιτούτων Επαγγελματικής Κατάρτισης (με πιστοποίηση αρχικής επαγγελματικής κατάρτισης αποφοίτων ΙΕΚ), είτε Επαγγελματικής Ειδικότητας (απόφοιτοι τάξης μαθητείας ΕΠΑΛ) με πενταετή επαγγελματική προϋπηρεσία σε ανάλογο αντικείμενο. | P25: 2 | Q25: AERO109
A26: ΣΤΕΛΕΧΟΣ ΥΠΗΡΕΣΙΩΝ ΑΕΡΟΜΕΤΑΦΟΡΑΣ | B26: 1ο | C26: ΠΡΑΚΤΙΚΗ ΕΦΑΡΜΟΓΗ ΣΤΗΝ ΕΙΔΙΚΟΤΗΤΑ Α + Β ΕΞΑΜΗΝΟ | D26: ΜΑΡΚΑΚΗ ΤΡΥΠΑΚΗ ΠΕΛΑΓΙΑ | E26: Κατά προτεραιότητα, πτυχιούχοι Ανώτατης Εκπαίδευσης ΑΕΙ/ΤΕΙ κατεύθυνσης διοίκησης τουρισμού ή και τουριστικών επιχειρήσεων του ενοποιημένου κλάδου εκπαιδευτικών ΠΕ Οικονομίας. Ελλείψει των προηγουμένων, πτυχιούχοι τουριστικής κατεύθυνσης είτε Ανωτέρων Σχολών, είτε Ινστιτούτων Επαγγελματικής Κατάρτισης (με πιστοποίηση αρχικής επαγγελματικής κατάρτισης αποφοίτων ΙΕΚ), είτε Επαγγελματικής Ειδικότητας (απόφοιτοι τάξης μαθητείας ΕΠΑΛ) με πενταετή επαγγελματική προϋπηρεσία σε ανάλογο αντικείμενο. | F26: 3 | G26: AERO119 | K26: ΣΤΕΛΕΧΟΣ ΥΠΗΡΕΣΙΩΝ ΑΕΡΟΜΕΤΑΦΟΡΑΣ | L26: 2ο | M26: ΠΡΑΚΤΙΚΗ ΕΦΑΡΜΟΓΗ ΣΤΗΝ ΕΙΔΙΚΟΤΗΤΑ Α + Β ΕΞΑΜΗΝΟ | O26: Κατά προτεραιότητα, πτυχιούχοι Ανώτατης Εκπαίδευσης ΑΕΙ/ΤΕΙ (Επιπέδου 6) κατεύθυνσης διοίκησης τουρισμού ή και τουριστικών επιχειρήσεων του ενοποιημένου κλάδου εκπαιδευτικών ΠΕ Οικονομίας. Ελλείψει των προηγουμένων, πτυχιούχοι τουριστικής κατεύθυνσης (Επιπέδου 5), είτε Ανωτέρων Σχολών, είτε Ινστιτούτων Επαγγελματικής Κατάρτισης (με πιστοποίηση αρχικής επαγγελματικής κατάρτισης αποφοίτων ΙΕΚ), είτε Επαγγελματικής Ειδικότητας (απόφοιτοι τάξης μαθητείας ΕΠΑΛ) με πενταετή επαγγελματική προϋπηρεσία σε ανάλογο αντικείμενο. | P26: 3 | Q26: AERO119
A27: ΣΤΕΛΕΧΟΣ ΥΠΗΡΕΣΙΩΝ ΑΕΡΟΜΕΤΑΦΟΡΑΣ | B27: 3ο | C27: ΕΙΣΑΓΩΓΗ ΣΤΗΝ ΑΕΡΟΠΟΡΙΚΗ ΟΡΟΛΟΓΙΑ ΣΤΑ ΑΓΓΛΙΚΑ | D27: ΜΠΟΥΧΑΛΑΚΗΣ ΜΑΝΩΛΗΣ | E27: Πτυχιούχοι Ανώτατης Εκπαίδευσης ΑΕΙ/ΤΕΙ (Επιπέδου 6) αγγλικής γλώσσας και φιλολογίας, του κλάδου εκπαιδευτικών ΠΕ Αγγλικής Γλώσσας. | F27: 2 | G27: AERO111 | H27: 5 | K27: ΣΤΕΛΕΧΟΣ ΥΠΗΡΕΣΙΩΝ ΑΕΡΟΜΕΤΑΦΟΡΑΣ | L27: 4ο | M27: ΕΦΑΡΜΟΣΜΕΝΗ ΑΕΡΟΠΟΡΙΚΗ ΟΡΟΛΟΓΙΑ ΣΤΑ ΑΓΓΛΙΚΑ | O27: Πτυχιούχοι Ανώτατης Εκπαίδευσης ΑΕΙ/ΤΕΙ (Επιπέδου 6) αγγλικής γλώσσας και φιλολογίας, του κλάδου εκπαιδευτικών ΠΕ Αγγλικής Γλώσσας. | P27: 2 | Q27: AERO121
A28: ΣΤΕΛΕΧΟΣ ΥΠΗΡΕΣΙΩΝ ΑΕΡΟΜΕΤΑΦΟΡΑΣ | B28: 3ο | C28: ΕΙΣΑΓΩΓΗ ΣΤΗΝ ΑΕΡΟΠΟΡΙΚΗ ΟΡΟΛΟΓΙΑ ΣΤΑ ΓΑΛΛΙΚΑ | D28: ΣΑΒΑ ΜΙΚΑΕΛΑ | E28: Πτυχιούχοι Ανώτατης Εκπαίδευσης ΑΕΙ/ΤΕΙ (Επιπέδου 6) γαλλικής γλώσσας και φιλολογίας, του κλάδου εκπαιδευτικών ΠΕ Γαλλικής Γλώσσας. | F28: 2 | G28: AERO112 | H28: 5 | K28: ΣΤΕΛΕΧΟΣ ΥΠΗΡΕΣΙΩΝ ΑΕΡΟΜΕΤΑΦΟΡΑΣ | L28: 4ο | M28: ΕΦΑΡΜΟΣΜΕΝΗ ΑΕΡΟΠΟΡΙΚΗ ΟΡΟΛΟΓΙΑ ΣΤΑ ΓΑΛΛΙΚΑ | O28: Πτυχιούχοι Ανώτατης Εκπαίδευσης ΑΕΙ/ΤΕΙ (Επιπέδου 6) γαλλικής γλώσσας και φιλολογίας, του κλάδου εκπαιδευτικών ΠΕ Γαλλικής Γλώσσας. | P28: 2 | Q28: AERO122
A29: ΣΤΕΛΕΧΟΣ ΥΠΗΡΕΣΙΩΝ ΑΕΡΟΜΕΤΑΦΟΡΑΣ | B29: 3ο | C29: ΔΙΟΙΚΗΣΗ ΑΕΡΟΔΡΟΜΙΩΝ ΚΑΙ ΑΕΡΟΠΟΡΙΚΩΝ ΥΠΗΡΕΣΙΩΝ | D29: ΜΑΡΚΑΚΗ ΤΡΥΠΑΚΗ ΠΕΛΑΓΙΑ | E29: Κατά προτεραιότητα, πτυχιούχοι Ανώτατης Εκπαίδευσης ΑΕΙ/ΤΕΙ (Επιπέδου 6) κατεύθυνσης διοίκησης τουρισμού ή και τουριστικών επιχειρήσεων του ενοποιημένου κλάδου εκπαιδευτικών ΠΕ Οικονομίας. Ελλείψει των προηγουμένων, πτυχιούχοι τουριστικής κατεύθυνσης (Επιπέδου 5), είτε Ανωτέρων Σχολών, είτε Ινστιτούτων Επαγγελματικής Κατάρτισης (με πιστοποίηση αρχικής επαγγελματικής κατάρτισης αποφοίτων ΙΕΚ), είτε Επαγγελματικής Ειδικότητας (απόφοιτοι τάξης μαθητείας ΕΠΑΛ) με πενταετή επαγγελματική προϋπηρεσία σε ανάλογο αντικείμενο. | F29: 2 | G29: AERO113 | H29: 5 | K29: ΣΤΕΛΕΧΟΣ ΥΠΗΡΕΣΙΩΝ ΑΕΡΟΜΕΤΑΦΟΡΑΣ | L29: 4ο | M29: ΜΑΡΚΕΤΙΝΓΚ ΑΕΡΟΔΡΟΜΙΩΝ ΚΑΙ ΑΕΡΟΠΟΡΙΚΩΝ ΕΤΑΙΡΕΙΩΝ | O29: Κατά προτεραιότητα, πτυχιούχοι Ανώτατης Εκπαίδευσης ΑΕΙ/ΤΕΙ (Επιπέδου 6) κατεύθυνσης διοίκησης τουρισμού ή και τουριστικών επιχειρήσεων του ενοποιημένου κλάδου εκπαιδευτικών ΠΕ 80: Οικονομίας. Ελλείψει των προηγουμένων, πτυχιούχοι Ανώτατης Εκπαίδευσης ΑΕΙ/ΤΕΙ (Επιπέδου 6) κατεύθυνσης εμπορίας και διαφήμισης (marketing) του ενοποιημένου κλάδου εκπαιδευτικών ΠΕ Οικονομίας. Ελλείψει των προηγουμένων, Πτυχιούχοι Ανώτατης Εκπαίδευσης ΑΕΙ/ΤΕΙ (Επιπέδου 6) κατεύθυνσης διοίκησης επιχειρήσεων ή λογιστικής του ενοποιημένου κλάδου εκπαιδευτικών ΠΕ Οικονομίας. Ελλείψει των προηγουμένων, πτυχιούχοι τουριστικής κατεύθυνσης (Επιπέδου 5), είτε Ανωτέρων Σχολών, είτε Ινστιτούτων Επαγγελματικής Κατάρτισης (με πιστοποίηση αρχικής επαγγελματικής κατάρτισης αποφοίτων ΙΕΚ), είτε Επαγγελματικής Ειδικότητας (απόφοιτοι τάξης μαθητείας ΕΠΑΛ) με πενταετή. επαγγελματική προϋπηρεσία σε ανάλογο αντικείμενο. | P29: 2 | Q29: AERO123
A30: ΣΤΕΛΕΧΟΣ ΥΠΗΡΕΣΙΩΝ ΑΕΡΟΜΕΤΑΦΟΡΑΣ | B30: 3ο | C30: ΛΕΙΤΟΥΡΓΙΕΣ ΕΤΑΙΡΕΙΩΝ ΕΠΙΓΕΙΑΣ ΕΞΥΠΗΡΕΤΗΣΗΣ – ΕΞΥΠΗΡΕΤΗΣΗ ΕΠΙΒΑΤΩΝ/ΙΔΩΝ Ή ΠΕΛΑΤΩΝ/ΙΣΣΩΝ (CHECK IN/BAGGAGE HANDLING) | D30: ΜΑΡΚΑΚΗ ΤΡΥΠΑΚΗ ΠΕΛΑΓΙΑ | E30: Κατά προτεραιότητα, πτυχιούχοι Ανώτατης Εκπαίδευσης ΑΕΙ/ΤΕΙ (Επιπέδου 6) κατεύθυνσης διοίκησης τουρισμού ή και τουριστικών επιχειρήσεων του ενοποιημένου κλάδου εκπαιδευτικών ΠΕ Οικονομίας. Ελλείψει των προηγουμένων, πτυχιούχοι τουριστικής κατεύθυνσης (Επιπέδου 5), είτε Ανωτέρων Σχολών, είτε Ινστιτούτων Επαγγελματικής Κατάρτισης (με πιστοποίηση αρχικής επαγγελματικής κατάρτισης αποφοίτων ΙΕΚ), είτε Επαγγελματικής Ειδικότητας (απόφοιτοι τάξης μαθητείας ΕΠΑΛ) με πενταετή επαγγελματική προϋπηρεσία σε ανάλογο αντικείμενο. | F30: 2 | G30: AERO114 | H30: 5 | K30: ΣΤΕΛΕΧΟΣ ΥΠΗΡΕΣΙΩΝ ΑΕΡΟΜΕΤΑΦΟΡΑΣ | L30: 4ο | M30: ΛΕΙΤΟΥΡΓΙΕΣ ΕΤΑΙΡΕΙΩΝ ΕΠΙΓΕΙΑΣ ΕΞΥΠΗΡΕΤΗΣΗΣ – ΕΞΥΠΗΡΕΤΗΣΗ ΕΠΙΒΑΤΩΝ/ΙΔΩΝ Ή ΠΕΛΑΤΩΝ/ΙΣΣΩΝ (ΑΝΑΧΩΡΗΣΗΣ/AIRSIDE) | O30: Κατά προτεραιότητα, πτυχιούχοι Ανώτατης Εκπαίδευσης ΑΕΙ/ΤΕΙ (Επιπέδου 6) κατεύθυνσης διοίκησης τουρισμού ή και τουριστικών επιχειρήσεων του ενοποιημένου κλάδου εκπαιδευτικών ΠΕ Οικονομίας. Ελλείψει των προηγουμένων, πτυχιούχοι τουριστικής κατεύθυνσης (Επιπέδου 5), είτε Ανωτέρων Σχολών, είτε Ινστιτούτων Επαγγελματικής Κατάρτισης (με πιστοποίηση αρχικής επαγγελματικής κατάρτισης αποφοίτων ΙΕΚ), είτε Επαγγελματικής Ειδικότητας (απόφοιτοι τάξης μαθητείας ΕΠΑΛ) με πενταετή επαγγελματική προϋπηρεσία σε ανάλογο αντικείμενο. | P30: 2 | Q30: AERO114
A31: ΣΤΕΛΕΧΟΣ ΥΠΗΡΕΣΙΩΝ ΑΕΡΟΜΕΤΑΦΟΡΑΣ | B31: 3ο | C31: ΔΙΑΧΕΙΡΙΣΗ ΚΡΙΣΕΩΝ ΚΑΙ ΑΠΩΛΕΙΑ ΑΠΟΣΚΕΥΩΝ | D31: ΜΑΡΚΑΚΗ ΤΡΥΠΑΚΗ ΠΕΛΑΓΙΑ | E31: Κατά προτεραιότητα, πτυχιούχοι Ανώτατης Εκπαίδευσης ΑΕΙ/ΤΕΙ (Επιπέδου 6) κατεύθυνσης διοίκησης τουρισμού ή και τουριστικών επιχειρήσεων του ενοποιημένου κλάδου εκπαιδευτικών ΠΕ Οικονομίας. Ελλείψει των προηγουμένων, πτυχιούχοι τουριστικής κατεύθυνσης (Επιπέδου 5), είτε Ανωτέρων Σχολών, είτε Ινστιτούτων Επαγγελματικής Κατάρτισης (με πιστοποίηση αρχικής επαγγελματικής κατάρτισης αποφοίτων ΙΕΚ), είτε Επαγγελματικής Ειδικότητας (απόφοιτοι τάξης μαθητείας ΕΠΑΛ) με πενταετή επαγγελματική προϋπηρεσία σε ανάλογο αντικείμενο. | F31: 2 | G31: AERO115 | H31: 5 | K31: ΣΤΕΛΕΧΟΣ ΥΠΗΡΕΣΙΩΝ ΑΕΡΟΜΕΤΑΦΟΡΑΣ | L31: 4ο | M31: ΠΡΟΒΛΕΨΗ ΖΗΤΗΣΗΣ ΑΕΡΟΠΟΡΙΚΩΝ ΕΙΣΙΤΗΡΙΩΝ ΚΑΙ ΑΝΑΛΥΣΗ ΑΓΟΡΑΣ | O31: Κατά προτεραιότητα, πτυχιούχοι Ανώτατης Εκπαίδευσης ΑΕΙ/ΤΕΙ (Επιπέδου 6) κατεύθυνσης διοίκησης τουρισμού ή και τουριστικών επιχειρήσεων του ενοποιημένου κλάδου εκπαιδευτικών ΠΕ Οικονομίας. Ελλείψει των προηγουμένων, πτυχιούχοι τουριστικής κατεύθυνσης (Επιπέδου 5), είτε Ανωτέρων Σχολών, είτε Ινστιτούτων Επαγγελματικής Κατάρτισης (με πιστοποίηση αρχικής επαγγελματικής κατάρτισης αποφοίτων ΙΕΚ), είτε Επαγγελματικής Ειδικότητας (απόφοιτοι τάξης μαθητείας ΕΠΑΛ) με πενταετή επαγγελματική προϋπηρεσία σε ανάλογο αντικείμενο. | P31: 2 | Q31: AERO125
A32: ΣΤΕΛΕΧΟΣ ΥΠΗΡΕΣΙΩΝ ΑΕΡΟΜΕΤΑΦΟΡΑΣ | B32: 3ο | C32: ΑΣΦΑΛΕΙΑ ΚΑΙ ΥΓΙΕΙΝΗ | D32: ΨΑΘΑΚΗΣ ΜΙΧΑΛΗΣ | E32: Κατά προτεραιότητα, πτυχιούχοι Ανώτατης Εκπαίδευσης ΑΕΙ/ΤΕΙ (Επιπέδου 6) κατεύθυνσης δημόσιας υγιεινής του ενοποιημένου κλάδου εκπαιδευτικών ΠΕΥγείας – Πρόνοιας – Ευεξίας. Ελλείψει των προηγούμενων, Πτυχιούχοι Ανώτατης Εκπαίδευσης ΑΕΙ/ΤΕΙ (Επιπέδου 6) κατεύθυνσης ιατρών του ενοποιημένου κλάδου εκπαιδευτικών ΠΕ Υγείας – Πρόνοιας – Ευεξίας. Ελλείψει των προηγούμενων, Πτυχιούχοι Ανώτατης Εκπαίδευσης ΑΕΙ/ΤΕΙ (Επιπέδου 6) κατεύθυνσης νοσηλευτικής του ενοποιημένου κλάδου εκπαιδευτικών ΠΕ Υγείας – Πρόνοιας – Ευεξίας. | F32: 2 | G32: AERO116 | H32: 5 | K32: ΣΤΕΛΕΧΟΣ ΥΠΗΡΕΣΙΩΝ ΑΕΡΟΜΕΤΑΦΟΡΑΣ | L32: 4ο | M32: ΛΕΙΤΟΥΡΓΙΕΣ ΕΤΑΙΡΕΙΩΝ ΕΠΙΓΕΙΑΣ ΕΞΥΠΗΡΕΤΗΣΗΣ – ΕΞΥΠΗΡΕΤΗΣΗ ΑΕΡΟΣΚΑΦΩΝ (ΑΝΕΦΟΔΙΑΣΜΟΣ, ΣΤΑΘΜΕΥΣΗ, РАМПА) | O32: Κατά προτεραιότητα, πτυχιούχοι Ανώτατης Εκπαίδευσης ΑΕΙ/ΤΕΙ (Επιπέδου 6) κατεύθυνσης διοίκησης τουρισμού ή και τουριστικών επιχειρήσεων του ενοποιημένου κλάδου εκπαιδευτικών ΠΕ Οικονομίας. Ελλείψει των προηγουμένων, πτυχιούχοι τουριστικής κατεύθυνσης (Επιπέδου 5), είτε Ανωτέρων Σχολών, είτε Ινστιτούτων Επαγγελματικής Κατάρτισης (με πιστοποίηση αρχικής επαγγελματικής κατάρτισης αποφοίτων ΙΕΚ), είτε Επαγγελματικής Ειδικότητας (απόφοιτοι τάξης μαθητείας ΕΠΑΛ) με πενταετή επαγγελματική προϋπηρεσία σε ανάλογο αντικείμενο. | P32: 2 | Q32: AERO126
A33: ΣΤΕΛΕΧΟΣ ΥΠΗΡΕΣΙΩΝ ΑΕΡΟΜΕΤΑΦΟΡΑΣ | B33: 3ο | C33: ΕΙΣΑΓΩΓΗ ΣΤΑ ΣΥΣΤΗΜΑΤΑ ΚΡΑΤΗΣΕΩΝ ΑΕΡΟΠΟΡΙΚΩΝ ΕΙΣΙΤΗΡΙΩΝ | D33: ΦΥΓΕΤΑΚΗ ΜΑΡΙΑ | E33: Κατά προτεραιότητα, πτυχιούχοι Ανώτατης Εκπαίδευσης ΑΕΙ/ΤΕΙ (Επιπέδου 6) κατεύθυνσης διοίκησης τουρισμού ή και τουριστικών επιχειρήσεων του ενοποιημένου κλάδου εκπαιδευτικών ΠΕ Οικονομίας. Ελλείψει των προηγουμένων, πτυχιούχοι τουριστικής κατεύθυνσης (Επιπέδου 5), είτε Ανωτέρων Σχολών, είτε Ινστιτούτων Επαγγελματικής Κατάρτισης (με πιστοποίηση αρχικής επαγγελματικής κατάρτισης αποφοίτων ΙΕΚ), είτε Επαγγελματικής Ειδικότητας (απόφοιτοι τάξης μαθητείας ΕΠΑΛ) με πενταετή επαγγελματική προϋπηρεσία σε ανάλογο αντικείμενο. | F33: 3 | G33: AERO117 | H33: 7 | K33: ΣΤΕΛΕΧΟΣ ΥΠΗΡΕΣΙΩΝ ΑΕΡΟΜΕΤΑΦΟΡΑΣ | L33: 4ο | M33: ΕΦΑΡΜΟΣΜΕΝΑ ΣΥΣΤΗΜΑΤΑ ΚΡΑΤΗΣΕΩΝ ΑΕΡΟΠΟΡΙΚΩΝ ΕΙΣΙΤΗΡΙΩΝ | O33: Κατά προτεραιότητα, πτυχιούχοι Ανώτατης Εκπαίδευσης ΑΕΙ/ΤΕΙ (Επιπέδου 6) κατεύθυνσης διοίκησης τουρισμού ή και τουριστικών επιχειρήσεων του ενοποιημένου κλάδου εκπαιδευτικών ΠΕ Οικονομίας. Ελλείψει των προηγουμένων, πτυχιούχοι τουριστικής κατεύθυνσης (Επιπέδου 5), είτε Ανωτέρων Σχολών, είτε Ινστιτούτων Επαγγελματικής Κατάρτισης (με πιστοποίηση αρχικής επαγγελματικής κατάρτισης αποφοίτων ΙΕΚ), είτε Επαγγελματικής Ειδικότητας (απόφοιτοι τάξης μαθητείας ΕΠΑΛ) με πενταετή επαγγελματική προϋπηρεσία σε ανάλογο αντικείμενο. | P33: 3 | Q33: AERO127
A34: ΣΤΕΛΕΧΟΣ ΥΠΗΡΕΣΙΩΝ ΑΕΡΟΜΕΤΑΦΟΡΑΣ | B34: 3ο | C34: ΕΙΣΑΓΩΓΗ ΣΤΗΝ ΚΑΤΑΣΚΕΥΗ ΑΕΡΟΠΟΡΙΚΟΥ ΝΑΥΛΟΥ ΚΑΙ ΤΙΜΟΛΟΓΗΣΗ ΑΕΡΟΠΟΡΙΚΩΝ ΕΙΣΙΤΗΡΙΩΝ | D34: ΦΥΓΕΤΑΚΗ ΜΑΡΙΑ | E34: Κατά προτεραιότητα, πτυχιούχοι Ανώτατης Εκπαίδευσης ΑΕΙ/ΤΕΙ (Επιπέδου 6) κατεύθυνσης διοίκησης τουρισμού ή και τουριστικών επιχειρήσεων του ενοποιημένου κλάδου εκπαιδευτικών ΠΕ Οικονομίας. Ελλείψει των προηγουμένων, πτυχιούχοι τουριστικής κατεύθυνσης (Επιπέδου 5), είτε Ανωτέρων Σχολών, είτε Ινστιτούτων Επαγγελματικής Κατάρτισης (με πιστοποίηση αρχικής επαγγελματικής κατάρτισης αποφοίτων ΙΕΚ), είτε Επαγγελματικής Ειδικότητας (απόφοιτοι τάξης μαθητείας ΕΠΑΛ) με πενταετή επαγγελματική προϋπηρεσία σε ανάλογο αντικείμενο. | F34: 2 | G34: AERO118 | H34: 5 | K34: ΣΤΕΛΕΧΟΣ ΥΠΗΡΕΣΙΩΝ ΑΕΡΟΜΕΤΑΦΟΡΑΣ | L34: 4ο | M34: ΕΦΑΡΜΟΓΗ ΣΤΗΝ ΚΑΤΑΣΚΕΥΗ ΑΕΡΟΠΟΡΙΚΟΥ ΝΑΥΛΟΥ ΚΑΙ ΤΙΜΟΛΟΓΗΣΗ ΑΕΡΟΠΟΡΙΚΩΝ ΕΙΣΙΤΗΡΙΩΝ | O34: Κατά προτεραιότητα, πτυχιούχοι Ανώτατης Εκπαίδευσης ΑΕΙ/ΤΕΙ (Επιπέδου 6) κατεύθυνσης διοίκησης τουρισμού ή και τουριστικών επιχειρήσεων του ενοποιημένου κλάδου εκπαιδευτικών ΠΕ Οικονομίας. Ελλείψει των προηγουμένων, πτυχιούχοι τουριστικής κατεύθυνσης (Επιπέδου 5), είτε Ανωτέρων Σχολών, είτε Ινστιτούτων Επαγγελματικής Κατάρτισης (με πιστοποίηση αρχικής επαγγελματικής κατάρτισης αποφοίτων ΙΕΚ), είτε Επαγγελματικής Ειδικότητας (απόφοιτοι τάξης μαθητείας ΕΠΑΛ) με πενταετή επαγγελματική προϋπηρεσία σε ανάλογο αντικείμενο. | P34: 2 | Q34: AERO128
A35: ΣΤΕΛΕΧΟΣ ΥΠΗΡΕΣΙΩΝ ΑΕΡΟΜΕΤΑΦΟΡΑΣ | B35: 3ο | C35: ΠΡΑΚΤΙΚΗ ΕΦΑΡΜΟΓΗ ΣΤΗΝ ΕΙΔΙΚΟΤΗΤΑ | D35: ΜΑΡΚΑΚΗ ΤΡΥΠΑΚΗ ΠΕΛΑΓΙΑ | E35: Κατά προτεραιότητα, πτυχιούχοι Ανώτατης Εκπαίδευσης ΑΕΙ/ΤΕΙ (Επιπέδου 6) κατεύθυνσης διοίκησης τουρισμού ή και τουριστικών επιχειρήσεων του ενοποιημένου κλάδου εκπαιδευτικών ΠΕ Οικονομίας. Ελλείψει των προηγουμένων, πτυχιούχοι τουριστικής κατεύθυνσης (Επιπέδου 5), είτε Ανωτέρων Σχολών, είτε Ινστιτούτων Επαγγελματικής Κατάρτισης (με πιστοποίηση αρχικής επαγγελματικής κατάρτισης αποφοίτων ΙΕΚ), είτε Επαγγελματικής Ειδικότητας (απόφοιτοι τάξης μαθητείας ΕΠΑΛ) με πενταετή επαγγελματική προϋπηρεσία σε ανάλογο αντικείμενο. | F35: 3 | G35: AERO110 | H35: 7 | K35: ΣΤΕΛΕΧΟΣ ΥΠΗΡΕΣΙΩΝ ΑΕΡΟΜΕΤΑΦΟΡΑΣ | L35: 4ο | M35: ΠΡΑΚΤΙΚΗ ΕΦΑΡΜΟΓΗ ΣΤΗΝ ΕΙΔΙΚΟΤΗΤΑ | O35: Κατά προτεραιότητα, πτυχιούχοι Ανώτατης Εκπαίδευσης ΑΕΙ/ΤΕΙ (Επιπέδου 6) κατεύθυνσης διοίκησης τουρισμού ή και τουριστικών επιχειρήσεων του ενοποιημένου κλάδου εκπαιδευτικών ΠΕ Οικονομίας. Ελλείψει των προηγουμένων, πτυχιούχοι τουριστικής κατεύθυνσης (Επιπέδου 5), είτε Ανωτέρων Σχολών, είτε Ινστιτούτων Επαγγελματικής Κατάρτισης (με πιστοποίηση αρχικής επαγγελματικής κατάρτισης αποφοίτων ΙΕΚ), είτε Επαγγελματικής Ειδικότητας (απόφοιτοι τάξης μαθητείας ΕΠΑΛ) με πενταετή επαγγελματική προϋπηρεσία σε ανάλογο αντικείμενο. | P35: 3 | Q35: AERO110
A36: ΣΤΕΛΕΧΟΣ ΔΙΟΙΚΗΣΗΣ ΚΑΙ ΟΙΚΟΝΟΜΙΑΣ | B36: ΣΤΕΛΕΧΟΣ ΔΙΟΙΚΗΣΗΣ ΚΑΙ ΟΙΚΟΝΟΜΙΑΣ | C36: ΣΤΕΛΕΧΟΣ ΔΙΟΙΚΗΣΗΣ ΚΑΙ ΟΙΚΟΝΟΜΙΑΣ | D36: ΣΤΕΛΕΧΟΣ ΔΙΟΙΚΗΣΗΣ ΚΑΙ ΟΙΚΟΝΟΜΙΑΣ | E36: ΣΤΕΛΕΧΟΣ ΔΙΟΙΚΗΣΗΣ ΚΑΙ ΟΙΚΟΝΟΜΙΑΣ | F36: ΣΤΕΛΕΧΟΣ ΔΙΟΙΚΗΣΗΣ ΚΑΙ ΟΙΚΟΝΟΜΙΑΣ | K36: ΣΤΕΛΕΧΟΣ ΔΙΟΙΚΗΣΗΣ ΚΑΙ ΟΙΚΟΝΟΜΙΑΣ | L36: ΣΤΕΛΕΧΟΣ ΔΙΟΙΚΗΣΗΣ ΚΑΙ ΟΙΚΟΝΟΜΙΑΣ | M36: ΣΤΕΛΕΧΟΣ ΔΙΟΙΚΗΣΗΣ ΚΑΙ ΟΙΚΟΝΟΜΙΑΣ | N36: ΣΤΕΛΕΧΟΣ ΔΙΟΙΚΗΣΗΣ ΚΑΙ ΟΙΚΟΝΟΜΙΑΣ | O36: ΣΤΕΛΕΧΟΣ ΔΙΟΙΚΗΣΗΣ ΚΑΙ ΟΙΚΟΝΟΜΙΑΣ | P36: ΣΤΕΛΕΧΟΣ ΔΙΟΙΚΗΣΗΣ ΚΑΙ ΟΙΚΟΝΟΜΙΑΣ
A37: ΣΤΕΛΕΧΟΣ ΔΙΟΙΚΗΣΗΣ ΚΑΙ ΟΙΚΟΝΟΜΙΑΣ | B37: 1ο | C37: ΕΙΣΑΓΩΓΗ ΣΤΗ ΓΕΝΙΚΗ ΛΟΓΙΣΤΙΚΗ | D37: ΜΑΡΚΑΚΗ ΤΡΥΠΑΚΗ ΠΕΛΑΓΙΑ | E37: Πτυχιούχος ΑΕΙ,ΑΤΕΙ Οικονομικής ή Διοικητικής Σχολής ή Πτυχιούχος ΑΕΙ Χρηματοοικονομικής & Λογιστικής | F37: 4 | G37: SDO103 | H37: 9 | K37: ΣΤΕΛΕΧΟΣ ΔΙΟΙΚΗΣΗΣ ΚΑΙ ΟΙΚΟΝΟΜΙΑΣ | L37: 2ο | M37: ΕΙΔΙΚΑ ΘΕΜΑΤΑ ΓΕΝΙΚΗΣ ΛΟΓΙΣΤΙΚΗΣ | O37: Πτυχιούχος ΑΕΙ,ΑΤΕΙ Οικονομικής ή Διοικητικής Σχολής ή Πτυχιούχος ΑΕΙ Χρηματοοικονομικής & Λογιστικής | P37: 4 | Q37: SDO112
A38: ΣΤΕΛΕΧΟΣ ΔΙΟΙΚΗΣΗΣ ΚΑΙ ΟΙΚΟΝΟΜΙΑΣ | B38: 1ο | C38: ΑΣΤΙΚΟ ΔΙΚΑΙΟ | D38: ΝΙΚΗ ΑΝΑΓΝΩΣΤΑΚΗ | E38: Πτυχιούχος ΑΕΙ Νομικής Σχολής | F38: 2 | G38: SDO104 | H38: 5 | K38: ΣΤΕΛΕΧΟΣ ΔΙΟΙΚΗΣΗΣ ΚΑΙ ΟΙΚΟΝΟΜΙΑΣ | L38: 2ο | M38: ΕΜΠΟΡΙΚΟ ΔΙΚΑΙΟ | O38: Πτυχιούχος ΑΕΙ Νομικής Σχολής | P38: 3 | Q38: SDO113
A39: ΣΤΕΛΕΧΟΣ ΔΙΟΙΚΗΣΗΣ ΚΑΙ ΟΙΚΟΝΟΜΙΑΣ | B39: 1ο | C39: ΕΙΣΑΓΩΓΗ ΣΤΑ ΟΙΚΟΝΟΜΙΚΑ ΜΑΘΗΜΑΤΙΚΑ | D39: ΖΕΑΚΗ ΕΜΜΑΝΟΥΕΛΑ | E39: Πτυχιούχος ΑΕΙ Οικονομικής ή Μαθηματικής Σχολής | F39: 2 | G39: SDO105 | H39: 5 | K39: ΣΤΕΛΕΧΟΣ ΔΙΟΙΚΗΣΗΣ ΚΑΙ ΟΙΚΟΝΟΜΙΑΣ | L39: 2ο | M39: ΕΙΔΙΚΑ ΘΕΜΑΤΑ ΟΙΚΟΝΟΜΙΚΩΝ ΜΑΘΗΜΑΤΙΚΩΝ | O39: Πτυχιούχος ΑΕΙ Οικονομικής ή Μαθηματικής Σχολής | P39: 2 | Q39: SDO114
A40: ΣΤΕΛΕΧΟΣ ΔΙΟΙΚΗΣΗΣ ΚΑΙ ΟΙΚΟΝΟΜΙΑΣ | B40: 1ο | C40: ΕΙΣΑΓΩΓΗ ΣΤΗΝ ΣΤΑΤΙΣΤΙΚΗ | D40: ΖΕΑΚΗ ΕΜΜΑΝΟΥΕΛΑ | E40: Πτυχιούχος ΑΕΙ Οικονομικής ή Μαθηματικής Σχολής | F40: 2 | G40: SDO106 | H40: 5 | K40: ΣΤΕΛΕΧΟΣ ΔΙΟΙΚΗΣΗΣ ΚΑΙ ΟΙΚΟΝΟΜΙΑΣ | L40: 2ο | M40: ΕΙΔΙΚΑ ΘΕΜΑΤΑ ΣΤΑΤΙΣΤΙΚΗΣ | O40: Πτυχιούχος ΑΕΙ Οικονομικής ή Μαθηματικής Σχολής | P40: 2 | Q40: SDO115
A41: ΣΤΕΛΕΧΟΣ ΔΙΟΙΚΗΣΗΣ ΚΑΙ ΟΙΚΟΝΟΜΙΑΣ | B41: 1ο | C41: ΕΙΣΑΓΩΓΗ ΣΤΗ ΔΙΟΙΚΗΣΗ ΕΠΙΧΕΙΡΗΣΕΩΝ | D41: ΠΑΠΑΔΟΜΑΝΟΛΑΚΗΣ ΔΗΜΗΤΡΗΣ | E41: Πτυχιούχος ΑΕΙ,ΑΤΕΙ Οικονομικής ή Διοικητικής Σχολής ή Πτυχιούχος ΑΕΙ συναφούς ειδικότητας | F41: 2 | G41: SDO107 | H41: 5 | K41: ΣΤΕΛΕΧΟΣ ΔΙΟΙΚΗΣΗΣ ΚΑΙ ΟΙΚΟΝΟΜΙΑΣ | L41: 2ο | M41: ΕΙΔΙΚΑ ΘΕΜΑΤΑ ΔΙΟΙΚΗΣΗΣ ΕΠΙΧΕΙΡΗΣΕΩΝ | O41: Πτυχιούχος ΑΕΙ,ΑΤΕΙ Οικονομικής ή Διοικητικής Σχολής ή Πτυχιούχος ΑΕΙ συναφούς ειδικότητας | P41: 2 | Q41: SDO116
A42: ΣΤΕΛΕΧΟΣ ΔΙΟΙΚΗΣΗΣ ΚΑΙ ΟΙΚΟΝΟΜΙΑΣ | B42: 1ο | C42: ΕΠΑΓΓΕΛΜΑΤΙΚΕΣ ΔΕΞΙΟΤΗΤΕΣ ΜΕ ΤΗ ΧΡΗΣΗ ΛΟΓΙΣΤΙΚΩΝ ΦΥΛΛΩΝ | D42: ΖΕΑΚΗ ΕΜΜΑΝΟΥΕΛΑ | E42: Πτυχιούχος ΑΕΙ, ΑΤΕΙ κατεύθυνσης Πληροφορικής ή Πτυχιούχος ΑΕΙ,ΑΤΕΙ Οικονομικής ή Διοικητικής Σχολής κάτοχος ECDL ή αντίστοιχου επιπέδου διπλώματος χρήσης Η/Υ | F42: 3 | G42: SDO108 | H42: 7 | K42: ΣΤΕΛΕΧΟΣ ΔΙΟΙΚΗΣΗΣ ΚΑΙ ΟΙΚΟΝΟΜΙΑΣ | L42: 2ο | M42: ΟΙΚΟΝΟΜΙΚΗ ΤΩΝ ΕΠΙΧΕΡΗΣΕΩΝ | O42: Πτυχιούχος ΑΕΙ,ΑΤΕΙ Οικονομικής ή Διοικητικής Σχολής ή Πτυχιούχος ΑΕΙ συναφούς ειδικότητας | P42: 2 | Q42: SDO117
A43: ΣΤΕΛΕΧΟΣ ΔΙΟΙΚΗΣΗΣ ΚΑΙ ΟΙΚΟΝΟΜΙΑΣ | B43: 1ο | C43: ΠΡΑΚΤΙΚΗ ΕΦΑΡΜΟΓΗ ΣΤΗΝ ΕΙΔΙΚΟΤΗΤΑ | D43: ΠΑΠΑΔΟΜΑΝΟΛΑΚΗΣ ΔΗΜΗΤΡΗΣ | E43: Πτυχιούχος ΑΕΙ,ΑΤΕΙ Οικονομικής ή Διοικητικής Σχολής ή Πτυχιούχος ΑΕΙ Χρηματοοικονομικής & Λογιστικής | F43: 3 | G43: SDO109 | H43: 7 | K43: ΣΤΕΛΕΧΟΣ ΔΙΟΙΚΗΣΗΣ ΚΑΙ ΟΙΚΟΝΟΜΙΑΣ | L43: 2ο | M43: ΕΠΙΧΕΙΡΗΣΙΑΚΕΣ ΕΠΙΚΟΙΝΩΝΙΕΣ | O43: Πτυχιούχος ΑΕΙ,ΑΤΕΙ Οικονομικής ή Διοικητικής Σχολής ή Πτυχιούχος ΑΕΙ συναφούς ειδικότητας | P43: 2 | Q43: SDO118
A44: ΣΤΕΛΕΧΟΣ ΔΙΟΙΚΗΣΗΣ ΚΑΙ ΟΙΚΟΝΟΜΙΑΣ | B44: 1ο | C44: MARKETING | D44: ΜΑΡΚΑΚΗ ΤΡΥΠΑΚΗ ΠΕΛΑΓΙΑ | E44: Πτυχιούχος ΑΕΙ,ΑΤΕΙ Οικονομικής ή Διοικητικής Σχολής ή Πτυχιούχος Διαφήμισης και Δημοσίων Σχέσεων | F44: 2 | G44: SDO110 | H44: 5 | K44: ΤΕΧΝΙΚΟΣ ΑΡΤΟΠΟΙΙΑΣ - ΖΑΧΑΡΟΠΛΑΣΤΙΚΗΣ | L44: ΤΕΧΝΙΚΟΣ ΑΡΤΟΠΟΙΙΑΣ - ΖΑΧΑΡΟΠΛΑΣΤΙΚΗΣ | M44: ΤΕΧΝΙΚΟΣ ΑΡΤΟΠΟΙΙΑΣ - ΖΑΧΑΡΟΠΛΑΣΤΙΚΗΣ | N44: ΤΕΧΝΙΚΟΣ ΑΡΤΟΠΟΙΙΑΣ - ΖΑΧΑΡΟΠΛΑΣΤΙΚΗΣ | O44: ΤΕΧΝΙΚΟΣ ΑΡΤΟΠΟΙΙΑΣ - ΖΑΧΑΡΟΠΛΑΣΤΙΚΗΣ | P44: ΤΕΧΝΙΚΟΣ ΑΡΤΟΠΟΙΙΑΣ - ΖΑΧΑΡΟΠΛΑΣΤΙΚΗΣ
A45: ΤΕΧΝΙΚΟΣ ΑΡΤΟΠΟΙΙΑΣ - ΖΑΧΑΡΟΠΛΑΣΤΙΚΗΣ | B45: ΤΕΧΝΙΚΟΣ ΑΡΤΟΠΟΙΙΑΣ - ΖΑΧΑΡΟΠΛΑΣΤΙΚΗΣ | C45: ΤΕΧΝΙΚΟΣ ΑΡΤΟΠΟΙΙΑΣ - ΖΑΧΑΡΟΠΛΑΣΤΙΚΗΣ | D45: ΤΕΧΝΙΚΟΣ ΑΡΤΟΠΟΙΙΑΣ - ΖΑΧΑΡΟΠΛΑΣΤΙΚΗΣ | E45: ΤΕΧΝΙΚΟΣ ΑΡΤΟΠΟΙΙΑΣ - ΖΑΧΑΡΟΠΛΑΣΤΙΚΗΣ | F45: ΤΕΧΝΙΚΟΣ ΑΡΤΟΠΟΙΙΑΣ - ΖΑΧΑΡΟΠΛΑΣΤΙΚΗΣ | K45: ΤΕΧΝΙΚΟΣ ΑΡΤΟΠΟΙΙΑΣ - ΖΑΧΑΡΟΠΛΑΣΤΙΚΗΣ | L45: 2ο | M45: ΓΑΛΛΙΚΑ ΙΙ | O45: Επίπεδο σπουδών εκπαιδευτή/τριας κατά το Εθνικό Πλαίσιο Προσόντων: Πτυχίο Γαλλικής Φιλολογίας, ελλείψει αυτού, πτυχίο ΑΕΙ/ΤΕΙ με επάρκεια διδασκαλίας στην αντίστοιχη γλώσσα | P45: 2 | Q45: ZAXAROPLASTES113
A46: ΤΕΧΝΙΚΟΣ ΑΡΤΟΠΟΙΙΑΣ - ΖΑΧΑΡΟΠΛΑΣΤΙΚΗΣ | B46: 1ο | C46: ΓΑΛΛΙΚΑ Ι | D46: ΣΑΒΑ ΜΙΚΑΕΛΑ | E46: Επίπεδο σπουδών εκπαιδευτή/τριας κατά το Εθνικό Πλαίσιο Προσόντων: Πτυχίο Γαλλικής Φιλολογίας, ελλείψει αυτού, Πτυχίο ΑΕΙ/ΤΕΙ με επάρκεια διδασκαλίας στην αντίστοιχη γλώσσα | F46: 2 | G46: ZAXAROPLASTES101 | H46: 5 | K46: ΤΕΧΝΙΚΟΣ ΑΡΤΟΠΟΙΙΑΣ - ΖΑΧΑΡΟΠΛΑΣΤΙΚΗΣ | L46: 2ο | M46: ΖΑΧΑΡΟΠΛΑΣΤΙΚΗ ΤΕΧΝΗ II | O46: Επίπεδο σπουδών εκπαιδευτή/τριας κατά το Εθνικό Πλαίσιο Προσόντων: Πτυχίο ΣΤΕ/ΤΕΕ/ΕΠΑΣ Τουριστικών Επαγγελμάτων και κατά προτεραιότητα ειδικότητας Ζαχαροπλαστικής Τέχνης ή/και Τεχνίτης Αρτοποιίας - Ζαχαροπλαστικής ή/και ΙΕΚ της Ομάδας Προσανατολισμού «Επαγγελμάτων Τουριστικών Επιχειρήσεων και Επιχειρήσεων Φιλοξενίας» και κατά προτεραιότητα ειδικότητας Τεχνικός Αρτοποιίας – Ζαχαροπλαστικής, ελλείψει αυτών, Πτυχίο ΣΤΕ/ΤΕΕ/ΕΠΑΣ Τουριστικών Επαγγελμάτων και κατά προτεραιότητα ειδικότητας Μαγειρικής Τέχνης ή/και ΙΕΚ της Ομάδας Προσανατολισμού «Επαγγελμάτων Τουριστικών Επιχειρήσεων και Επιχειρήσεων Φιλοξενίας» και κατά προτεραιότητα Τεχνικός Μαγειρικής Τέχνης (Αρχιμάγειρας) | P46: 7 | Q46: ZAXAROPLASTES114
A47: ΤΕΧΝΙΚΟΣ ΑΡΤΟΠΟΙΙΑΣ - ΖΑΧΑΡΟΠΛΑΣΤΙΚΗΣ | B47: 1ο | C47: ΖΑΧΑΡΟΠΛΑΣΤΙΚΗ ΤΕΧΝΗ I | D47: ΦΥΣΑΡΑΚΗΣ ΔΗΜΗΤΡΗΣ | E47: Επίπεδο σπουδών εκπαιδευτή/τριας κατά το Εθνικό Πλαίσιο Προσόντων: Πτυχίο ΣΤΕ/ΤΕΕ/ΕΠΑΣ Τουριστικών Επαγγελμάτων και κατά προτεραιότητα ειδικότητας Ζαχαροπλαστικής Τέχνης ή/και Τεχνίτης Αρτοποιίας - Ζαχαροπλαστικής ή/και ΙΕΚ της Ομάδας Προσανατολισμού «Επαγγελμάτων Τουριστικών Επιχειρήσεων και Επιχειρήσεων Φιλοξενίας» και κατά προτεραιότητα ειδικότητας Τεχνικός Αρτοποιίας – Ζαχαροπλαστικής, ελλείψει αυτών, Πτυχίο ΣΤΕ/ΤΕΕ/ΕΠΑΣ Τουριστικών Επαγγελμάτων και κατά προτεραιότητα ειδικότητας Μαγειρικής Τέχνης ή/και ΙΕΚ της Ομάδας Προσανατολισμού «Επαγγελμάτων Τουριστικών Επιχειρήσεων και Επιχειρήσεων Φιλοξενίας» και κατά προτεραιότητα Τεχνικός Μαγειρικής Τέχνης (Αρχιμάγειρας) | F47: 3+4=7 | G47: ZAXAROPLASTES102 | H47: 16 | K47: ΤΕΧΝΙΚΟΣ ΑΡΤΟΠΟΙΙΑΣ - ΖΑΧΑΡΟΠΛΑΣΤΙΚΗΣ | L47: 2ο | M47: ΣΤΟΙΧΕΙΑ ΜΑΓΕΙΡΙΚΗΣ (CATERING) II | O47: Επίπεδο σπουδών εκπαιδευτή/τριας κατά το Εθνικό Πλαίσιο Προσόντων: Πτυχίο ΣΤΕ/ΤΕΕ/ΕΠΑΣ Τουριστικών Επαγγελμάτων και κατά προτεραιότητα ειδικότητας Μαγειρικής Τέχνης ή/και ΙΕΚ της Ομάδας Προσανατολισμού «Επαγγελμάτων Τουριστικών Επιχειρήσεων και Επιχειρήσεων Φιλοξενίας» και κατά προτεραιότητα Τεχνικός Μαγειρικής Τέχνης (Αρχιμάγειρας), ελλείψει αυτών, Πτυχίο Διοίκησης Τουριστικών Επιχειρήσεων ΑΕΙ/ΤΕΙ, ελλείψει αυτού, Πτυχίο ΣΤΕ/ΤΕΕ/ΕΠΑΣ Τουριστικών Επαγγελμάτων και κατά προτεραιότητα ειδικότητας Ζαχαροπλαστικής Τέχνης ή/και Τεχνίτης Αρτοποιίας - Ζαχαροπλαστικής ή/και ΙΕΚ της Ομάδας Προσανατολισμού «Επαγγελμάτων Τουριστικών Επιχειρήσεων και Επιχειρήσεων Φιλοξενίας» και κατά προτεραιότητα ειδικότητας Τεχνικός Αρτοποιίας – Ζαχαροπλαστικής | P47: 3 | Q47: ZAXAROPLASTES115
A48: ΤΕΧΝΙΚΟΣ ΑΡΤΟΠΟΙΙΑΣ - ΖΑΧΑΡΟΠΛΑΣΤΙΚΗΣ | B48: 1ο | C48: ΣΤΟΙΧΕΙΑ ΜΑΓΕΙΡΙΚΗΣ (CATERING) I | D48: ΑΠΛΑΔΑ ΣΟΦΙΑ - ΧΑΡΑ | E48: Επίπεδο σπουδών εκπαιδευτή/τριας κατά το Εθνικό Πλαίσιο Προσόντων: Πτυχίο ΣΤΕ/ΤΕΕ/ΕΠΑΣ Τουριστικών Επαγγελμάτων και κατά προτεραιότητα ειδικότητας Μαγειρικής Τέχνης ή/και ΙΕΚ της Ομάδας Προσανατολισμού «Επαγγελμάτων Τουριστικών Επιχειρήσεων και Επιχειρήσεων Φιλοξενίας» και κατά προτεραιότητα Τεχνικός Μαγειρικής Τέχνης (Αρχιμάγειρας), ελλείψει αυτών, Πτυχίο Διοίκησης Τουριστικών Επιχειρήσεων ΑΕΙ/ΤΕΙ, ελλείψει αυτών, Πτυχίο ΣΤΕ/ΤΕΕ/ΕΠΑΣ Τουριστικών Επαγγελμάτων και κατά προτεραιότητα ειδικότητας Ζαχαροπλαστικής Τέχνης ή/και Τεχνίτης Αρτοποιίας - Ζαχαροπλαστικής ή/και ΙΕΚ της Ομάδας Προσανατολισμού «Επαγγελμάτων Τουριστικών Επιχειρήσεων και Επιχειρήσεων Φιλοξενίας» και κατά προτεραιότητα ειδικότητας Τεχνικός Αρτοποιίας – Ζαχαροπλαστικής | F48: 1+2=3 | G48: ZAXAROPLASTES103 | H48: 7 | K48: ΤΕΧΝΙΚΟΣ ΑΡΤΟΠΟΙΙΑΣ - ΖΑΧΑΡΟΠΛΑΣΤΙΚΗΣ | L48: 2ο | M48: ΒΑΣΙΚΕΣ ΑΡΧΕΣ ΔΙΑΤΡΟΦΗΣ | O48: Επίπεδο σπουδών εκπαιδευτή/τριας κατά το Εθνικό Πλαίσιο Προσόντων: Πτυχίο Διαιτολογίας - Διατροφής ΑΕΙ/ΤΕΙ, ελλείψει αυτού, Πτυχίο Οικιακής Οικονομίας και Πτυχίο Οικονομίας και Βιώσιμης Ανάπτυξης, ελλείψει αυτών, Πτυχίο Τεχνολογίας Τροφίμων ΑΕΙ/ΤΕΙ ή/και Πτυχίο Χημείας ΑΕΙ ή/και Πτυχίο Γεωπονίας με κατεύθυνση στα τρόφιμα ΑΕΙ/ΤΕΙ | P48: 2 | Q48: ZAXAROPLASTES116
A49: ΤΕΧΝΙΚΟΣ ΑΡΤΟΠΟΙΙΑΣ - ΖΑΧΑΡΟΠΛΑΣΤΙΚΗΣ | B49: 1ο | C49: ΥΓΕΙΙΝΗ ΚΑΙ ΑΣΦΑΛΕΙΑ | D49: ΝΕΟΝΑΚΗ ΜΑΡΙΝΑ | E49: Επίπεδο σπουδών εκπαιδευτή/τριας κατά το Εθνικό Πλαίσιο Προσόντων: Πτυχίο Υγιεινολόγου ΑΕΙ/ΤΕΙ, ελλείψει αυτού, Πτυχίο Διαιτολογίας-Διατροφής ΑΕΙ/ΤΕΙ ή/και Τεχνολογίας Τροφίμων ΑΕΙ/ΤΕΙ ή/και Πτυχίο Χημείας ΑΕΙ, ελλείψει αυτών, Πτυχίο Γεωπονίας με κατεύθυνση στα τρόφιμα ΑΕΙ/ΤΕΙ, ελλείψει αυτών, πτυχίο ΑΕΙ/ΤΕΙ με αριθμό μητρώου στο Μητρώο Εκπαιδευτών του ΕΦΕΤ | F49: 2 | G49: ZAXAROPLASTES104 | H49: 5 | K49: ΤΕΧΝΙΚΟΣ ΑΡΤΟΠΟΙΙΑΣ - ΖΑΧΑΡΟΠΛΑΣΤΙΚΗΣ | L49: 2ο | M49: ΔΙΑΧΕΙΡΙΣΗ ΠΡΩΤΩΝ ΥΛΩΝ Ι (F&B MANAGEMENT I) - ΕΛΕΓΧΟΣ ΕΜΠΟΡΕΥΜΑΤΩΝ | O49: Επίπεδο σπουδών εκπαιδευτή/τριας κατά το Εθνικό Πλαίσιο Προσόντων: Πτυχίο Διοίκησης Τουριστικών Επιχειρήσεων ΑΕΙ/ΤΕΙ, ελλείψει αυτού, Πτυχίο Διοίκησης Επιχειρήσεων ή/και Πτυχίο Σπουδών Οικονομίας και Διοίκησης, ελλείψει αυτών, Πτυχίο ΣΤΕ/ΤΕΕ/ΕΠΑΣ Τουριστικών Επαγγελμάτων ή ΙΕΚ της Ομάδας Προσανατολισμού «Επαγγελμάτων Τουριστικών Επιχειρήσεων και Επιχειρήσεων Φιλοξενίας» και κατά προτεραιότητα ειδικότητας Ξενοδοχειακή Τέχνη ή/και Τεχνικός Τουριστικών μονάδων και Επιχειρήσεων φιλοξενίας (Υπηρεσία υποδοχής − Υπηρεσία ορόφων − Εμπορευματογνωσία) | P49: 2 | Q49: ZAXAROPLASTES117
A50: ΤΕΧΝΙΚΟΣ ΑΡΤΟΠΟΙΙΑΣ - ΖΑΧΑΡΟΠΛΑΣΤΙΚΗΣ | B50: 1ο | C50: ΤΡΟΦΟΓΝΩΣΙΑ | D50: ΝΕΟΝΑΚΗ ΜΑΡΙΝΑ | E50: Επίπεδο σπουδών εκπαιδευτή/τριας κατά το Εθνικό Πλαίσιο Προσόντων: Πτυχίο Διαιτολογίας - Διατροφής ΑΕΙ/ΤΕΙ, ελλείψει αυτού, Πτυχίο Τεχνολογίας Τροφίμων ΑΕΙ/ΤΕΙ ή/και Πτυχίο Χημείας ΑΕΙ ή/και Πτυχίο Γεωπονίας με κατεύθυνση στα τρόφιμα ΑΕΙ/ΤΕΙ | F50: 2 | G50: ZAXAROPLASTES105 | H50: 5 | K50: ΤΕΧΝΙΚΟΣ ΑΡΤΟΠΟΙΙΑΣ - ΖΑΧΑΡΟΠΛΑΣΤΙΚΗΣ | L50: 2ο | M50: ΠΡΑΚΤΙΚΗ ΕΦΑΡΜΟΓΗ ΣΤΗΝ ΕΙΔΙΚΟΤΗΤΑ | O50: Επίπεδο σπουδών εκπαιδευτή/τριας κατά το Εθνικό Πλαίσιο Προσόντων: Πτυχίο ΣΤΕ/ΤΕΕ/ΕΠΑΣ Τουριστικών Επαγγελμάτων και κατά προτεραιότητα ειδικότητας Ζαχαροπλαστικής Τέχνης ή/και Τεχνίτης Αρτοποιίας - Ζαχαροπλαστικής ή/και ΙΕΚ της Ομάδας Προσανατολισμού «Επαγγελμάτων Τουριστικών Επιχειρήσεων και Επιχειρήσεων Φιλοξενίας» και κατά προτεραιότητα ειδικότητας Τεχνικός Αρτοποιίας – Ζαχαροπλαστικής, ελλείψει αυτών, Πτυχίο Διοίκησης Τουριστικών Επιχειρήσεων ΑΕΙ/ΤΕΙ, ελλείψει αυτού, Πτυχίο ΣΤΕ/ΤΕΕ/ΕΠΑΣ Τουριστικών Επαγγελμάτων και κατά προτεραιότητα ειδικότητας Μαγειρικής Τέχνης ή/και ΙΕΚ της Ομάδας Προσανατολισμού «Επαγγελμάτων Τουριστικών Επιχειρήσεων και Επιχειρήσεων Φιλοξενίας» και κατά προτεραιότητα Τεχνικός Μαγειρικής Τέχνης (Αρχιμάγειρας) | P50: 4 | Q50: ZAXAROPLASTES118
A51: ΤΕΧΝΙΚΟΣ ΑΡΤΟΠΟΙΙΑΣ - ΖΑΧΑΡΟΠΛΑΣΤΙΚΗΣ | B51: 1ο | C51: ΠΡΑΚΤΙΚΗ ΕΦΑΡΜΟΓΗ ΣΤΗΝ ΕΙΔΙΚΟΤΗΤΑ | D51: ΚΟΥΜΑΚΗΣ ΚΩΣΤΑΣ | E51: Επίπεδο σπουδών εκπαιδευτή/τριας κατά το Εθνικό Πλαίσιο Προσόντων: Πτυχίο ΣΤΕ/ΤΕΕ/ΕΠΑΣ Τουριστικών Επαγγελμάτων και κατά προτεραιότητα ειδικότητας Ζαχαροπλαστικής Τέχνης ή/και Τεχνίτης Αρτοποιίας - Ζαχαροπλαστικής ή/και ΙΕΚ της Ομάδας Προσανατολισμού «Επαγγελμάτων Τουριστικών Επιχειρήσεων και Επιχειρήσεων Φιλοξενίας» και κατά προτεραιότητα ειδικότητας Τεχνικός Αρτοποιίας – Ζαχαροπλαστικής, ελλείψει αυτών, Πτυχίο Διοίκησης Τουριστικών Επιχειρήσεων ΑΕΙ/ΤΕΙ, ελλείψει αυτού, Πτυχίο ΣΤΕ/ΤΕΕ/ΕΠΑΣ Τουριστικών Επαγγελμάτων και κατά προτεραιότητα ειδικότητας Μαγειρικής Τέχνης ή/και ΙΕΚ της Ομάδας Προσανατολισμού «Επαγγελμάτων Τουριστικών Επιχειρήσεων και Επιχειρήσεων Φιλοξενίας» και κατά προτεραιότητα Τεχνικός Μαγειρικής Τέχνης (Αρχιμάγειρας) | F51: 4 | G51: ZAXAROPLASTES106 | H51: 9 | K51: ΤΕΧΝΙΚΟΣ ΑΡΤΟΠΟΙΙΑΣ - ΖΑΧΑΡΟΠΛΑΣΤΙΚΗΣ | L51: 4ο | M51: ΑΓΓΛΙΚΑ ΙΙ | O51: Επίπεδο σπουδών εκπαιδευτή/τριας κατά το Εθνικό Πλαίσιο Προσόντων: Πτυχίο Αγγλικής Φιλολογίας, ελλείψει αυτού, πτυχίο ΑΕΙ/ΤΕΙ με επάρκεια διδασκαλίας στην αντίστοιχη γλώσσα | P51: 2 | Q51: ZAXAROPLASTES119
A52: ΤΕΧΝΙΚΟΣ ΑΡΤΟΠΟΙΙΑΣ - ΖΑΧΑΡΟΠΛΑΣΤΙΚΗΣ | B52: 3ο | C52: ΑΓΓΛΙΚΑ Ι | D52: ΜΠΟΥΧΑΛΑΚΗΣ ΜΑΝΩΛΗΣ | E52: Επίπεδο σπουδών εκπαιδευτή/τριας κατά το Εθνικό Πλαίσιο Προσόντων: Πτυχίο Αγγλικής Φιλολογίας, ελλείψει αυτού, πτυχίο ΑΕΙ/ΤΕΙ με επάρκεια διδασκαλίας στην αντίστοιχη γλώσσα | F52: 2 | G52: ZAXAROPLASTES107 | H52: 5 | K52: ΤΕΧΝΙΚΟΣ ΑΡΤΟΠΟΙΙΑΣ - ΖΑΧΑΡΟΠΛΑΣΤΙΚΗΣ | L52: 4ο | M52: ΖΑΧΑΡΟΠΛΑΣΤΙΚΗ ΤΕΧΝΗ IV | O52: Επίπεδο σπουδών εκπαιδευτή/τριας κατά το Εθνικό Πλαίσιο Προσόντων: Πτυχίο ΣΤΕ/ΤΕΕ/ΕΠΑΣ Τουριστικών Επαγγελμάτων και κατά προτεραιότητα ειδικότητας Ζαχαροπλαστικής Τέχνης ή/και Τεχνίτης Αρτοποιίας - Ζαχαροπλαστικής ή/και ΙΕΚ της Ομάδας Προσανατολισμού «Επαγγελμάτων Τουριστικών Επιχειρήσεων και Επιχειρήσεων Φιλοξενίας» και κατά προτεραιότητα ειδικότητας Τεχνικός Αρτοποιίας – Ζαχαροπλαστικής ελλείψει αυτών, Πτυχίο ΣΤΕ/ΤΕΕ/ΕΠΑΣ Τουριστικών Επαγγελμάτων και κατά προτεραιότητα ειδικότητας Μαγειρικής Τέχνης ή/και ΙΕΚ της Ομάδας Προσανατολισμού «Επαγγελμάτων Τουριστικών Επιχειρήσεων και Επιχειρήσεων Φιλοξενίας» και κατά προτεραιότητα Τεχνικός Μαγειρικής Τέχνης (Αρχιμάγειρας) | P52: 5 | Q52: ZAXAROPLASTES120
A53: ΤΕΧΝΙΚΟΣ ΑΡΤΟΠΟΙΙΑΣ - ΖΑΧΑΡΟΠΛΑΣΤΙΚΗΣ | B53: 3ο | C53: ΖΑΧΑΡΟΠΛΑΣΤΙΚΗ ΤΕΧΝΗ ΙΙΙ | D53: ΚΟΥΜΑΚΗΣ ΚΩΣΤΑΣ | E53: Επίπεδο σπουδών εκπαιδευτή/τριας κατά το Εθνικό Πλαίσιο Προσόντων: Πτυχίο ΣΤΕ/ΤΕΕ/ΕΠΑΣ Τουριστικών Επαγγελμάτων και κατά προτεραιότητα ειδικότητας Ζαχαροπλαστικής Τέχνης ή/και Τεχνίτης Αρτοποιίας - Ζαχαροπλαστικής ή/και ΙΕΚ της Ομάδας Προσανατολισμού «Επαγγελμάτων Τουριστικών Επιχειρήσεων και Επιχειρήσεων Φιλοξενίας» και κατά προτεραιότητα ειδικότητας Τεχνικός Αρτοποιίας – Ζαχαροπλαστικής ελλείψει αυτών, Πτυχίο ΣΤΕ/ΤΕΕ/ΕΠΑΣ Τουριστικών Επαγγελμάτων και κατά προτεραιότητα ειδικότητας Μαγειρικής Τέχνης ή/και ΙΕΚ της Ομάδας Προσανατολισμού «Επαγγελμάτων Τουριστικών Επιχειρήσεων και Επιχειρήσεων Φιλοξενίας» και κατά προτεραιότητα Τεχνικός Μαγειρικής Τέχνης (Αρχιμάγειρας) | F53: 1+4=5 | G53: ZAXAROPLASTES108 | H53: 11 | K53: ΤΕΧΝΙΚΟΣ ΑΡΤΟΠΟΙΙΑΣ - ΖΑΧΑΡΟΠΛΑΣΤΙΚΗΣ | L53: 4ο | M53: ΑΡΤΟΠΟΙΗΤΙΚΗ ΤΕΧΝΗ ΙΙ | O53: Επίπεδο σπουδών εκπαιδευτή/τριας κατά το Εθνικό Πλαίσιο Προσόντων: Πτυχίο ΣΤΕ/ΤΕΕ/ΕΠΑΣ Τουριστικών Επαγγελμάτων και κατά προτεραιότητα ειδικότητας Ζαχαροπλαστικής Τέχνης ή/και Τεχνίτης Αρτοποιίας - Ζαχαροπλαστικής ή/και Aρτοποιός-Aρτοτεχνίτης ή/και ΙΕΚ της Ομάδας Προσανατολισμού «Επαγγελμάτων Τουριστικών Επιχειρήσεων και Επιχειρήσεων Φιλοξενίας» και κατά προτεραιότητα ειδικότητας Τεχνικός Αρτοποιίας – Ζαχαροπλαστικής, ελλείψει αυτών, Πτυχίο ΣΤΕ/ΤΕΕ/ΕΠΑΣ Τουριστικών Επαγγελμάτων και κατά προτεραιότητα ειδικότητας Μαγειρικής Τέχνης ή/και ΙΕΚ της Ομάδας Προσανατολισμού «Επαγγελμάτων Τουριστικών Επιχειρήσεων και Επιχειρήσεων Φιλοξενίας» και κατά προτεραιότητα Τεχνικός Μαγειρικής Τέχνης (Αρχιμάγειρας) | P53: 5 | Q53: ZAXAROPLASTES121
A54: ΤΕΧΝΙΚΟΣ ΑΡΤΟΠΟΙΙΑΣ - ΖΑΧΑΡΟΠΛΑΣΤΙΚΗΣ | B54: 3ο | C54: ΔΙΑΧΕΙΡΙΣΗ ΠΡΩΤΩΝ ΥΛΩΝ ΙΙ (F&B MANAGEMENT ΙΙ) - ΚΟΣΤΟΛΟΓΗΣΗ ΠΑΡΑΣΚΕΥΑΣΜΑΤΩΝ | D54: ΧΑΝΙΩΤΑΚΗΣ ΧΑΡΑΛΑΜΠΟΣ | E54: Επίπεδο σπουδών εκπαιδευτή/τριας κατά το Εθνικό Πλαίσιο Προσόντων: Πτυχίο Διοίκησης Τουριστικών Επιχειρήσεων ΑΕΙ/ΤΕΙ, ελλείψει αυτού, Πτυχίο Διοίκησης Επιχειρήσεων ή/και Πτυχίο Σπουδών Οικονομίας και Διοίκησης, ελλείψει αυτών, Πτυχίο ΣΤΕ/ΤΕΕ/ΕΠΑΣ Τουριστικών Επαγγελμάτων ή ΙΕΚ της Ομάδας Προσανατολισμού «Επαγγελμάτων Τουριστικών Επιχειρήσεων και Επιχειρήσεων Φιλοξενίας» και κατά προτεραιότητα ειδικότητας Ξενοδοχειακή Τέχνη ή/και Τεχνικός Τουριστικών μονάδων και Επιχειρήσεων φιλοξενίας (Υπηρεσία υποδοχής − Υπηρεσία ορόφων − Εμπορευματογνωσία) | F54: 2 | G54: ZAXAROPLASTES109 | H54: 5 | K54: ΤΕΧΝΙΚΟΣ ΑΡΤΟΠΟΙΙΑΣ - ΖΑΧΑΡΟΠΛΑΣΤΙΚΗΣ | L54: 4ο | M54: ΒΙΩΣΙΜΗ ΑΝΑΠΤΥΞΗ ΣΤΟΝ ΤΟΥΡΙΣΜΟ | O54: Επίπεδο σπουδών εκπαιδευτή/τριας κατά το Εθνικό Πλαίσιο Προσόντων: Πτυχίο Διοίκησης Τουριστικών Επιχειρήσεων ΑΕΙ/ΤΕΙ, ελλείψει αυτού, Πτυχίο Περιβάλλοντος ΑΕΙ/ΤΕΙ ή/και Διαχείριση Αγροτικού Περιβάλλοντος και Φυσικών πόρων με κατεύθυνση ή μεταπτυχιακό τίτλο στον Τουρισμό ή τις Νέες Τεχνολογίες ή/και Πτυχίο Οικιακής Οικονομίας ή/και Πτυχίο Οικονομίας και Βιώσιμης Ανάπτυξης, ελλείψει αυτών, Πτυχίο Τεχνολογίας Τροφίμων ΑΕΙ/ΤΕΙ ή/και Πτυχίο Χημείας ΑΕΙ ή/και Πτυχίο Γεωπονίας με κατεύθυνση στα τρόφιμα ΑΕΙ/ΤΕΙ με κατεύθυνση ή μεταπτυχιακό τίτλο στον Τουρισμό | P54: 2 | Q54: ZAXAROPLASTES122
A55: ΤΕΧΝΙΚΟΣ ΑΡΤΟΠΟΙΙΑΣ - ΖΑΧΑΡΟΠΛΑΣΤΙΚΗΣ | B55: 3ο | C55: ΑΡΤΟΠΟΙΗΤΙΚΗ ΤΕΧΝΗ Ι | D55: ΒΟΓΙΑΤΖΗΣ ΔΙΟΝΥΣΗΣ | E55: Επίπεδο σπουδών εκπαιδευτή/τριας κατά το Εθνικό Πλαίσιο Προσόντων: Πτυχίο ΣΤΕ/ΤΕΕ/ΕΠΑΣ Τουριστικών Επαγγελμάτων και κατά προτεραιότητα ειδικότητας Ζαχαροπλαστικής Τέχνης ή/και Τεχνίτης Αρτοποιίας - Ζαχαροπλαστικής ή/και Aρτοποιός-Aρτοτεχνίτης ή/και ΙΕΚ της Ομάδας Προσανατολισμού «Επαγγελμάτων Τουριστικών Επιχειρήσεων και Επιχειρήσεων Φιλοξενίας» και κατά προτεραιότητα ειδικότητας Τεχνικός Αρτοποιίας – Ζαχαροπλαστικής, ελλείψει αυτών, Πτυχίο ΣΤΕ/ΤΕΕ/ΕΠΑΣ Τουριστικών Επαγγελμάτων και κατά προτεραιότητα ειδικότητας Μαγειρικής Τέχνης ή/και ΙΕΚ της Ομάδας Προσανατολισμού «Επαγγελμάτων Τουριστικών Επιχειρήσεων και Επιχειρήσεων Φιλοξενίας» και κατά προτεραιότητα Τεχνικός Μαγειρικής Τέχνης (Αρχιμάγειρας) | F55: 1+4=5 | G55: ZAXAROPLASTES110 | H55: 11 | K55: ΤΕΧΝΙΚΟΣ ΑΡΤΟΠΟΙΙΑΣ - ΖΑΧΑΡΟΠΛΑΣΤΙΚΗΣ | L55: 4ο | M55: ΠΡΑΚΤΙΚΗ ΕΦΑΡΜΟΓΗ ΣΤΗΝ ΕΙΔΙΚΟΤΗΤΑ | O55: Επίπεδο σπουδών εκπαιδευτή/τριας κατά το Εθνικό Πλαίσιο Προσόντων: Πτυχίο ΣΤΕ/ΤΕΕ/ΕΠΑΣ Τουριστικών Επαγγελμάτων και κατά προτεραιότητα ειδικότητας Ζαχαροπλαστικής Τέχνης ή/και Τεχνίτης Αρτοποιίας - Ζαχαροπλαστικής ή/και ΙΕΚ της Ομάδας Προσανατολισμού «Επαγγελμάτων Τουριστικών Επιχειρήσεων και Επιχειρήσεων Φιλοξενίας» και κατά προτεραιότητα ειδικότητας Τεχνικός Αρτοποιίας – Ζαχαροπλαστικής, ελλείψει αυτών, Πτυχίο Διοίκησης Τουριστικών Επιχειρήσεων ΑΕΙ/ΤΕΙ, ελλείψει αυτού, Πτυχίο ΣΤΕ/ΤΕΕ/ΕΠΑΣ Τουριστικών Επαγγελμάτων και κατά προτεραιότητα ειδικότητας Μαγειρικής Τέχνης ή/και ΙΕΚ της Ομάδας Προσανατολισμού «Επαγγελμάτων Τουριστικών Επιχειρήσεων και Επιχειρήσεων Φιλοξενίας» και κατά προτεραιότητα Τεχνικός Μαγειρικής Τέχνης (Αρχιμάγειρας) | P55: 6 | Q55: ZAXAROPLASTES123
